date_unix,date_GMT,Country,League,Home Team,Away Team,Home Team Points Per Game (Pre-Match),Away Team Points Per Game (Pre-Match),Home Team Points Per Game (Current),Away Team Points Per Game (Current),Average Goals,BTTS Average,Over05 Average,Over15 Average,Over25 Average,Over35 Average,Over45 Average,Over05 FHG HT Average,Over15 FHG HT Average,Over05 2HG Average,Over15 2HG Average,Average Corners,Average Cards,Average Over 8.5 Corners,Average Over 9.5 Corners,Average Over 10.5 Corners,Match Status,Result - Home Team Goals,Result - Away Team Goals,Home Team Corners,Away Team Corners,Home Team Offsides,Away Team Offsides,Home Team Yellow Cards,Away Team Yellow Cards,Home Team Red Cards,Away Team Red Cards,Home Team Shots,Away Team Shots,Home Team Shots On Target,Away Team Shots On Target,Home Team Shots Off Target,Away Team Shots Off Target,Home Team Possession,Away Team Possession,Odds_Home_Win,Odds_Draw,Odds_Away_Win,Odds_Over15,Odds_Over25,Odds_Over35,Odds_Over45,Odds_BTTS_Yes,Odds_BTTS_No,Home Team Pre-Match xG,Away Team Pre-Match xG,Home Team xG,Away Team xG,Odds_Under05,Odds_Under15,Odds_Under25,Odds_Under35,Odds_Under45,Odds_DoubleChance_1x,Odds_DoubleChance_12,Odds_DoubleChance_x2,Odds_DrawNoBet_1,Odds_DrawNoBet_2,Odds_Corners_Over75,Odds_Corners_Over85,Odds_Corners_Over95,Odds_Corners_Over105,Odds_Corners_Over115,Odds_Corners_Under75,Odds_Corners_Under85,Odds_Corners_Under95,Odds_Corners_Under105,Odds_Corners_Under115,Under05 Average,Under15 Average,Under25 Average,Under35 Average,Under45 Average,Odds_1st_Half_Over05,Odds_1st_Half_Over15,Odds_1st_Half_Over25,Odds_1st_Half_Under05,Odds_1st_Half_Under15,Odds_1st_Half_Under25,Odds_2nd_Half_Over05,Odds_2nd_Half_Over15,Odds_2nd_Half_Over25,Odds_2nd_Half_Under05,Odds_2nd_Half_Under15,Odds_2nd_Half_Under25,Odds_1st_Half_BTTS_Yes,Odds_1st_Half_BTTS_No,Odds_2nd_Half_BTTS_Yes,Odds_2nd_Half_BTTS_No,1H BTTS Average,Odds_Home_Team_Had_More_Corners,Odds_Both_Teams_Same_Corners,Odds_Away_Team_Had_More_Corners,Home Team Overall Points Per Game (Pre-Match),Away Team Overall Points Per Game (Pre-Match),Game Week,Match FootyStats URL
1700103900,Nov 16 2023 - 3:05am,Mexico,Ascenso MX,Cimarrones de Sonora,Atlante,1.57,1.79,1.67,1.67,2.65,50,90,68,50,25,18,72,39,72,43,11.92,5.14,81,62,62,complete,2,0,1,4,-1,-1,4,2,0,0,9,9,5,3,4,6,50,50,2.25,3.10,2.88,1.33,2.20,3.75,7.50,1.83,1.85,1.25,0.85,1.22,1.18,9.00,3.10,1.65,1.25,1.09,1.33,1.25,1.50,N/A,N/A,1.24,1.45,1.79,2.30,3.08,3.48,2.48,1.87,1.52,1.30,11,32,50,75,82,1.43,3.00,7.50,2.60,1.34,1.07,1.30,2.24,4.75,3.40,1.59,1.15,N/A,N/A,N/A,N/A,25,1.98,8.50,2.02,1.57,1.79,0,/mexico/club-atlante-vs-cimarrones-de-sonora-fc-h2h-stats#7254998
1700103960,Nov 16 2023 - 3:06am,Esports,Esoccer Battle,Argentina (MeLToSik) Esports,Portugal (Boulevard) Esports,1.33,1.00,1.00,1.50,3.67,100,100,100,67,50,33,100,100,33,0,2.00,0.00,0,0,0,complete,2,3,0,4,-1,-1,-1,-1,-1,-1,-1,-1,-1,-1,-1,-1,-1,-1,N/A,N/A,N/A,N/A,N/A,N/A,N/A,N/A,N/A,0.00,0.00,0.00,0.00,N/A,N/A,N/A,N/A,N/A,N/A,N/A,N/A,N/A,N/A,N/A,N/A,N/A,N/A,N/A,N/A,N/A,N/A,N/A,N/A,0,0,33,50,67,N/A,N/A,N/A,N/A,N/A,N/A,N/A,N/A,N/A,N/A,N/A,N/A,N/A,N/A,N/A,N/A,100,N/A,N/A,N/A,1.17,1.57,0,/esports/portugal-boulevard-esports-vs-argentina-meltosik-esports-h2h-stats#7264965
1700103960,Nov 16 2023 - 3:06am,Esports,Esoccer Battle,Germany (Kray) Esports,France (Inquisitor) Esports,1.33,2.00,1.00,2.25,4.00,100,100,100,100,67,33,100,100,33,0,4.00,0.00,0,0,0,complete,0,1,3,3,-1,-1,-1,-1,-1,-1,-1,-1,-1,-1,-1,-1,-1,-1,3.00,3.40,2.05,N/A,N/A,N/A,N/A,N/A,N/A,0.00,0.00,0.00,0.00,N/A,N/A,N/A,N/A,N/A,N/A,N/A,N/A,N/A,N/A,N/A,N/A,N/A,N/A,N/A,N/A,N/A,N/A,N/A,N/A,0,0,0,34,67,N/A,N/A,N/A,N/A,N/A,N/A,N/A,N/A,N/A,N/A,N/A,N/A,N/A,N/A,N/A,N/A,100,N/A,N/A,N/A,1.00,2.17,0,/esports/france-inquisitor-esports-vs-germany-kray-esports-h2h-stats#7264966
1700104320,Nov 16 2023 - 3:12am,Esports,Esoccer Battle,Wolfsburg (apenko_17) Esports,Bayer 04 (Petruchio) Esports,1.50,0.50,1.75,0.25,3.75,100,100,100,75,50,50,100,75,25,0,1.50,1.00,0,0,0,complete,1,0,3,2,-1,-1,-1,-1,-1,-1,-1,-1,-1,-1,-1,-1,-1,-1,N/A,N/A,N/A,N/A,N/A,N/A,N/A,N/A,N/A,0.00,0.00,0.00,0.00,N/A,N/A,N/A,N/A,N/A,N/A,N/A,N/A,N/A,N/A,N/A,N/A,N/A,N/A,N/A,N/A,N/A,N/A,N/A,N/A,0,0,25,50,50,N/A,N/A,N/A,N/A,N/A,N/A,N/A,N/A,N/A,N/A,N/A,N/A,N/A,N/A,N/A,N/A,75,N/A,N/A,N/A,1.50,1.40,0,/esports/bayer-04-petruchio-esports-vs-wolfsburg-apenko_17-esports-h2h-stats#7264975
1700104320,Nov 16 2023 - 3:12am,Esports,Esoccer Battle,Eintracht (Galikooo) Esports,Dortmund (palkan) Esports,1.50,1.50,1.75,1.00,4.25,100,100,100,100,50,50,75,75,25,0,4.00,1.00,0,0,0,complete,3,3,2,0,-1,-1,2,0,1,0,-1,-1,-1,-1,-1,-1,-1,-1,N/A,N/A,N/A,N/A,N/A,N/A,N/A,N/A,N/A,0.00,0.00,0.00,0.00,N/A,N/A,N/A,N/A,N/A,N/A,N/A,N/A,N/A,N/A,N/A,N/A,N/A,N/A,N/A,N/A,N/A,N/A,N/A,N/A,0,0,0,50,50,N/A,N/A,N/A,N/A,N/A,N/A,N/A,N/A,N/A,N/A,N/A,N/A,N/A,N/A,N/A,N/A,100,N/A,N/A,N/A,0.80,1.00,0,/esports/dortmund-palkan-esports-vs-eintracht-galikooo-esports-h2h-stats#7264976
1700104680,Nov 16 2023 - 3:18am,Esports,Esoccer Battle,France (Inquisitor) Esports,Argentina (MeLToSik) Esports,2.33,1.00,2.50,0.75,2.67,67,100,84,50,17,17,100,84,0,0,2.00,2.00,0,0,0,complete,2,0,1,1,-1,-1,-1,-1,-1,-1,-1,-1,-1,-1,-1,-1,-1,-1,N/A,N/A,N/A,N/A,N/A,N/A,N/A,N/A,N/A,0.00,0.00,0.00,0.00,N/A,N/A,N/A,N/A,N/A,N/A,N/A,N/A,N/A,N/A,N/A,N/A,N/A,N/A,N/A,N/A,N/A,N/A,N/A,N/A,0,17,50,84,84,N/A,N/A,N/A,N/A,N/A,N/A,N/A,N/A,N/A,N/A,N/A,N/A,N/A,N/A,N/A,N/A,67,N/A,N/A,N/A,2.29,1.00,0,/esports/france-inquisitor-esports-vs-argentina-meltosik-esports-h2h-stats#7264984
1700104680,Nov 16 2023 - 3:18am,Esports,Esoccer Battle,England (LaikingDast) Esports,Germany (Kray) Esports,0.33,0.67,0.25,1.25,3.00,84,100,100,50,17,17,100,100,0,0,5.00,0.00,0,0,0,complete,3,4,3,0,-1,-1,1,0,0,0,-1,-1,-1,-1,-1,-1,-1,-1,N/A,N/A,N/A,N/A,N/A,N/A,N/A,N/A,N/A,0.00,0.00,0.00,0.00,N/A,N/A,N/A,N/A,N/A,N/A,N/A,N/A,N/A,N/A,N/A,N/A,N/A,N/A,N/A,N/A,N/A,N/A,N/A,N/A,0,0,50,84,84,N/A,N/A,N/A,N/A,N/A,N/A,N/A,N/A,N/A,N/A,N/A,N/A,N/A,N/A,N/A,N/A,84,N/A,N/A,N/A,0.71,0.86,0,/esports/england-laikingdast-esports-vs-germany-kray-esports-h2h-stats#7264985
1700105040,Nov 16 2023 - 3:24am,Esports,Esoccer Battle,Dortmund (palkan) Esports,Wolfsburg (apenko_17) Esports,0.67,1.50,0.50,1.50,3.50,75,100,75,59,59,42,100,59,17,0,3.83,1.50,0,0,0,complete,1,2,2,1,-1,-1,-1,-1,-1,-1,-1,-1,-1,-1,-1,-1,-1,-1,N/A,N/A,N/A,N/A,N/A,N/A,N/A,N/A,N/A,0.00,0.00,0.00,0.00,N/A,N/A,N/A,N/A,N/A,N/A,N/A,N/A,N/A,N/A,N/A,N/A,N/A,N/A,N/A,N/A,N/A,N/A,N/A,N/A,0,25,42,42,59,N/A,N/A,N/A,N/A,N/A,N/A,N/A,N/A,N/A,N/A,N/A,N/A,N/A,N/A,N/A,N/A,59,N/A,N/A,N/A,1.00,1.80,0,/esports/wolfsburg-apenko_17-esports-vs-dortmund-palkan-esports-h2h-stats#7264982
1700105040,Nov 16 2023 - 3:24am,Esports,Esoccer Battle,RB Leipzig (Hanbas) Esports,Eintracht (Galikooo) Esports,1.50,0.33,2.25,0.25,3.42,59,100,59,59,59,42,75,34,0,0,3.67,1.00,0,0,0,complete,4,1,2,2,-1,-1,0,0,0,1,-1,-1,-1,-1,-1,-1,-1,-1,N/A,N/A,N/A,N/A,N/A,N/A,N/A,N/A,N/A,0.00,0.00,0.00,0.00,N/A,N/A,N/A,N/A,N/A,N/A,N/A,N/A,N/A,N/A,N/A,N/A,N/A,N/A,N/A,N/A,N/A,N/A,N/A,N/A,0,42,42,42,59,N/A,N/A,N/A,N/A,N/A,N/A,N/A,N/A,N/A,N/A,N/A,N/A,N/A,N/A,N/A,N/A,34,N/A,N/A,N/A,2.40,0.83,0,/esports/eintracht-galikooo-esports-vs-rb-leipzig-hanbas-esports-h2h-stats#7264983
1700105760,Nov 16 2023 - 3:36am,Esports,Esoccer Battle,Bayer 04 (Petruchio) Esports,Dortmund (palkan) Esports,2.00,1.33,2.25,1.00,3.84,67,100,84,67,50,50,84,67,0,0,1.34,0.00,0,0,0,complete,3,2,0,1,-1,-1,-1,-1,-1,-1,-1,-1,-1,-1,-1,-1,-1,-1,3.40,3.40,1.91,N/A,N/A,N/A,N/A,N/A,N/A,0.00,0.00,0.00,0.00,N/A,N/A,N/A,N/A,N/A,N/A,N/A,N/A,N/A,N/A,N/A,N/A,N/A,N/A,N/A,N/A,N/A,N/A,N/A,N/A,0,17,34,50,50,N/A,N/A,N/A,N/A,N/A,N/A,N/A,N/A,N/A,N/A,N/A,N/A,N/A,N/A,N/A,N/A,67,N/A,N/A,N/A,1.17,0.86,0,/esports/bayer-04-petruchio-esports-vs-dortmund-palkan-esports-h2h-stats#7264973
1700105760,Nov 16 2023 - 3:36am,Esports,Esoccer Battle,Wolfsburg (apenko_17) Esports,RB Leipzig (Hanbas) Esports,2.00,3.00,1.75,2.50,3.34,67,100,84,67,33,33,100,84,17,0,3.00,0.00,0,0,0,complete,2,2,2,1,-1,-1,1,0,0,0,-1,-1,-1,-1,-1,-1,-1,-1,3.00,2.60,2.50,N/A,N/A,N/A,N/A,N/A,N/A,0.00,0.00,0.00,0.00,N/A,N/A,N/A,N/A,N/A,N/A,N/A,N/A,N/A,N/A,N/A,N/A,N/A,N/A,N/A,N/A,N/A,N/A,N/A,N/A,0,17,33,67,67,N/A,N/A,N/A,N/A,N/A,N/A,N/A,N/A,N/A,N/A,N/A,N/A,N/A,N/A,N/A,N/A,67,N/A,N/A,N/A,2.00,2.50,0,/esports/wolfsburg-apenko_17-esports-vs-rb-leipzig-hanbas-esports-h2h-stats#7264974
1700106000,Nov 16 2023 - 3:40am,Esports,Esoccer Battle,Tottenham (Inquisitor) Esports,Man Utd (Boulevard) Esports,0.00,0.00,2.00,2.00,0.00,0,0,0,0,0,0,0,0,0,0,0.00,0.00,0,0,0,complete,3,3,1,1,-1,-1,-1,-1,-1,-1,-1,-1,-1,-1,-1,-1,-1,-1,N/A,N/A,N/A,N/A,N/A,N/A,N/A,N/A,N/A,0.00,0.00,0.00,0.00,N/A,N/A,N/A,N/A,N/A,N/A,N/A,N/A,N/A,N/A,N/A,N/A,N/A,N/A,N/A,N/A,N/A,N/A,N/A,N/A,0,0,0,0,0,N/A,N/A,N/A,N/A,N/A,N/A,N/A,N/A,N/A,N/A,N/A,N/A,N/A,N/A,N/A,N/A,0,N/A,N/A,N/A,0.00,0.00,0,/esports/tottenham-inquisitor-esports-vs-man-utd-boulevard-esports-h2h-stats#7264971
1700106000,Nov 16 2023 - 3:40am,Esports,Esoccer Battle,Liverpool (LaikingDast) Esports,Arsenal (MeLToSiK) Esports,0.00,0.00,1.00,0.50,0.00,0,0,0,0,0,0,0,0,0,0,0.00,0.00,0,0,0,complete,3,0,0,0,-1,-1,-1,-1,-1,-1,-1,-1,-1,-1,-1,-1,-1,-1,2.75,2.70,2.63,N/A,1.70,N/A,N/A,N/A,N/A,0.00,0.00,0.00,0.00,N/A,N/A,2.00,N/A,N/A,N/A,N/A,N/A,N/A,N/A,N/A,N/A,N/A,N/A,N/A,N/A,N/A,N/A,N/A,N/A,0,0,0,0,0,N/A,N/A,N/A,N/A,N/A,N/A,N/A,N/A,N/A,N/A,N/A,N/A,N/A,N/A,N/A,N/A,0,N/A,N/A,N/A,0.00,0.00,0,/esports/liverpool-laikingdast-esports-vs-arsenal-meltosik-esports-h2h-stats#7264972
1700106480,Nov 16 2023 - 3:48am,Esports,Esoccer Battle,RB Leipzig (Hanbas) Esports,Bayer 04 (Petruchio) Esports,2.00,0.33,2.25,0.25,3.34,67,100,67,50,50,50,67,17,17,0,2.00,1.00,0,0,0,complete,2,1,1,2,-1,-1,0,3,0,0,-1,-1,-1,-1,-1,-1,-1,-1,N/A,N/A,N/A,N/A,N/A,N/A,N/A,N/A,N/A,0.00,0.00,0.00,0.00,N/A,N/A,N/A,N/A,N/A,N/A,N/A,N/A,N/A,N/A,N/A,N/A,N/A,N/A,N/A,N/A,N/A,N/A,N/A,N/A,0,33,50,50,50,N/A,N/A,N/A,N/A,N/A,N/A,N/A,N/A,N/A,N/A,N/A,N/A,N/A,N/A,N/A,N/A,17,N/A,N/A,N/A,2.29,1.43,0,/esports/bayer-04-petruchio-esports-vs-rb-leipzig-hanbas-esports-h2h-stats#7264987
1700106480,Nov 16 2023 - 3:48am,Esports,Esoccer Battle,Eintracht (Galikooo) Esports,Wolfsburg (apenko_17) Esports,1.33,2.00,1.75,1.50,3.84,84,100,84,84,50,50,100,84,17,0,4.67,3.00,0,0,0,complete,4,2,2,4,-1,-1,-1,-1,-1,-1,-1,-1,-1,-1,-1,-1,-1,-1,N/A,N/A,N/A,N/A,N/A,N/A,N/A,N/A,N/A,0.00,0.00,0.00,0.00,N/A,N/A,N/A,N/A,N/A,N/A,N/A,N/A,N/A,N/A,N/A,N/A,N/A,N/A,N/A,N/A,N/A,N/A,N/A,N/A,0,17,17,50,50,N/A,N/A,N/A,N/A,N/A,N/A,N/A,N/A,N/A,N/A,N/A,N/A,N/A,N/A,N/A,N/A,84,N/A,N/A,N/A,0.71,1.86,0,/esports/wolfsburg-apenko_17-esports-vs-eintracht-galikooo-esports-h2h-stats#7264988
1700106720,Nov 16 2023 - 3:52am,Esports,Esoccer Battle,Arsenal (MeLToSiK) Esports,Man City (Kray) Esports,0.00,0.00,1.50,1.00,0.00,0,0,0,0,0,0,0,0,0,0,0.00,0.00,0,0,0,complete,2,1,3,1,-1,-1,-1,-1,-1,-1,-1,-1,-1,-1,-1,-1,-1,-1,N/A,N/A,N/A,N/A,N/A,N/A,N/A,N/A,N/A,0.00,0.00,0.00,0.00,N/A,N/A,N/A,N/A,N/A,N/A,N/A,N/A,N/A,N/A,N/A,N/A,N/A,N/A,N/A,N/A,N/A,N/A,N/A,N/A,0,0,0,0,0,N/A,N/A,N/A,N/A,N/A,N/A,N/A,N/A,N/A,N/A,N/A,N/A,N/A,N/A,N/A,N/A,0,N/A,N/A,N/A,0.00,0.00,0,/esports/arsenal-meltosik-esports-vs-man-city-kray-esports-h2h-stats#7264995
1700106720,Nov 16 2023 - 3:52am,Esports,Esoccer Battle,Man Utd (Boulevard) Esports,Liverpool (LaikingDast) Esports,0.00,0.00,1.75,1.00,0.00,0,0,0,0,0,0,0,0,0,0,0.00,0.00,0,0,0,complete,2,1,6,2,-1,-1,-1,-1,-1,-1,-1,-1,-1,-1,-1,-1,-1,-1,N/A,N/A,N/A,N/A,N/A,N/A,N/A,N/A,N/A,0.00,0.00,0.00,0.00,N/A,N/A,N/A,N/A,N/A,N/A,N/A,N/A,N/A,N/A,N/A,N/A,N/A,N/A,N/A,N/A,N/A,N/A,N/A,N/A,0,0,0,0,0,N/A,N/A,N/A,N/A,N/A,N/A,N/A,N/A,N/A,N/A,N/A,N/A,N/A,N/A,N/A,N/A,0,N/A,N/A,N/A,1.00,3.00,0,/esports/man-utd-boulevard-esports-vs-liverpool-laikingdast-esports-h2h-stats#7264996
1700107440,Nov 16 2023 - 4:04am,Esports,Esoccer Battle,Liverpool (LaikingDast) Esports,Tottenham (Inquisitor) Esports,3.00,0.00,1.00,1.00,1.50,0,50,50,50,0,0,50,50,0,0,0.00,0.00,0,0,0,complete,1,2,5,1,-1,-1,-1,-1,-1,-1,-1,-1,-1,-1,-1,-1,-1,-1,N/A,N/A,N/A,N/A,N/A,N/A,N/A,N/A,N/A,0.00,0.00,0.00,0.00,N/A,N/A,N/A,N/A,N/A,N/A,N/A,N/A,N/A,N/A,N/A,N/A,N/A,N/A,N/A,N/A,N/A,N/A,N/A,N/A,0,0,0,50,50,N/A,N/A,N/A,N/A,N/A,N/A,N/A,N/A,N/A,N/A,N/A,N/A,N/A,N/A,N/A,N/A,0,N/A,N/A,N/A,1.50,1.00,0,/esports/tottenham-inquisitor-esports-vs-liverpool-laikingdast-esports-h2h-stats#7264980
1700107440,Nov 16 2023 - 4:04am,Esports,Esoccer Battle,Man City (Kray) Esports,Man Utd (Boulevard) Esports,0.00,1.00,1.50,2.00,3.00,50,50,50,50,50,50,50,50,0,0,1.00,0.00,0,0,0,complete,2,2,1,2,-1,-1,-1,-1,-1,-1,-1,-1,-1,-1,-1,-1,-1,-1,N/A,N/A,N/A,N/A,N/A,N/A,N/A,N/A,N/A,0.00,0.00,0.00,0.00,N/A,N/A,N/A,N/A,N/A,N/A,N/A,N/A,N/A,N/A,N/A,N/A,N/A,N/A,N/A,N/A,N/A,N/A,N/A,N/A,0,0,0,0,0,N/A,N/A,N/A,N/A,N/A,N/A,N/A,N/A,N/A,N/A,N/A,N/A,N/A,N/A,N/A,N/A,50,N/A,N/A,N/A,0.00,2.00,0,/esports/man-utd-boulevard-esports-vs-man-city-kray-esports-h2h-stats#7264981
1700107800,Nov 16 2023 - 4:10am,Esports,Esoccer Battle,Bayern (Hanbas) Esports,Barcelona (palkan) Esports,0.00,0.00,2.00,0.25,0.00,0,0,0,0,0,0,0,0,0,0,0.00,0.00,0,0,0,complete,6,1,0,0,-1,-1,-1,-1,-1,-1,-1,-1,-1,-1,-1,-1,-1,-1,1.70,4.50,3.30,N/A,1.73,N/A,N/A,N/A,N/A,0.00,0.00,0.00,0.00,N/A,N/A,1.98,N/A,N/A,N/A,N/A,N/A,N/A,N/A,N/A,N/A,N/A,N/A,N/A,N/A,N/A,N/A,N/A,N/A,0,0,0,0,0,N/A,N/A,N/A,N/A,N/A,N/A,N/A,N/A,N/A,N/A,N/A,N/A,N/A,N/A,N/A,N/A,0,N/A,N/A,N/A,0.00,0.00,0,/esports/bayern-hanbas-esports-vs-barcelona-palkan-esports-h2h-stats#7264977
1700107800,Nov 16 2023 - 4:10am,Esports,Esoccer Battle,PSG (Galikooo) Esports,Man City (Petruchio) Esports,0.00,0.00,1.50,1.25,0.00,0,0,0,0,0,0,0,0,0,0,0.00,0.00,0,0,0,complete,1,2,4,1,-1,-1,1,0,0,0,-1,-1,-1,-1,-1,-1,-1,-1,1.83,4.50,2.88,N/A,N/A,N/A,N/A,N/A,N/A,0.00,0.00,0.00,0.00,N/A,N/A,N/A,N/A,N/A,N/A,N/A,N/A,N/A,N/A,N/A,N/A,N/A,N/A,N/A,N/A,N/A,N/A,N/A,N/A,0,0,0,0,0,N/A,N/A,N/A,N/A,N/A,N/A,N/A,N/A,N/A,N/A,N/A,N/A,N/A,N/A,N/A,N/A,0,N/A,N/A,N/A,0.00,0.00,0,/esports/psg-galikooo-esports-vs-man-city-petruchio-esports-h2h-stats#7264978
1700108160,Nov 16 2023 - 4:16am,Esports,Esoccer Battle,Man Utd (Boulevard) Esports,Arsenal (MeLToSiK) Esports,3.00,0.00,1.75,0.50,3.00,50,100,100,100,0,0,100,100,0,0,6.00,0.00,0,0,0,complete,1,0,4,1,-1,-1,-1,-1,-1,-1,-1,-1,-1,-1,-1,-1,-1,-1,3.25,2.90,2.15,N/A,N/A,N/A,N/A,N/A,N/A,0.00,0.00,0.00,0.00,N/A,N/A,N/A,N/A,N/A,N/A,N/A,N/A,N/A,N/A,N/A,N/A,N/A,N/A,N/A,N/A,N/A,N/A,N/A,N/A,0,0,0,100,100,N/A,N/A,N/A,N/A,N/A,N/A,N/A,N/A,N/A,N/A,N/A,N/A,N/A,N/A,N/A,N/A,50,N/A,N/A,N/A,1.67,1.50,0,/esports/man-utd-boulevard-esports-vs-arsenal-meltosik-esports-h2h-stats#7264979
1700108160,Nov 16 2023 - 4:16am,Esports,Esoccer Battle,Tottenham (Inquisitor) Esports,Man City (Kray) Esports,1.00,0.00,2.00,1.00,4.50,100,100,100,100,50,50,50,50,0,0,2.00,0.00,0,0,0,complete,3,2,5,0,-1,-1,-1,-1,-1,-1,-1,-1,-1,-1,-1,-1,-1,-1,2.25,3.30,2.70,N/A,N/A,N/A,N/A,N/A,N/A,0.00,0.00,0.00,0.00,N/A,N/A,N/A,N/A,N/A,N/A,N/A,N/A,N/A,N/A,N/A,N/A,N/A,N/A,N/A,N/A,N/A,N/A,N/A,N/A,0,0,0,50,50,N/A,N/A,N/A,N/A,N/A,N/A,N/A,N/A,N/A,N/A,N/A,N/A,N/A,N/A,N/A,N/A,50,N/A,N/A,N/A,2.00,0.50,0,/esports/tottenham-inquisitor-esports-vs-man-city-kray-esports-h2h-stats#7264986
1700108520,Nov 16 2023 - 4:22am,Esports,Esoccer Battle,Man City (Petruchio) Esports,Real Madrid (apenko_17) Esports,0.00,0.00,1.00,2.50,0.00,0,0,0,0,0,0,0,0,0,0,0.00,0.00,0,0,0,complete,1,3,1,2,-1,-1,-1,-1,-1,-1,-1,-1,-1,-1,-1,-1,-1,-1,N/A,N/A,N/A,N/A,N/A,N/A,N/A,N/A,N/A,0.00,0.00,0.00,0.00,N/A,N/A,N/A,N/A,N/A,N/A,N/A,N/A,N/A,N/A,N/A,N/A,N/A,N/A,N/A,N/A,N/A,N/A,N/A,N/A,0,0,0,0,0,N/A,N/A,N/A,N/A,N/A,N/A,N/A,N/A,N/A,N/A,N/A,N/A,N/A,N/A,N/A,N/A,0,N/A,N/A,N/A,3.00,0.00,0,/esports/man-city-petruchio-esports-vs-real-madrid-apenko_17-esports-h2h-stats#7264997
1700108520,Nov 16 2023 - 4:22am,Esports,Esoccer Battle,Barcelona (palkan) Esports,PSG (Galikooo) Esports,0.00,0.00,0.75,1.25,0.00,0,0,0,0,0,0,0,0,0,0,0.00,0.00,0,0,0,complete,1,1,3,2,-1,-1,-1,-1,-1,-1,-1,-1,-1,-1,-1,-1,-1,-1,N/A,N/A,N/A,N/A,N/A,N/A,N/A,N/A,N/A,0.00,0.00,0.00,0.00,N/A,N/A,N/A,N/A,N/A,N/A,N/A,N/A,N/A,N/A,N/A,N/A,N/A,N/A,N/A,N/A,N/A,N/A,N/A,N/A,0,0,0,0,0,N/A,N/A,N/A,N/A,N/A,N/A,N/A,N/A,N/A,N/A,N/A,N/A,N/A,N/A,N/A,N/A,0,N/A,N/A,N/A,0.00,0.00,0,/esports/barcelona-palkan-esports-vs-psg-galikooo-esports-h2h-stats#7264998
1700108880,Nov 16 2023 - 4:28am,Esports,Esoccer Battle,Man City (Kray) Esports,Liverpool (LaikingDast) Esports,1.00,0.00,1.50,1.00,3.50,100,100,100,100,50,0,100,100,0,0,3.00,0.00,0,0,0,complete,2,2,2,5,-1,-1,-1,-1,-1,-1,-1,-1,-1,-1,-1,-1,-1,-1,N/A,N/A,N/A,N/A,N/A,N/A,N/A,N/A,N/A,0.00,0.00,0.00,0.00,N/A,N/A,N/A,N/A,N/A,N/A,N/A,N/A,N/A,N/A,N/A,N/A,N/A,N/A,N/A,N/A,N/A,N/A,N/A,N/A,0,0,0,50,100,N/A,N/A,N/A,N/A,N/A,N/A,N/A,N/A,N/A,N/A,N/A,N/A,N/A,N/A,N/A,N/A,100,N/A,N/A,N/A,0.33,1.00,0,/esports/liverpool-laikingdast-esports-vs-man-city-kray-esports-h2h-stats#7264999
1700108880,Nov 16 2023 - 4:28am,Esports,Esoccer Battle,Arsenal (MeLToSiK) Esports,Tottenham (Inquisitor) Esports,3.00,3.00,1.50,1.00,3.00,100,100,100,100,0,0,50,50,50,0,4.00,0.00,0,0,0,complete,4,0,3,2,-1,-1,-1,-1,-1,-1,-1,-1,-1,-1,-1,-1,-1,-1,N/A,N/A,N/A,N/A,N/A,N/A,N/A,N/A,N/A,0.00,0.00,0.00,0.00,N/A,N/A,N/A,N/A,N/A,N/A,N/A,N/A,N/A,N/A,N/A,N/A,N/A,N/A,N/A,N/A,N/A,N/A,N/A,N/A,0,0,0,100,100,N/A,N/A,N/A,N/A,N/A,N/A,N/A,N/A,N/A,N/A,N/A,N/A,N/A,N/A,N/A,N/A,0,N/A,N/A,N/A,1.00,2.33,0,/esports/tottenham-inquisitor-esports-vs-arsenal-meltosik-esports-h2h-stats#7265000
1700109240,Nov 16 2023 - 4:34am,Esports,Esoccer Battle,PSG (Galikooo) Esports,Bayern (Hanbas) Esports,0.00,0.00,1.50,1.00,1.50,50,50,50,50,0,0,50,50,0,0,4.00,1.00,0,0,0,complete,3,0,0,1,-1,-1,-1,-1,-1,-1,-1,-1,-1,-1,-1,-1,-1,-1,N/A,N/A,N/A,N/A,N/A,N/A,N/A,N/A,N/A,0.00,0.00,0.00,0.00,N/A,N/A,N/A,N/A,N/A,N/A,N/A,N/A,N/A,N/A,N/A,N/A,N/A,N/A,N/A,N/A,N/A,N/A,N/A,N/A,0,0,0,50,50,N/A,N/A,N/A,N/A,N/A,N/A,N/A,N/A,N/A,N/A,N/A,N/A,N/A,N/A,N/A,N/A,50,N/A,N/A,N/A,0.50,3.00,0,/esports/bayern-hanbas-esports-vs-psg-galikooo-esports-h2h-stats#7264991
1700109240,Nov 16 2023 - 4:34am,Esports,Esoccer Battle,Real Madrid (apenko_17) Esports,Barcelona (palkan) Esports,0.00,0.00,1.75,0.25,3.50,50,50,50,50,50,50,50,50,0,0,0.00,0.00,0,0,0,complete,3,2,1,0,-1,-1,-1,-1,-1,-1,-1,-1,-1,-1,-1,-1,-1,-1,N/A,N/A,N/A,N/A,N/A,N/A,N/A,N/A,N/A,0.00,0.00,0.00,0.00,N/A,N/A,N/A,N/A,N/A,N/A,N/A,N/A,N/A,N/A,N/A,N/A,N/A,N/A,N/A,N/A,N/A,N/A,N/A,N/A,0,0,0,0,0,N/A,N/A,N/A,N/A,N/A,N/A,N/A,N/A,N/A,N/A,N/A,N/A,N/A,N/A,N/A,N/A,50,N/A,N/A,N/A,3.00,0.50,0,/esports/barcelona-palkan-esports-vs-real-madrid-apenko_17-esports-h2h-stats#7264992
1700109600,Nov 16 2023 - 4:40am,Esports,Esoccer Battle,Man Utd (Boulevard) Esports,Tottenham (Inquisitor) Esports,3.00,1.50,1.75,1.00,2.75,50,100,75,75,25,0,75,50,25,0,6.50,0.00,0,0,0,complete,0,0,1,1,-1,-1,-1,-1,-1,-1,-1,-1,-1,-1,-1,-1,-1,-1,N/A,N/A,N/A,N/A,N/A,N/A,N/A,N/A,N/A,0.00,0.00,0.00,0.00,N/A,N/A,N/A,N/A,N/A,N/A,N/A,N/A,N/A,N/A,N/A,N/A,N/A,N/A,N/A,N/A,N/A,N/A,N/A,N/A,0,25,25,75,100,N/A,N/A,N/A,N/A,N/A,N/A,N/A,N/A,N/A,N/A,N/A,N/A,N/A,N/A,N/A,N/A,25,N/A,N/A,N/A,2.00,1.75,0,/esports/tottenham-inquisitor-esports-vs-man-utd-boulevard-esports-h2h-stats#7264993
1700109600,Nov 16 2023 - 4:40am,Esports,Esoccer Battle,Arsenal (MeLToSiK) Esports,Liverpool (LaikingDast) Esports,3.00,0.50,1.50,1.00,3.50,75,100,100,100,50,0,50,50,0,0,6.50,0.00,0,0,0,complete,0,1,0,2,-1,-1,-1,-1,-1,-1,-1,-1,-1,-1,-1,-1,-1,-1,N/A,N/A,N/A,N/A,N/A,N/A,N/A,N/A,N/A,0.00,0.00,0.00,0.00,N/A,N/A,N/A,N/A,N/A,N/A,N/A,N/A,N/A,N/A,N/A,N/A,N/A,N/A,N/A,N/A,N/A,N/A,N/A,N/A,0,0,0,50,100,N/A,N/A,N/A,N/A,N/A,N/A,N/A,N/A,N/A,N/A,N/A,N/A,N/A,N/A,N/A,N/A,50,N/A,N/A,N/A,1.50,1.00,0,/esports/liverpool-laikingdast-esports-vs-arsenal-meltosik-esports-h2h-stats#7264994
1700109960,Nov 16 2023 - 4:46am,Esports,Esoccer Battle,Barcelona (palkan) Esports,Man City (Petruchio) Esports,1.00,3.00,0.75,1.25,2.50,100,100,100,50,0,0,100,100,0,0,4.00,0.00,0,0,0,complete,2,2,1,0,-1,-1,-1,-1,-1,-1,-1,-1,-1,-1,-1,-1,-1,-1,N/A,N/A,N/A,N/A,N/A,N/A,N/A,N/A,N/A,0.00,0.00,0.00,0.00,N/A,N/A,N/A,N/A,N/A,N/A,N/A,N/A,N/A,N/A,N/A,N/A,N/A,N/A,N/A,N/A,N/A,N/A,N/A,N/A,0,0,50,100,100,N/A,N/A,N/A,N/A,N/A,N/A,N/A,N/A,N/A,N/A,N/A,N/A,N/A,N/A,N/A,N/A,100,N/A,N/A,N/A,0.33,1.50,0,/esports/barcelona-palkan-esports-vs-man-city-petruchio-esports-h2h-stats#7264989
1700109960,Nov 16 2023 - 4:46am,Esports,Esoccer Battle,Bayern (Hanbas) Esports,Real Madrid (apenko_17) Esports,3.00,3.00,2.00,2.50,5.50,100,100,100,100,100,50,100,100,0,0,2.00,0.00,0,0,0,complete,0,0,1,2,-1,-1,-1,-1,-1,-1,-1,-1,-1,-1,-1,-1,-1,-1,N/A,N/A,N/A,N/A,N/A,N/A,N/A,N/A,N/A,0.00,0.00,0.00,0.00,N/A,N/A,N/A,N/A,N/A,N/A,N/A,N/A,N/A,N/A,N/A,N/A,N/A,N/A,N/A,N/A,N/A,N/A,N/A,N/A,0,0,0,0,50,N/A,N/A,N/A,N/A,N/A,N/A,N/A,N/A,N/A,N/A,N/A,N/A,N/A,N/A,N/A,N/A,100,N/A,N/A,N/A,1.50,3.00,0,/esports/bayern-hanbas-esports-vs-real-madrid-apenko_17-esports-h2h-stats#7264990
1700110320,Nov 16 2023 - 4:52am,Esports,Esoccer Battle,Man City (Kray) Esports,Arsenal (MeLToSiK) Esports,1.00,0.00,1.50,0.50,3.00,50,100,75,75,50,0,100,75,0,0,2.00,0.00,0,0,0,complete,0,0,1,1,-1,-1,-1,-1,-1,-1,-1,-1,-1,-1,-1,-1,-1,-1,N/A,N/A,N/A,N/A,N/A,N/A,N/A,N/A,N/A,0.00,0.00,0.00,0.00,N/A,N/A,N/A,N/A,N/A,N/A,N/A,N/A,N/A,N/A,N/A,N/A,N/A,N/A,N/A,N/A,N/A,N/A,N/A,N/A,0,25,25,50,100,N/A,N/A,N/A,N/A,N/A,N/A,N/A,N/A,N/A,N/A,N/A,N/A,N/A,N/A,N/A,N/A,50,N/A,N/A,N/A,0.50,1.20,0,/esports/arsenal-meltosik-esports-vs-man-city-kray-esports-h2h-stats#7265017
1700110320,Nov 16 2023 - 4:52am,Esports,Esoccer Battle,Liverpool (LaikingDast) Esports,Man Utd (Boulevard) Esports,1.50,1.00,1.00,2.00,4.00,75,100,100,100,50,25,100,100,25,0,4.00,0.00,0,0,0,complete,3,4,3,2,-1,-1,-1,-1,-1,-1,-1,-1,-1,-1,-1,-1,-1,-1,N/A,N/A,N/A,N/A,N/A,N/A,N/A,N/A,N/A,0.00,0.00,0.00,0.00,N/A,N/A,N/A,N/A,N/A,N/A,N/A,N/A,N/A,N/A,N/A,N/A,N/A,N/A,N/A,N/A,N/A,N/A,N/A,N/A,0,0,0,50,75,N/A,N/A,N/A,N/A,N/A,N/A,N/A,N/A,N/A,N/A,N/A,N/A,N/A,N/A,N/A,N/A,50,N/A,N/A,N/A,1.40,1.80,0,/esports/man-utd-boulevard-esports-vs-liverpool-laikingdast-esports-h2h-stats#7265018
1700110680,Nov 16 2023 - 4:58am,Esports,Esoccer Battle,Real Madrid (apenko_17) Esports,PSG (Galikooo) Esports,3.00,1.00,1.75,1.25,3.50,100,100,100,50,50,50,100,100,0,0,3.00,0.00,0,0,0,complete,2,0,0,4,-1,-1,1,0,0,0,-1,-1,-1,-1,-1,-1,-1,-1,N/A,N/A,N/A,N/A,N/A,N/A,N/A,N/A,N/A,0.00,0.00,0.00,0.00,N/A,N/A,N/A,N/A,N/A,N/A,N/A,N/A,N/A,N/A,N/A,N/A,N/A,N/A,N/A,N/A,N/A,N/A,N/A,N/A,0,0,50,50,50,N/A,N/A,N/A,N/A,N/A,N/A,N/A,N/A,N/A,N/A,N/A,N/A,N/A,N/A,N/A,N/A,100,N/A,N/A,N/A,2.33,1.33,0,/esports/psg-galikooo-esports-vs-real-madrid-apenko_17-esports-h2h-stats#7265015
1700110680,Nov 16 2023 - 4:58am,Esports,Esoccer Battle,Man City (Petruchio) Esports,Bayern (Hanbas) Esports,0.00,0.00,1.00,1.00,3.50,50,100,100,100,50,0,100,100,0,0,2.00,0.00,0,0,0,complete,2,0,2,2,-1,-1,-1,-1,-1,-1,-1,-1,-1,-1,-1,-1,-1,-1,N/A,N/A,N/A,N/A,N/A,N/A,N/A,N/A,N/A,0.00,0.00,0.00,0.00,N/A,N/A,N/A,N/A,N/A,N/A,N/A,N/A,N/A,N/A,N/A,N/A,N/A,N/A,N/A,N/A,N/A,N/A,N/A,N/A,0,0,0,50,100,N/A,N/A,N/A,N/A,N/A,N/A,N/A,N/A,N/A,N/A,N/A,N/A,N/A,N/A,N/A,N/A,50,N/A,N/A,N/A,1.33,1.33,0,/esports/bayern-hanbas-esports-vs-man-city-petruchio-esports-h2h-stats#7265016
1700111040,Nov 16 2023 - 5:04am,Esports,Esoccer Battle,Man Utd (Boulevard) Esports,Man City (Kray) Esports,2.33,0.00,1.75,1.00,2.67,67,84,67,67,25,25,59,42,25,0,4.17,0.00,0,0,0,complete,2,3,4,0,-1,-1,-1,-1,-1,-1,-1,-1,-1,-1,-1,-1,-1,-1,N/A,N/A,N/A,N/A,N/A,N/A,N/A,N/A,N/A,0.00,0.00,0.00,0.00,N/A,N/A,N/A,N/A,N/A,N/A,N/A,N/A,N/A,N/A,N/A,N/A,N/A,N/A,N/A,N/A,N/A,N/A,N/A,N/A,17,34,34,75,75,N/A,N/A,N/A,N/A,N/A,N/A,N/A,N/A,N/A,N/A,N/A,N/A,N/A,N/A,N/A,N/A,67,N/A,N/A,N/A,2.00,0.60,0,/esports/man-utd-boulevard-esports-vs-man-city-kray-esports-h2h-stats#7265005
1700111040,Nov 16 2023 - 5:04am,Esports,Esoccer Battle,Tottenham (Inquisitor) Esports,Liverpool (LaikingDast) Esports,2.00,1.33,2.00,1.00,4.09,84,100,84,84,67,50,100,84,25,0,6.00,0.00,0,0,0,complete,2,1,2,4,-1,-1,-1,-1,-1,-1,-1,-1,-1,-1,-1,-1,-1,-1,N/A,N/A,N/A,N/A,N/A,N/A,N/A,N/A,N/A,0.00,0.00,0.00,0.00,N/A,N/A,N/A,N/A,N/A,N/A,N/A,N/A,N/A,N/A,N/A,N/A,N/A,N/A,N/A,N/A,N/A,N/A,N/A,N/A,0,17,17,34,50,N/A,N/A,N/A,N/A,N/A,N/A,N/A,N/A,N/A,N/A,N/A,N/A,N/A,N/A,N/A,N/A,84,N/A,N/A,N/A,1.60,1.17,0,/esports/tottenham-inquisitor-esports-vs-liverpool-laikingdast-esports-h2h-stats#7265006
1700111400,Nov 16 2023 - 5:10am,Esports,Esoccer Battle,Barcelona (palkan) Esports,Bayern (Hanbas) Esports,1.00,0.00,0.75,1.00,2.75,50,100,100,50,25,0,100,100,0,0,3.50,0.00,0,0,0,complete,1,1,2,3,-1,-1,-1,-1,-1,-1,-1,-1,-1,-1,-1,-1,-1,-1,3.20,4.50,1.73,N/A,N/A,N/A,N/A,N/A,N/A,0.00,0.00,0.00,0.00,N/A,N/A,N/A,N/A,N/A,N/A,N/A,N/A,N/A,N/A,N/A,N/A,N/A,N/A,N/A,N/A,N/A,N/A,N/A,N/A,0,0,50,75,100,N/A,N/A,N/A,N/A,N/A,N/A,N/A,N/A,N/A,N/A,N/A,N/A,N/A,N/A,N/A,N/A,50,N/A,N/A,N/A,0.50,1.00,0,/esports/bayern-hanbas-esports-vs-barcelona-palkan-esports-h2h-stats#7265002
1700111400,Nov 16 2023 - 5:10am,Esports,Esoccer Battle,Man City (Petruchio) Esports,PSG (Galikooo) Esports,1.50,0.50,1.00,1.25,2.50,50,100,100,25,25,0,100,100,0,0,4.50,0.00,0,0,0,complete,1,2,0,0,-1,-1,-1,-1,-1,-1,-1,-1,-1,-1,-1,-1,-1,-1,2.88,4.50,1.83,N/A,N/A,N/A,N/A,N/A,N/A,0.00,0.00,0.00,0.00,N/A,N/A,N/A,N/A,N/A,N/A,N/A,N/A,N/A,N/A,N/A,N/A,N/A,N/A,N/A,N/A,N/A,N/A,N/A,N/A,0,0,75,75,100,N/A,N/A,N/A,N/A,N/A,N/A,N/A,N/A,N/A,N/A,N/A,N/A,N/A,N/A,N/A,N/A,50,N/A,N/A,N/A,1.75,1.00,0,/esports/psg-galikooo-esports-vs-man-city-petruchio-esports-h2h-stats#7265003
1700111760,Nov 16 2023 - 5:16am,Esports,Esoccer Battle,Man City (Kray) Esports,Tottenham (Inquisitor) Esports,1.00,1.33,1.50,1.00,2.50,50,67,67,67,50,0,50,50,17,0,2.66,0.00,0,0,0,complete,2,1,3,4,-1,-1,-1,-1,-1,-1,-1,-1,-1,-1,-1,-1,-1,-1,N/A,N/A,N/A,N/A,N/A,N/A,N/A,N/A,N/A,0.00,0.00,0.00,0.00,N/A,N/A,N/A,N/A,N/A,N/A,N/A,N/A,N/A,N/A,N/A,N/A,N/A,N/A,N/A,N/A,N/A,N/A,N/A,N/A,33,33,33,50,100,N/A,N/A,N/A,N/A,N/A,N/A,N/A,N/A,N/A,N/A,N/A,N/A,N/A,N/A,N/A,N/A,34,N/A,N/A,N/A,1.00,1.83,0,/esports/tottenham-inquisitor-esports-vs-man-city-kray-esports-h2h-stats#7265001
1700111760,Nov 16 2023 - 5:16am,Esports,Esoccer Battle,Arsenal (MeLToSiK) Esports,Man Utd (Boulevard) Esports,2.00,1.67,1.50,2.00,4.17,67,100,84,84,67,34,67,50,17,0,3.67,0.00,0,0,0,complete,0,2,2,4,-1,-1,-1,-1,-1,-1,-1,-1,-1,-1,-1,-1,-1,-1,2.15,2.90,3.25,N/A,1.75,N/A,N/A,N/A,N/A,0.00,0.00,0.00,0.00,N/A,N/A,1.95,N/A,N/A,N/A,N/A,N/A,N/A,N/A,N/A,N/A,N/A,N/A,N/A,N/A,N/A,N/A,N/A,N/A,0,17,17,34,67,N/A,N/A,N/A,N/A,N/A,N/A,N/A,N/A,N/A,N/A,N/A,N/A,N/A,N/A,N/A,N/A,50,N/A,N/A,N/A,1.17,1.71,0,/esports/man-utd-boulevard-esports-vs-arsenal-meltosik-esports-h2h-stats#7265004
1700112120,Nov 16 2023 - 5:22am,Esports,Esoccer Battle,Real Madrid (apenko_17) Esports,Man City (Petruchio) Esports,3.00,2.00,1.75,1.25,3.50,75,100,100,75,50,25,100,100,0,0,1.00,1.00,0,0,0,complete,1,1,1,1,-1,-1,-1,-1,-1,-1,-1,-1,-1,-1,-1,-1,-1,-1,N/A,N/A,N/A,N/A,N/A,N/A,N/A,N/A,N/A,0.00,0.00,0.00,0.00,N/A,N/A,N/A,N/A,N/A,N/A,N/A,N/A,N/A,N/A,N/A,N/A,N/A,N/A,N/A,N/A,N/A,N/A,N/A,N/A,0,0,25,50,75,N/A,N/A,N/A,N/A,N/A,N/A,N/A,N/A,N/A,N/A,N/A,N/A,N/A,N/A,N/A,N/A,75,N/A,N/A,N/A,2.50,1.40,0,/esports/man-city-petruchio-esports-vs-real-madrid-apenko_17-esports-h2h-stats#7265024
1700112120,Nov 16 2023 - 5:22am,Esports,Esoccer Battle,PSG (Galikooo) Esports,Barcelona (palkan) Esports,1.50,0.00,1.50,0.25,4.50,75,100,100,100,50,50,100,100,0,0,2.00,1.00,0,0,0,complete,3,1,1,0,-1,-1,-1,-1,-1,-1,-1,-1,-1,-1,-1,-1,-1,-1,N/A,N/A,N/A,N/A,N/A,N/A,N/A,N/A,N/A,0.00,0.00,0.00,0.00,N/A,N/A,N/A,N/A,N/A,N/A,N/A,N/A,N/A,N/A,N/A,N/A,N/A,N/A,N/A,N/A,N/A,N/A,N/A,N/A,0,0,0,50,50,N/A,N/A,N/A,N/A,N/A,N/A,N/A,N/A,N/A,N/A,N/A,N/A,N/A,N/A,N/A,N/A,75,N/A,N/A,N/A,1.40,0.60,0,/esports/barcelona-palkan-esports-vs-psg-galikooo-esports-h2h-stats#7265025
1700112480,Nov 16 2023 - 5:28am,Esports,Esoccer Battle,Liverpool (LaikingDast) Esports,Man City (Kray) Esports,1.00,1.00,1.00,1.00,4.33,84,100,100,100,50,50,84,84,67,0,3.00,0.00,0,0,0,complete,1,1,1,1,-1,-1,1,0,0,0,-1,-1,-1,-1,-1,-1,-1,-1,N/A,N/A,N/A,N/A,N/A,N/A,N/A,N/A,N/A,0.00,0.00,0.00,0.00,N/A,N/A,N/A,N/A,N/A,N/A,N/A,N/A,N/A,N/A,N/A,N/A,N/A,N/A,N/A,N/A,N/A,N/A,N/A,N/A,0,0,0,50,50,N/A,N/A,N/A,N/A,N/A,N/A,N/A,N/A,N/A,N/A,N/A,N/A,N/A,N/A,N/A,N/A,67,N/A,N/A,N/A,1.00,1.29,0,/esports/liverpool-laikingdast-esports-vs-man-city-kray-esports-h2h-stats#7265026
1700112480,Nov 16 2023 - 5:28am,Esports,Esoccer Battle,Tottenham (Inquisitor) Esports,Arsenal (MeLToSiK) Esports,2.33,0.33,2.00,0.50,3.00,50,84,67,67,34,34,84,67,34,0,3.34,0.00,0,0,0,complete,0,0,1,1,-1,-1,-1,-1,-1,-1,-1,-1,-1,-1,-1,-1,-1,-1,N/A,N/A,N/A,N/A,N/A,N/A,N/A,N/A,N/A,0.00,0.00,0.00,0.00,N/A,N/A,N/A,N/A,N/A,N/A,N/A,N/A,N/A,N/A,N/A,N/A,N/A,N/A,N/A,N/A,N/A,N/A,N/A,N/A,17,34,34,67,67,N/A,N/A,N/A,N/A,N/A,N/A,N/A,N/A,N/A,N/A,N/A,N/A,N/A,N/A,N/A,N/A,50,N/A,N/A,N/A,1.57,1.00,0,/esports/tottenham-inquisitor-esports-vs-arsenal-meltosik-esports-h2h-stats#7265027
1700112840,Nov 16 2023 - 5:34am,Esports,Esoccer Battle,Bayern (Hanbas) Esports,PSG (Galikooo) Esports,2.00,1.33,2.00,1.25,2.92,59,75,75,42,25,25,75,75,0,0,2.50,0.00,0,0,0,complete,1,1,3,0,-1,-1,-1,-1,-1,-1,-1,-1,-1,-1,-1,-1,-1,-1,1.83,4.00,3.10,N/A,N/A,N/A,N/A,N/A,N/A,0.00,0.00,0.00,0.00,N/A,N/A,N/A,N/A,N/A,N/A,N/A,N/A,N/A,N/A,N/A,N/A,N/A,N/A,N/A,N/A,N/A,N/A,N/A,N/A,25,25,59,75,75,N/A,N/A,N/A,N/A,N/A,N/A,N/A,N/A,N/A,N/A,N/A,N/A,N/A,N/A,N/A,N/A,59,N/A,N/A,N/A,1.00,1.67,0,/esports/bayern-hanbas-esports-vs-psg-galikooo-esports-h2h-stats#7265013
1700112840,Nov 16 2023 - 5:34am,Esports,Esoccer Battle,Barcelona (palkan) Esports,Real Madrid (apenko_17) Esports,1.00,2.00,0.75,2.50,2.34,75,75,75,42,42,0,75,75,0,0,4.00,0.00,0,0,0,complete,2,5,2,0,-1,-1,-1,-1,-1,-1,-1,-1,-1,-1,-1,-1,-1,-1,3.60,3.60,1.80,N/A,N/A,N/A,N/A,N/A,N/A,0.00,0.00,0.00,0.00,N/A,N/A,N/A,N/A,N/A,N/A,N/A,N/A,N/A,N/A,N/A,N/A,N/A,N/A,N/A,N/A,N/A,N/A,N/A,N/A,25,25,59,59,100,N/A,N/A,N/A,N/A,N/A,N/A,N/A,N/A,N/A,N/A,N/A,N/A,N/A,N/A,N/A,N/A,75,N/A,N/A,N/A,0.50,2.20,0,/esports/barcelona-palkan-esports-vs-real-madrid-apenko_17-esports-h2h-stats#7265014
1700113560,Nov 16 2023 - 5:46am,Esports,Esoccer Battle,Man City (Petruchio) Esports,Barcelona (palkan) Esports,1.00,0.00,1.00,0.25,4.17,84,100,100,84,67,34,100,100,0,0,1.00,0.00,0,0,0,complete,2,2,0,1,-1,-1,-1,-1,-1,-1,-1,-1,-1,-1,-1,-1,-1,-1,3.50,3.20,1.95,N/A,N/A,1.73,N/A,N/A,N/A,0.00,0.00,0.00,0.00,N/A,N/A,N/A,1.98,N/A,N/A,N/A,N/A,N/A,N/A,N/A,N/A,N/A,N/A,N/A,N/A,N/A,N/A,N/A,N/A,0,0,17,34,67,N/A,N/A,N/A,N/A,N/A,N/A,N/A,N/A,N/A,N/A,N/A,N/A,N/A,N/A,N/A,N/A,84,N/A,N/A,N/A,1.33,0.43,0,/esports/barcelona-palkan-esports-vs-man-city-petruchio-esports-h2h-stats#7265011
1700113560,Nov 16 2023 - 5:46am,Esports,Esoccer Battle,Real Madrid (apenko_17) Esports,Bayern (Hanbas) Esports,2.33,0.33,1.75,1.00,2.67,50,100,100,33,17,17,100,100,0,0,2.67,1.00,0,0,0,complete,1,2,1,4,-1,-1,1,0,0,0,-1,-1,-1,-1,-1,-1,-1,-1,2.70,2.60,2.80,N/A,N/A,N/A,N/A,N/A,N/A,0.00,0.00,0.00,0.00,N/A,N/A,N/A,N/A,N/A,N/A,N/A,N/A,N/A,N/A,N/A,N/A,N/A,N/A,N/A,N/A,N/A,N/A,N/A,N/A,0,0,67,84,84,N/A,N/A,N/A,N/A,N/A,N/A,N/A,N/A,N/A,N/A,N/A,N/A,N/A,N/A,N/A,N/A,50,N/A,N/A,N/A,2.33,1.00,0,/esports/bayern-hanbas-esports-vs-real-madrid-apenko_17-esports-h2h-stats#7265012
1700114280,Nov 16 2023 - 5:58am,Esports,Esoccer Battle,PSG (Galikooo) Esports,Real Madrid (apenko_17) Esports,2.00,2.33,1.50,2.50,3.50,67,84,84,84,50,17,84,84,0,0,3.00,1.00,0,0,0,complete,2,5,4,1,-1,-1,2,0,0,0,-1,-1,-1,-1,-1,-1,-1,-1,3.00,4.33,1.80,N/A,N/A,1.75,N/A,N/A,N/A,0.00,0.00,0.00,0.00,N/A,N/A,N/A,1.95,N/A,N/A,N/A,N/A,N/A,N/A,N/A,N/A,N/A,N/A,N/A,N/A,N/A,N/A,N/A,N/A,17,17,17,50,84,N/A,N/A,N/A,N/A,N/A,N/A,N/A,N/A,N/A,N/A,N/A,N/A,N/A,N/A,N/A,N/A,67,N/A,N/A,N/A,1.57,2.00,0,/esports/psg-galikooo-esports-vs-real-madrid-apenko_17-esports-h2h-stats#7265009
1700114280,Nov 16 2023 - 5:58am,Esports,Esoccer Battle,Bayern (Hanbas) Esports,Man City (Petruchio) Esports,1.67,1.67,2.00,1.25,3.00,84,84,84,50,33,17,84,84,0,0,2.00,0.00,0,0,0,complete,3,1,4,1,-1,-1,0,1,0,0,-1,-1,-1,-1,-1,-1,-1,-1,1.83,3.10,4.00,N/A,N/A,N/A,N/A,N/A,N/A,0.00,0.00,0.00,0.00,N/A,N/A,N/A,N/A,N/A,N/A,N/A,N/A,N/A,N/A,N/A,N/A,N/A,N/A,N/A,N/A,N/A,N/A,N/A,N/A,17,17,50,67,84,N/A,N/A,N/A,N/A,N/A,N/A,N/A,N/A,N/A,N/A,N/A,N/A,N/A,N/A,N/A,N/A,84,N/A,N/A,N/A,1.29,1.29,0,/esports/bayern-hanbas-esports-vs-man-city-petruchio-esports-h2h-stats#7265010
1700114400,Nov 16 2023 - 6:00am,Esports,Esoccer Battle,France (lion) Esports,Portugal (nikkitta) Esports,0.00,0.00,1.00,1.00,0.00,0,0,0,0,0,0,0,0,0,0,0.00,0.00,0,0,0,complete,1,1,2,0,-1,-1,-1,-1,-1,-1,-1,-1,-1,-1,-1,-1,-1,-1,1.73,3.80,3.60,N/A,N/A,N/A,N/A,N/A,N/A,0.00,0.00,0.00,0.00,N/A,N/A,N/A,N/A,N/A,N/A,N/A,N/A,N/A,N/A,N/A,N/A,N/A,N/A,N/A,N/A,N/A,N/A,N/A,N/A,0,0,0,0,0,N/A,N/A,N/A,N/A,N/A,N/A,N/A,N/A,N/A,N/A,N/A,N/A,N/A,N/A,N/A,N/A,0,N/A,N/A,N/A,0.00,0.00,0,/esports/portugal-nikkitta-esports-vs-france-lion-esports-h2h-stats#7265022
1700114400,Nov 16 2023 - 6:00am,Esports,Esoccer Battle,England (GianniKid) Esports,Argentina (Arcos) Esports,0.00,0.00,0.00,3.00,0.00,0,0,0,0,0,0,0,0,0,0,0.00,0.00,0,0,0,complete,0,3,0,1,-1,-1,-1,-1,-1,-1,-1,-1,-1,-1,-1,-1,-1,-1,2.80,3.75,2.05,N/A,N/A,N/A,N/A,N/A,N/A,0.00,0.00,0.00,0.00,N/A,N/A,N/A,N/A,N/A,N/A,N/A,N/A,N/A,N/A,N/A,N/A,N/A,N/A,N/A,N/A,N/A,N/A,N/A,N/A,0,0,0,0,0,N/A,N/A,N/A,N/A,N/A,N/A,N/A,N/A,N/A,N/A,N/A,N/A,N/A,N/A,N/A,N/A,0,N/A,N/A,N/A,0.00,0.00,0,/esports/england-giannikid-esports-vs-argentina-arcos-esports-h2h-stats#7265023
1700115120,Nov 16 2023 - 6:12am,Esports,Esoccer Battle,Portugal (nikkitta) Esports,England (GianniKid) Esports,0.00,0.00,3.00,0.00,0.00,0,0,0,0,0,0,0,0,0,0,0.00,0.00,0,0,0,complete,1,0,1,1,-1,-1,-1,-1,-1,-1,-1,-1,-1,-1,-1,-1,-1,-1,4.20,3.00,1.85,N/A,N/A,N/A,N/A,N/A,N/A,0.00,0.00,0.00,0.00,N/A,N/A,N/A,N/A,N/A,N/A,N/A,N/A,N/A,N/A,N/A,N/A,N/A,N/A,N/A,N/A,N/A,N/A,N/A,N/A,0,0,0,0,0,N/A,N/A,N/A,N/A,N/A,N/A,N/A,N/A,N/A,N/A,N/A,N/A,N/A,N/A,N/A,N/A,0,N/A,N/A,N/A,1.00,0.00,0,/esports/portugal-nikkitta-esports-vs-england-giannikid-esports-h2h-stats#7265020
1700115120,Nov 16 2023 - 6:12am,Esports,Esoccer Battle,Argentina (Arcos) Esports,Germany (Koftovsky) Esports,0.00,0.00,1.00,1.00,0.00,0,0,0,0,0,0,0,0,0,0,0.00,0.00,0,0,0,complete,3,3,1,3,-1,-1,-1,-1,-1,-1,-1,-1,-1,-1,-1,-1,-1,-1,2.60,4.00,2.10,N/A,N/A,N/A,N/A,N/A,N/A,0.00,0.00,0.00,0.00,N/A,N/A,N/A,N/A,N/A,N/A,N/A,N/A,N/A,N/A,N/A,N/A,N/A,N/A,N/A,N/A,N/A,N/A,N/A,N/A,0,0,0,0,0,N/A,N/A,N/A,N/A,N/A,N/A,N/A,N/A,N/A,N/A,N/A,N/A,N/A,N/A,N/A,N/A,0,N/A,N/A,N/A,3.00,0.00,0,/esports/argentina-arcos-esports-vs-germany-koftovsky-esports-h2h-stats#7265021
1700115600,Nov 16 2023 - 6:20am,Esports,Esoccer Battle,Arsenal (Upcake22) Esports,Liverpool (dm1trena) Esports,0.00,0.00,0.00,0.00,0.00,0,0,0,0,0,0,0,0,0,0,0.00,0.00,0,0,0,incomplete,0,0,-1,-1,-1,-1,-1,-1,-1,-1,-1,-1,-1,-1,-1,-1,-1,-1,1.95,2.63,4.50,N/A,N/A,N/A,N/A,N/A,N/A,0.00,0.00,0.00,0.00,N/A,N/A,N/A,N/A,N/A,N/A,N/A,N/A,N/A,N/A,N/A,N/A,N/A,N/A,N/A,N/A,N/A,N/A,N/A,N/A,0,0,0,0,0,N/A,N/A,N/A,N/A,N/A,N/A,N/A,N/A,N/A,N/A,N/A,N/A,N/A,N/A,N/A,N/A,0,N/A,N/A,N/A,0.00,0.00,0,/esports/arsenal-upcake22-esports-vs-liverpool-dm1trena-esports-h2h-stats
1700115600,Nov 16 2023 - 6:20am,Esports,Esoccer Battle,Tottenham (d1pseN) Esports,Man Utd (Bomb1to) Esports,0.00,0.00,0.00,0.00,0.00,0,0,0,0,0,0,0,0,0,0,0.00,0.00,0,0,0,incomplete,0,0,-1,-1,-1,-1,-1,-1,-1,-1,-1,-1,-1,-1,-1,-1,-1,-1,N/A,N/A,N/A,N/A,N/A,N/A,N/A,N/A,N/A,0.00,0.00,0.00,0.00,N/A,N/A,N/A,N/A,N/A,N/A,N/A,N/A,N/A,N/A,N/A,N/A,N/A,N/A,N/A,N/A,N/A,N/A,N/A,N/A,0,0,0,0,0,N/A,N/A,N/A,N/A,N/A,N/A,N/A,N/A,N/A,N/A,N/A,N/A,N/A,N/A,N/A,N/A,0,N/A,N/A,N/A,0.00,0.00,0,/esports/tottenham-d1psen-esports-vs-man-utd-bomb1to-esports-h2h-stats
1700116320,Nov 16 2023 - 6:32am,Esports,Esoccer Battle,Liverpool (dm1trena) Esports,Man City (Wboy) Esports,0.00,0.00,0.00,0.00,0.00,0,0,0,0,0,0,0,0,0,0,0.00,0.00,0,0,0,incomplete,0,0,-1,-1,-1,-1,-1,-1,-1,-1,-1,-1,-1,-1,-1,-1,-1,-1,1.80,3.75,3.40,N/A,N/A,N/A,N/A,N/A,N/A,0.00,0.00,0.00,0.00,N/A,N/A,N/A,N/A,N/A,N/A,N/A,N/A,N/A,N/A,N/A,N/A,N/A,N/A,N/A,N/A,N/A,N/A,N/A,N/A,0,0,0,0,0,N/A,N/A,N/A,N/A,N/A,N/A,N/A,N/A,N/A,N/A,N/A,N/A,N/A,N/A,N/A,N/A,0,N/A,N/A,N/A,0.00,0.00,0,/esports/liverpool-dm1trena-esports-vs-man-city-wboy-esports-h2h-stats
1700116320,Nov 16 2023 - 6:32am,Esports,Esoccer Battle,Man Utd (Bomb1to) Esports,Arsenal (Upcake22) Esports,0.00,0.00,0.00,0.00,0.00,0,0,0,0,0,0,0,0,0,0,0.00,0.00,0,0,0,incomplete,0,0,-1,-1,-1,-1,-1,-1,-1,-1,-1,-1,-1,-1,-1,-1,-1,-1,3.75,4.20,1.62,N/A,N/A,N/A,N/A,N/A,N/A,0.00,0.00,0.00,0.00,N/A,N/A,N/A,N/A,N/A,N/A,N/A,N/A,N/A,N/A,N/A,N/A,N/A,N/A,N/A,N/A,N/A,N/A,N/A,N/A,0,0,0,0,0,N/A,N/A,N/A,N/A,N/A,N/A,N/A,N/A,N/A,N/A,N/A,N/A,N/A,N/A,N/A,N/A,0,N/A,N/A,N/A,0.00,0.00,0,/esports/arsenal-upcake22-esports-vs-man-utd-bomb1to-esports-h2h-stats
1700116560,Nov 16 2023 - 6:36am,Esports,Esoccer Battle,Portugal (nikkitta) Esports,Argentina (Arcos) Esports,3.00,3.00,3.00,3.00,2.00,0,100,50,50,0,0,100,50,0,0,2.00,0.00,0,0,0,incomplete,0,0,-1,-1,-1,-1,-1,-1,-1,-1,-1,-1,-1,-1,-1,-1,-1,-1,3.20,3.20,2.05,N/A,N/A,N/A,N/A,N/A,N/A,0.00,0.00,0.00,0.00,N/A,N/A,N/A,N/A,N/A,N/A,N/A,N/A,N/A,N/A,N/A,N/A,N/A,N/A,N/A,N/A,N/A,N/A,N/A,N/A,0,50,50,100,100,N/A,N/A,N/A,N/A,N/A,N/A,N/A,N/A,N/A,N/A,N/A,N/A,N/A,N/A,N/A,N/A,0,N/A,N/A,N/A,2.00,2.00,0,/esports/portugal-nikkitta-esports-vs-argentina-arcos-esports-h2h-stats
1700116560,Nov 16 2023 - 6:36am,Esports,Esoccer Battle,France (lion) Esports,Germany (Koftovsky) Esports,1.00,1.00,1.00,1.00,4.00,100,100,100,50,50,50,100,100,0,0,5.00,0.00,0,0,0,incomplete,0,0,-1,-1,-1,-1,-1,-1,-1,-1,-1,-1,-1,-1,-1,-1,-1,-1,2.15,4.00,2.50,N/A,N/A,N/A,N/A,N/A,N/A,0.00,0.00,0.00,0.00,N/A,N/A,N/A,N/A,N/A,N/A,N/A,N/A,N/A,N/A,N/A,N/A,N/A,N/A,N/A,N/A,N/A,N/A,N/A,N/A,0,0,50,50,50,N/A,N/A,N/A,N/A,N/A,N/A,N/A,N/A,N/A,N/A,N/A,N/A,N/A,N/A,N/A,N/A,100,N/A,N/A,N/A,1.00,1.00,0,/esports/germany-koftovsky-esports-vs-france-lion-esports-h2h-stats
1700119800,Nov 16 2023 - 7:30am,Vietnam,Women's National League,GT Thai Nguyen W,TKS Viet Nam W,0.00,0.00,0.00,0.00,0.00,0,0,0,0,0,0,0,0,0,0,0.00,0.00,0,0,0,incomplete,0,0,-1,-1,-1,-1,-1,-1,-1,-1,-1,-1,-1,-1,-1,-1,-1,-1,4.95,3.60,1.61,N/A,2.03,N/A,N/A,N/A,N/A,0.00,0.00,0.00,0.00,N/A,N/A,1.73,N/A,N/A,N/A,N/A,N/A,N/A,N/A,N/A,N/A,N/A,N/A,N/A,N/A,N/A,N/A,N/A,N/A,0,0,0,0,0,N/A,N/A,N/A,N/A,N/A,N/A,N/A,N/A,N/A,N/A,N/A,N/A,N/A,N/A,N/A,N/A,0,N/A,N/A,N/A,0.00,0.00,1,/vietnam/gang-thep-thai-nguyen-women-vs-than-khoang-san-viet-nam-women-h2h-stats
1700119800,Nov 16 2023 - 7:30am,Vietnam,Women's National League,Son La W,PP Ha Nam W,0.00,0.00,0.00,0.00,0.00,0,0,0,0,0,0,0,0,0,0,0.00,0.00,0,0,0,incomplete,0,0,-1,-1,-1,-1,-1,-1,-1,-1,-1,-1,-1,-1,-1,-1,-1,-1,N/A,N/A,N/A,N/A,N/A,N/A,N/A,N/A,N/A,0.00,0.00,0.00,0.00,N/A,N/A,N/A,N/A,N/A,N/A,N/A,N/A,N/A,N/A,N/A,N/A,N/A,N/A,N/A,N/A,N/A,N/A,N/A,N/A,0,0,0,0,0,N/A,N/A,N/A,N/A,N/A,N/A,N/A,N/A,N/A,N/A,N/A,N/A,N/A,N/A,N/A,N/A,0,N/A,N/A,N/A,0.00,0.00,1,/vietnam/son-la-fc-women-vs-phong-phu-ha-nam-women-h2h-stats
1700125200,Nov 16 2023 - 9:00am,International,WC Qualification Asia,Australia,Bangladesh,0.00,2.00,0.00,2.00,1.25,50,50,50,25,0,0,25,25,50,25,3.00,4.50,50,50,25,incomplete,0,0,-1,-1,-1,-1,-1,-1,-1,-1,-1,-1,-1,-1,-1,-1,-1,-1,1.01,11.00,34.00,1.02,1.06,1.22,1.53,3.75,1.25,0.00,1.97,0.00,0.00,N/A,13.00,7.50,4.00,2.38,1.00,1.01,12.00,N/A,N/A,N/A,1.22,1.33,1.57,1.95,N/A,4.00,3.10,2.30,1.80,0,0,25,50,50,1.04,1.39,2.17,9.30,2.88,1.65,1.03,1.16,1.60,17.00,4.80,2.26,N/A,N/A,N/A,N/A,0,1.05,32.00,9.40,0.00,2.00,1,/international/australia-national-team-vs-bangladesh-national-team-h2h-stats
1700128800,Nov 16 2023 - 10:00am,Vietnam,Women's National League,Ha Noi W,Ho Chi Minh City W,0.00,0.00,0.00,0.00,0.00,0,0,0,0,0,0,0,0,0,0,0.00,0.00,0,0,0,incomplete,0,0,-1,-1,-1,-1,-1,-1,-1,-1,-1,-1,-1,-1,-1,-1,-1,-1,1.93,3.82,3.10,N/A,1.78,N/A,N/A,N/A,N/A,0.00,0.00,0.00,0.00,N/A,N/A,1.92,N/A,N/A,N/A,N/A,N/A,N/A,N/A,N/A,N/A,N/A,N/A,N/A,N/A,N/A,N/A,N/A,N/A,0,0,0,0,0,N/A,N/A,N/A,N/A,N/A,N/A,N/A,N/A,N/A,N/A,N/A,N/A,N/A,N/A,N/A,N/A,0,N/A,N/A,N/A,0.00,0.00,1,/vietnam/ho-chi-minh-city-women-vs-ha-noi-women-h2h-stats
1700128800,Nov 16 2023 - 10:00am,Vietnam,Women's National League,Ho Chi Minh City II W,Ha Noi II,0.00,0.00,0.00,0.00,0.00,0,0,0,0,0,0,0,0,0,0,0.00,0.00,0,0,0,incomplete,0,0,-1,-1,-1,-1,-1,-1,-1,-1,-1,-1,-1,-1,-1,-1,-1,-1,2.25,4.00,2.40,N/A,1.70,2.10,N/A,N/A,N/A,0.00,0.00,0.00,0.00,N/A,N/A,2.10,1.65,N/A,N/A,N/A,N/A,N/A,N/A,N/A,N/A,N/A,N/A,N/A,N/A,N/A,N/A,N/A,N/A,0,0,0,0,0,N/A,N/A,N/A,N/A,N/A,N/A,N/A,N/A,N/A,N/A,N/A,N/A,N/A,N/A,N/A,N/A,0,N/A,N/A,N/A,0.00,0.00,1,/vietnam/tre-ha-noi-fc-vs-ho-chi-minh-city-ii-women-h2h-stats
1700128920,Nov 16 2023 - 10:02am,International,WC Qualification Asia,Japan,Myanmar,0.00,2.00,0.00,2.00,1.50,25,25,25,25,25,25,25,0,25,25,6.00,2.00,0,0,0,incomplete,0,0,-1,-1,-1,-1,-1,-1,-1,-1,-1,-1,-1,-1,-1,-1,-1,-1,1.00,17.00,41.00,N/A,1.01,1.04,1.12,3.30,1.34,0.00,1.00,0.00,0.00,N/A,17.00,14.00,10.00,5.50,1.00,1.00,65.00,N/A,N/A,N/A,1.22,1.42,1.72,2.12,N/A,3.65,2.65,2.05,1.64,25,25,25,25,25,1.02,1.14,1.43,11.00,5.20,2.41,N/A,1.04,1.22,N/A,8.50,4.00,N/A,N/A,N/A,N/A,0,1.05,32.00,9.40,0.00,2.00,1,/international/japan-national-team-vs-myanmar-national-team-h2h-stats
1700132400,Nov 16 2023 - 11:00am,International,WC Qualification Asia,Philippines,Vietnam,0.00,0.00,0.00,0.00,0.00,0,0,0,0,0,0,0,0,0,0,0.00,0.00,0,0,0,incomplete,0,0,-1,-1,-1,-1,-1,-1,-1,-1,-1,-1,-1,-1,-1,-1,-1,-1,5.00,3.66,1.70,1.39,2.10,3.95,7.70,2.00,1.75,0.00,0.00,0.00,0.00,7.85,2.96,1.65,1.24,1.08,2.00,1.27,1.19,N/A,N/A,1.38,1.70,2.16,2.88,3.75,2.80,2.08,1.62,1.34,1.25,0,0,0,0,0,1.44,3.00,8.25,2.60,1.33,1.06,1.29,2.25,5.50,3.50,1.57,1.14,N/A,N/A,N/A,N/A,0,3.11,7.60,1.57,0.00,0.00,1,/international/philippines-national-team-vs-vietnam-national-team-h2h-stats
1700132400,Nov 16 2023 - 11:00am,Denmark,U21 Ligaen,Viborg U21,Midtjylland U21,2.00,0.00,2.00,0.00,4.75,100,100,100,100,100,75,75,75,75,75,12.00,0.00,50,50,0,incomplete,0,0,-1,-1,-1,-1,-1,-1,-1,-1,-1,-1,-1,-1,-1,-1,-1,-1,3.10,4.50,1.75,N/A,1.29,N/A,N/A,N/A,N/A,2.16,1.53,0.00,0.00,N/A,N/A,3.50,N/A,N/A,N/A,N/A,N/A,N/A,N/A,N/A,N/A,N/A,N/A,N/A,N/A,N/A,N/A,N/A,N/A,0,0,0,0,25,N/A,N/A,N/A,N/A,N/A,N/A,N/A,N/A,N/A,N/A,N/A,N/A,N/A,N/A,N/A,N/A,50,N/A,N/A,N/A,2.00,1.50,6,/denmark/fc-midtjylland-under-21-vs-viborg-ff-u21-h2h-stats
1700132400,Nov 16 2023 - 11:00am,International,WC Qualification Asia,South Korea,Singapore,0.00,3.00,0.00,3.00,1.00,25,50,25,25,0,0,25,25,50,0,9.50,2.00,25,25,25,incomplete,0,0,-1,-1,-1,-1,-1,-1,-1,-1,-1,-1,-1,-1,-1,-1,-1,-1,1.01,13.00,46.00,1.01,1.03,1.17,1.40,2.25,1.57,0.00,1.33,0.00,0.00,N/A,17.00,9.00,4.50,2.75,1.00,1.01,29.00,N/A,N/A,1.11,1.23,1.41,1.66,2.05,5.90,3.90,2.80,2.13,1.72,0,25,25,50,50,1.02,1.30,1.89,11.00,3.34,1.86,1.02,1.14,1.43,19.00,5.50,2.71,N/A,N/A,N/A,N/A,0,1.05,34.00,9.20,0.00,3.00,1,/international/singapore-national-team-vs-south-korea-national-team-h2h-stats
1700136000,Nov 16 2023 - 12:00pm,Slovakia,U19 League,Podbrezová U19,Petržalka U19,2.20,0.75,2.20,0.75,3.75,80,100,90,43,43,30,90,45,78,43,9.10,0.00,78,78,78,incomplete,0,0,-1,-1,-1,-1,-1,-1,-1,-1,-1,-1,-1,-1,-1,-1,-1,-1,1.45,4.33,5.00,N/A,1.40,1.95,N/A,N/A,N/A,2.00,1.78,0.00,0.00,N/A,N/A,2.75,1.75,N/A,N/A,N/A,N/A,N/A,N/A,N/A,N/A,N/A,N/A,N/A,N/A,N/A,N/A,N/A,N/A,0,10,58,58,70,N/A,N/A,N/A,N/A,N/A,N/A,N/A,N/A,N/A,N/A,N/A,N/A,N/A,N/A,N/A,N/A,35,N/A,N/A,N/A,1.82,1.36,9,/slovakia/zp-sport-podbrezova-under-19-vs-fc-petrzalka-u19-h2h-stats
1700136000,Nov 16 2023 - 12:00pm,Europe,UEFA U21 Championship Qualification,FYR Macedonia U21,Georgia U21,1.00,1.75,1.00,1.75,1.75,17,88,59,29,0,0,42,25,59,34,8.83,4.83,71,42,25,incomplete,0,0,-1,-1,-1,-1,-1,-1,-1,-1,-1,-1,-1,-1,-1,-1,-1,-1,3.00,3.30,2.15,1.28,1.95,3.30,6.50,1.73,2.07,0.77,2.34,0.00,0.00,9.50,3.50,1.85,1.30,1.07,1.62,1.25,1.33,N/A,N/A,1.24,1.44,2.38,2.20,2.75,3.60,2.60,2.03,1.65,1.40,13,42,71,100,100,1.37,2.75,6.95,2.85,1.40,1.07,1.21,2.09,4.45,3.95,1.67,1.17,N/A,N/A,N/A,N/A,0,2.30,6.10,2.00,1.00,1.75,0,/europe/georgia-u21-vs-fyr-macedonia-u21-h2h-stats
1700136000,Nov 16 2023 - 12:00pm,Bhutan,Bhutan Premier League,Druk Lhayul,Paro FC,1.86,3.00,1.86,3.00,5.29,65,100,100,93,72,57,64,50,64,50,16.05,0.00,88,75,45,incomplete,0,0,-1,-1,-1,-1,-1,-1,-1,-1,-1,-1,-1,-1,-1,-1,-1,-1,N/A,N/A,N/A,N/A,N/A,N/A,N/A,N/A,N/A,1.72,1.98,0.00,0.00,N/A,N/A,N/A,N/A,N/A,N/A,N/A,N/A,N/A,N/A,N/A,N/A,N/A,N/A,N/A,N/A,N/A,N/A,N/A,N/A,0,0,7,29,43,N/A,N/A,N/A,N/A,N/A,N/A,N/A,N/A,N/A,N/A,N/A,N/A,N/A,N/A,N/A,N/A,48,N/A,N/A,N/A,1.57,3.00,0,/bhutan/paro-fc-vs-druk-lhayul-fc-h2h-stats
1700137800,Nov 16 2023 - 12:30pm,International,WC Qualification Asia,Thailand,China,0.00,0.00,0.00,0.00,0.00,0,0,0,0,0,0,0,0,0,0,0.00,0.00,0,0,0,incomplete,0,0,-1,-1,-1,-1,-1,-1,-1,-1,-1,-1,-1,-1,-1,-1,-1,-1,2.20,3.00,3.20,1.33,2.05,3.50,6.50,1.95,1.80,0.00,0.00,0.00,0.00,7.50,3.25,1.70,1.29,1.10,1.33,1.30,1.66,N/A,N/A,1.35,1.65,2.13,2.84,3.94,2.84,2.11,1.67,1.37,1.19,0,0,0,0,0,1.43,3.00,8.00,2.60,1.33,1.06,1.29,2.25,5.50,3.50,1.57,1.14,N/A,N/A,N/A,N/A,0,1.60,7.50,3.01,0.00,0.00,1,/international/china-national-team-vs-thailand-national-team-h2h-stats
1700137800,Nov 16 2023 - 12:30pm,Congo DR,Super League,Kuya Sport,Dauphins Noirs,1.83,2.00,1.83,2.00,1.42,17,82,35,17,9,0,0,0,0,0,0.00,0.00,0,0,0,incomplete,0,0,-1,-1,-1,-1,-1,-1,-1,-1,-1,-1,-1,-1,-1,-1,-1,-1,N/A,N/A,N/A,N/A,N/A,N/A,N/A,N/A,N/A,0.00,0.00,0.00,0.00,N/A,N/A,N/A,N/A,N/A,N/A,N/A,N/A,N/A,N/A,N/A,N/A,N/A,N/A,N/A,N/A,N/A,N/A,N/A,N/A,19,65,84,92,100,N/A,N/A,N/A,N/A,N/A,N/A,N/A,N/A,N/A,N/A,N/A,N/A,N/A,N/A,N/A,N/A,0,N/A,N/A,N/A,1.50,1.70,0,/congo-dr/as-dauphins-noirs-de-goma-vs-as-kuya-sport-h2h-stats
1700139600,Nov 16 2023 - 1:00pm,Uruguay,Primera División,River Plate,Fénix,1.47,0.81,1.47,0.81,2.42,45,90,81,46,23,4,71,29,81,36,10.26,5.72,60,53,40,incomplete,0,0,-1,-1,-1,-1,-1,-1,-1,-1,-1,-1,-1,-1,-1,-1,-1,-1,2.45,3.10,2.80,1.44,2.30,4.33,8.00,2.05,1.70,1.17,1.50,0.00,0.00,6.50,2.62,1.57,1.20,1.06,1.29,1.35,1.65,N/A,N/A,1.32,1.55,1.94,2.55,3.20,3.10,2.30,1.77,1.45,1.29,10,20,55,78,97,1.50,3.25,8.00,2.50,1.33,1.06,1.36,2.50,5.50,3.00,1.50,1.12,N/A,N/A,N/A,N/A,7,2.00,8.00,2.10,1.26,1.00,10,/uruguay/centro-atletico-fenix-vs-club-atletico-river-plate-h2h-stats
1700139600,Nov 16 2023 - 1:00pm,International,WC Qualification Asia,Malaysia,Kyrgyzstan,0.00,0.00,0.00,0.00,0.00,0,0,0,0,0,0,0,0,0,0,0.00,0.00,0,0,0,incomplete,0,0,-1,-1,-1,-1,-1,-1,-1,-1,-1,-1,-1,-1,-1,-1,-1,-1,1.73,3.40,5.25,1.36,2.15,3.75,7.00,2.05,1.70,0.00,0.00,0.00,0.00,7.00,3.00,1.65,1.25,1.08,1.06,1.28,2.25,N/A,N/A,1.36,1.67,2.11,2.79,3.50,2.89,2.13,1.65,1.36,1.28,0,0,0,0,0,1.46,3.10,8.25,2.50,1.33,1.06,1.29,2.25,5.50,3.50,1.57,1.14,N/A,N/A,N/A,N/A,0,1.48,7.50,3.55,0.00,0.00,1,/international/malaysia-national-team-vs-kyrgyzstan-national-team-h2h-stats
1700139600,Nov 16 2023 - 1:00pm,International,WC Qualification Asia,Tajikistan,Jordan,0.00,0.00,0.00,0.00,0.00,0,0,0,0,0,0,0,0,0,0,0.00,0.00,0,0,0,incomplete,0,0,-1,-1,-1,-1,-1,-1,-1,-1,-1,-1,-1,-1,-1,-1,-1,-1,4.15,3.42,1.89,1.36,2.10,4.00,7.50,2.00,1.75,0.00,0.00,0.00,0.00,7.00,3.00,1.65,1.22,1.07,1.73,1.33,1.25,N/A,N/A,1.33,1.62,2.08,2.72,3.74,2.93,2.17,1.70,1.40,1.21,0,0,0,0,0,1.45,3.10,8.20,2.64,1.34,1.06,1.29,2.38,6.00,3.50,1.53,1.13,N/A,N/A,N/A,N/A,0,2.86,7.40,1.65,0.00,0.00,1,/international/jordan-national-team-vs-tajikistan-national-team-h2h-stats
1700139600,Nov 16 2023 - 1:00pm,Albania,Womens National Championship,Lushnja W,Laçi W,0.00,0.00,0.00,0.00,7.50,0,100,100,100,100,100,0,0,0,0,0.00,0.00,0,0,0,incomplete,0,0,-1,-1,-1,-1,-1,-1,-1,-1,-1,-1,-1,-1,-1,-1,-1,-1,N/A,N/A,N/A,N/A,N/A,N/A,N/A,N/A,N/A,0.00,0.00,0.00,0.00,N/A,N/A,N/A,N/A,N/A,N/A,N/A,N/A,N/A,N/A,N/A,N/A,N/A,N/A,N/A,N/A,N/A,N/A,N/A,N/A,0,0,0,0,0,N/A,N/A,N/A,N/A,N/A,N/A,N/A,N/A,N/A,N/A,N/A,N/A,N/A,N/A,N/A,N/A,0,N/A,N/A,N/A,0.00,1.00,5,/albania/ks-lushnja-women-vs-kf-laci-women-h2h-stats
1700139600,Nov 16 2023 - 1:00pm,Algeria,U21 League,MC Oran U21,Khenchela U21,1.50,0.50,1.50,0.50,3.50,75,100,100,75,25,25,50,50,100,75,5.00,0.00,75,75,25,incomplete,0,0,-1,-1,-1,-1,-1,-1,-1,-1,-1,-1,-1,-1,-1,-1,-1,-1,2.40,3.26,2.64,1.27,1.79,3.20,5.75,1.70,1.98,1.22,1.03,0.00,0.00,8.50,3.28,1.93,1.28,1.10,1.40,1.26,1.45,N/A,N/A,N/A,N/A,N/A,N/A,N/A,N/A,N/A,N/A,N/A,N/A,0,0,25,75,75,1.38,2.77,6.80,2.81,1.39,1.07,1.22,2.11,4.50,3.80,1.65,1.17,N/A,N/A,N/A,N/A,25,N/A,N/A,N/A,0.80,0.40,6,/algeria/mc-oran-under-21-vs-usm-khenchela-under-21-h2h-stats
1700139600,Nov 16 2023 - 1:00pm,Algeria,U21 League,Ben Aknoun U21,Paradou AC U21,3.00,0.50,3.00,0.50,2.75,25,100,75,75,25,0,100,25,50,50,6.00,0.00,0,0,0,incomplete,0,0,-1,-1,-1,-1,-1,-1,-1,-1,-1,-1,-1,-1,-1,-1,-1,-1,1.46,4.20,5.60,1.18,1.67,2.57,4.50,1.75,1.92,1.91,1.06,0.00,0.00,10.00,4.05,2.10,1.42,1.17,1.08,1.16,2.41,N/A,N/A,N/A,N/A,N/A,N/A,N/A,N/A,N/A,N/A,N/A,N/A,0,25,25,75,100,1.30,2.42,6.00,3.22,1.50,1.10,1.16,1.88,3.60,4.60,1.83,1.24,N/A,N/A,N/A,N/A,0,N/A,N/A,N/A,2.40,1.20,6,/algeria/paradou-ac-under-21-vs-es-ben-aknoun-u21-h2h-stats
1700139600,Nov 16 2023 - 1:00pm,Algeria,U21 League,CS Constantine U21,NC Magra U21,3.00,0.00,3.00,0.00,2.25,50,100,75,50,0,0,75,75,50,0,7.00,0.00,50,25,25,incomplete,0,0,-1,-1,-1,-1,-1,-1,-1,-1,-1,-1,-1,-1,-1,-1,-1,-1,1.31,4.80,7.70,1.17,1.65,2.75,5.50,1.86,1.90,1.99,1.13,0.00,0.00,13.00,4.50,2.15,1.40,1.11,1.06,1.13,2.88,N/A,N/A,N/A,N/A,N/A,N/A,N/A,N/A,N/A,N/A,N/A,N/A,0,25,50,100,100,1.30,2.50,6.00,3.20,1.50,1.11,1.16,1.86,3.50,4.60,1.86,1.25,N/A,N/A,N/A,N/A,50,N/A,N/A,N/A,1.80,0.60,6,/algeria/cs-constantine-under-21-vs-nedjm-chabab-magra-under-u21-h2h-stats
1700139600,Nov 16 2023 - 1:00pm,Algeria,U21 League,El Bayadh U21,US Souf U21,1.50,0.50,1.50,0.50,1.75,25,100,50,25,0,0,75,25,50,25,8.00,0.00,50,50,50,incomplete,0,0,-1,-1,-1,-1,-1,-1,-1,-1,-1,-1,-1,-1,-1,-1,-1,-1,2.55,3.14,2.56,1.31,2.00,3.48,6.00,1.82,1.84,1.14,1.16,0.00,0.00,8.00,3.04,1.73,1.24,1.09,1.42,1.28,1.42,N/A,N/A,N/A,N/A,N/A,N/A,N/A,N/A,N/A,N/A,N/A,N/A,0,50,75,100,100,1.41,2.94,7.50,2.69,1.35,1.06,1.25,2.22,4.80,3.60,1.59,1.15,N/A,N/A,N/A,N/A,25,N/A,N/A,N/A,0.60,2.00,6,/algeria/mc-el-bayadh-under-21-vs-us-souf-u21-h2h-stats
1700139600,Nov 16 2023 - 1:00pm,Algeria,U21 League,MC Alger U21,JS Saoura U21,2.00,1.50,2.00,1.50,3.59,59,100,59,59,42,42,75,42,84,59,12.17,1.00,42,25,0,incomplete,0,0,-1,-1,-1,-1,-1,-1,-1,-1,-1,-1,-1,-1,-1,-1,-1,-1,1.70,3.74,4.25,1.19,1.70,2.64,4.75,1.62,2.10,2.23,2.13,0.00,0.00,10.00,3.95,2.05,1.40,1.15,1.24,1.22,1.76,N/A,N/A,N/A,N/A,N/A,N/A,N/A,N/A,N/A,N/A,N/A,N/A,0,42,42,59,59,1.31,2.47,6.00,3.15,1.48,1.10,1.17,1.90,3.70,4.40,1.81,1.23,N/A,N/A,N/A,N/A,0,N/A,N/A,N/A,1.80,2.40,6,/algeria/mc-alger-under-21-vs-js-saoura-under-21-h2h-stats
1700139600,Nov 16 2023 - 1:00pm,Algeria,U21 League,ASO Chlef U21,ES Sétif U21,2.00,0.50,2.00,0.50,3.42,50,100,84,42,42,25,84,59,84,42,6.50,0.00,67,25,25,incomplete,0,0,-1,-1,-1,-1,-1,-1,-1,-1,-1,-1,-1,-1,-1,-1,-1,-1,2.70,3.35,2.31,1.21,1.73,2.75,4.75,1.63,2.09,1.11,0.84,0.00,0.00,10.00,3.74,2.00,1.37,1.15,1.50,1.24,1.38,N/A,N/A,N/A,N/A,N/A,N/A,N/A,N/A,N/A,N/A,N/A,N/A,0,17,59,59,75,1.33,2.53,6.00,3.04,1.46,1.10,1.18,1.94,3.90,4.30,1.77,1.22,N/A,N/A,N/A,N/A,0,N/A,N/A,N/A,1.20,2.00,6,/algeria/es-setif-under-21-vs-aso-chlef-under-21-h2h-stats
1700139600,Nov 16 2023 - 1:00pm,Algeria,U21 League,US Biskra U21,USM Alger U21,2.00,0.67,2.00,0.67,1.92,59,100,75,17,0,0,84,42,50,17,6.33,0.00,42,42,25,incomplete,0,0,-1,-1,-1,-1,-1,-1,-1,-1,-1,-1,-1,-1,-1,-1,-1,-1,2.46,3.20,2.61,1.31,2.00,3.48,6.00,1.77,1.89,1.08,1.57,0.00,0.00,8.00,3.04,1.73,1.24,1.09,1.40,1.27,1.44,N/A,N/A,N/A,N/A,N/A,N/A,N/A,N/A,N/A,N/A,N/A,N/A,0,25,84,100,100,1.41,2.94,7.50,2.69,1.35,1.06,1.25,2.22,4.80,3.60,1.59,1.15,N/A,N/A,N/A,N/A,25,N/A,N/A,N/A,1.40,0.60,6,/algeria/usm-alger-under-21-vs-us-biskra-under-21-h2h-stats
1700139600,Nov 16 2023 - 1:00pm,Algeria,U21 League,CR Belouizdad U21,JS Kabylie U21,3.00,2.00,3.00,2.00,3.09,34,100,84,59,34,34,75,42,59,59,12.00,0.00,67,67,42,incomplete,0,0,-1,-1,-1,-1,-1,-1,-1,-1,-1,-1,-1,-1,-1,-1,-1,-1,1.64,3.86,4.30,1.17,1.65,2.51,4.33,1.62,2.11,2.11,1.49,0.00,0.00,10.00,4.15,2.15,1.44,1.18,1.15,1.19,2.04,N/A,N/A,N/A,N/A,N/A,N/A,N/A,N/A,N/A,N/A,N/A,N/A,0,17,42,67,67,1.30,2.39,6.00,3.22,1.51,1.11,1.16,1.86,3.50,4.60,1.86,1.25,N/A,N/A,N/A,N/A,17,N/A,N/A,N/A,1.80,1.60,6,/algeria/cr-belouizdad-under-21-vs-js-kabylie-under-21-h2h-stats
1700143200,Nov 16 2023 - 2:00pm,International,WC Qualification Asia,Turkmenistan,Uzbekistan,0.00,0.00,0.00,0.00,0.00,0,0,0,0,0,0,0,0,0,0,0.00,0.00,0,0,0,incomplete,0,0,-1,-1,-1,-1,-1,-1,-1,-1,-1,-1,-1,-1,-1,-1,-1,-1,8.30,4.60,1.38,1.29,1.85,3.25,5.50,2.20,1.62,0.00,0.00,0.00,0.00,9.00,3.50,1.85,1.33,1.12,3.20,1.18,1.04,N/A,N/A,1.36,1.67,2.11,2.78,3.80,2.89,2.13,1.65,1.36,1.24,0,0,0,0,0,1.39,2.82,7.20,2.88,1.40,1.08,1.25,2.10,5.00,3.75,1.67,1.17,N/A,N/A,N/A,N/A,0,4.96,9.90,1.27,0.00,0.00,1,/international/turkmenistan-national-team-vs-uzbekistan-national-team-h2h-stats
1700143200,Nov 16 2023 - 2:00pm,International,WC Qualification Asia,Lebanon,Palestine,0.00,0.00,0.00,0.00,0.00,0,0,0,0,0,0,0,0,0,0,0.00,0.00,0,0,0,incomplete,0,0,-1,-1,-1,-1,-1,-1,-1,-1,-1,-1,-1,-1,-1,-1,-1,-1,3.04,2.61,2.86,1.47,2.40,4.60,9.75,2.05,1.70,0.00,0.00,0.00,0.00,6.50,2.50,1.50,1.17,1.05,1.35,1.40,1.50,N/A,N/A,1.35,1.65,2.13,2.84,3.92,2.84,2.11,1.67,1.37,1.19,0,0,0,0,0,1.58,3.60,10.50,2.20,1.24,1.04,1.33,2.63,7.00,3.25,1.44,1.10,N/A,N/A,N/A,N/A,0,2.05,6.80,2.15,0.00,0.00,1,/international/palestine-national-team-vs-lebanon-national-team-h2h-stats
1700143200,Nov 16 2023 - 2:00pm,Europe,UEFA U21 Championship Qualification,Greece U21,Faroe Islands U21,1.25,1.75,1.25,1.75,3.13,63,100,75,50,50,25,88,38,88,50,13.50,4.25,63,50,38,incomplete,0,0,-1,-1,-1,-1,-1,-1,-1,-1,-1,-1,-1,-1,-1,-1,-1,-1,1.22,5.75,9.00,1.21,1.62,2.60,4.60,2.27,1.61,2.68,1.03,0.00,0.00,12.50,4.00,2.25,1.42,1.16,1.07,1.15,3.30,N/A,N/A,1.21,1.40,2.20,2.13,2.60,3.90,2.70,2.11,1.68,1.43,0,25,50,50,75,1.29,2.37,5.50,3.25,1.51,1.12,1.17,1.83,3.60,4.50,1.85,1.25,N/A,N/A,N/A,N/A,25,1.22,8.30,6.69,1.25,1.75,0,/europe/greece-u21-vs-faroe-islands-u21-h2h-stats
1700143200,Nov 16 2023 - 2:00pm,Czech Republic,Czech Cup,Sigma Olomouc,Viktoria Plzeň,3.00,3.00,3.00,3.00,6.50,25,100,75,75,75,75,100,75,75,75,11.00,-2.00,50,25,25,incomplete,0,0,-1,-1,-1,-1,-1,-1,-1,-1,-1,-1,-1,-1,-1,-1,-1,-1,3.25,3.25,2.00,1.13,1.50,2.29,3.65,1.44,2.63,0.00,3.01,0.00,0.00,11.00,4.90,2.50,1.62,1.22,2.01,1.23,1.24,N/A,N/A,N/A,N/A,1.83,1.95,N/A,N/A,N/A,N/A,1.85,N/A,0,25,25,25,25,1.25,2.20,5.00,3.75,1.62,1.17,1.14,1.67,3.25,5.50,2.10,1.33,N/A,N/A,N/A,N/A,0,N/A,N/A,N/A,3.00,3.00,0,/czech-republic/fc-viktoria-plzen-vs-sk-sigma-olomouc-h2h-stats
1700143200,Nov 16 2023 - 2:00pm,Cameroon,Elite Two,Eding Sport,ISOHSA,3.00,1.50,3.00,1.50,2.25,25,100,50,50,25,0,25,0,0,0,12.50,0.00,75,75,75,incomplete,0,0,-1,-1,-1,-1,-1,-1,-1,-1,-1,-1,-1,-1,-1,-1,-1,-1,N/A,N/A,N/A,N/A,N/A,N/A,N/A,N/A,N/A,1.11,0.00,0.00,0.00,N/A,N/A,N/A,N/A,N/A,N/A,N/A,N/A,N/A,N/A,N/A,N/A,N/A,N/A,N/A,N/A,N/A,N/A,N/A,N/A,0,50,50,75,100,N/A,N/A,N/A,N/A,N/A,N/A,N/A,N/A,N/A,N/A,N/A,N/A,N/A,N/A,N/A,N/A,0,N/A,N/A,N/A,2.40,2.00,0,/cameroon/eding-sport-fc-de-la-lekie-vs-isles-of-hope-sports-academy-h2h-stats
1700145000,Nov 16 2023 - 2:30pm,International,WC Qualification Asia,Iran,Hong Kong,0.00,1.50,0.00,1.50,1.50,0,50,50,25,25,0,50,25,25,0,8.00,1.50,25,25,25,incomplete,0,0,-1,-1,-1,-1,-1,-1,-1,-1,-1,-1,-1,-1,-1,-1,-1,-1,1.01,13.00,19.00,1.03,1.10,1.40,1.93,2.25,1.57,0.00,2.20,0.00,0.00,16.25,11.00,6.00,2.75,1.80,1.00,1.02,8.50,N/A,N/A,N/A,1.37,2.10,2.07,2.65,N/A,2.85,2.22,1.67,1.42,0,0,25,25,50,1.08,1.54,2.61,7.00,2.39,1.46,1.05,1.29,1.83,11.00,3.50,1.83,N/A,N/A,N/A,N/A,0,1.07,26.00,8.60,0.00,1.50,1,/international/iran-national-team-vs-hong-kong-national-team-h2h-stats
1700145900,Nov 16 2023 - 2:45pm,International,WC Qualification Asia,Iraq,Indonesia,0.00,3.00,0.00,3.00,3.00,0,50,50,50,50,50,50,50,50,50,9.00,0.50,50,50,50,incomplete,0,0,-1,-1,-1,-1,-1,-1,-1,-1,-1,-1,-1,-1,-1,-1,-1,-1,1.30,4.95,11.00,1.33,1.90,3.50,6.70,2.63,1.44,0.00,2.79,0.00,0.00,9.00,3.25,1.80,1.29,1.10,1.07,1.17,3.05,N/A,N/A,1.34,1.64,2.09,2.76,3.74,2.88,2.12,1.69,1.39,1.21,0,0,0,0,0,1.38,2.80,7.25,2.80,1.38,1.08,1.25,2.20,5.00,3.75,1.62,1.17,N/A,N/A,N/A,N/A,0,1.28,9.70,4.86,0.00,3.00,1,/international/iraq-national-team-vs-indonesia-national-team-h2h-stats
1700146800,Nov 16 2023 - 3:00pm,International,WC Qualification Asia,Oman,Taiwan,0.00,3.00,0.00,3.00,1.75,0,50,50,50,25,0,50,25,25,25,5.50,1.00,25,25,25,incomplete,0,0,-1,-1,-1,-1,-1,-1,-1,-1,-1,-1,-1,-1,-1,-1,-1,-1,1.05,12.50,32.00,1.04,1.18,1.62,1.89,2.25,1.57,0.00,1.71,0.00,0.00,13.00,10.00,4.30,2.20,1.83,1.01,1.02,8.50,N/A,N/A,1.26,1.50,2.38,2.39,3.20,3.34,2.41,1.87,1.51,1.28,0,0,0,25,50,1.13,1.72,3.16,5.45,2.06,1.33,1.08,1.44,2.38,8.00,2.63,1.53,N/A,N/A,N/A,N/A,0,1.09,20.00,8.15,0.00,3.00,1,/international/taiwan-national-team-vs-oman-national-team-h2h-stats
1700146800,Nov 16 2023 - 3:00pm,Mexico,U23 League,Atlas U23,Necaxa U23,1.53,1.82,1.53,1.82,2.79,56,94,76,59,29,18,44,27,50,27,11.08,-1.71,66,60,54,incomplete,0,0,-1,-1,-1,-1,-1,-1,-1,-1,-1,-1,-1,-1,-1,-1,-1,-1,N/A,N/A,N/A,N/A,N/A,N/A,N/A,N/A,N/A,1.25,1.43,0.00,0.00,N/A,N/A,N/A,N/A,N/A,N/A,N/A,N/A,N/A,N/A,N/A,N/A,N/A,N/A,N/A,N/A,N/A,N/A,N/A,N/A,6,24,41,71,82,N/A,N/A,N/A,N/A,N/A,N/A,N/A,N/A,N/A,N/A,N/A,N/A,N/A,N/A,N/A,N/A,13,N/A,N/A,N/A,1.53,1.82,0,/mexico/atlas-under-23-vs-club-necaxa-under-23-h2h-stats
1700148600,Nov 16 2023 - 3:30pm,Ivory Coast,Ivory Coast Ligue 1,SOA,Denguélé,1.00,1.60,1.00,1.60,1.68,20,78,40,20,20,10,45,0,40,40,4.40,2.00,20,20,20,incomplete,0,0,-1,-1,-1,-1,-1,-1,-1,-1,-1,-1,-1,-1,-1,-1,-1,-1,N/A,N/A,N/A,N/A,N/A,N/A,N/A,N/A,N/A,0.00,1.33,0.00,0.00,N/A,N/A,N/A,N/A,N/A,N/A,N/A,N/A,N/A,N/A,N/A,N/A,N/A,N/A,N/A,N/A,N/A,N/A,N/A,N/A,23,60,80,80,90,N/A,N/A,N/A,N/A,N/A,N/A,N/A,N/A,N/A,N/A,N/A,N/A,N/A,N/A,N/A,N/A,0,N/A,N/A,N/A,1.22,2.00,10,/ivory-coast/societe-omnisports-de-larmee-vs-as-denguele-dodienne-h2h-stats
1700148600,Nov 16 2023 - 3:30pm,Ivory Coast,Ivory Coast Ligue 1,Sporting Gagnoa,AFAD,1.40,1.00,1.40,1.00,1.80,33,88,33,23,13,13,13,0,43,0,5.00,0.00,17,17,17,incomplete,0,0,-1,-1,-1,-1,-1,-1,-1,-1,-1,-1,-1,-1,-1,-1,-1,-1,2.49,2.74,2.83,N/A,N/A,N/A,N/A,N/A,N/A,0.00,0.91,0.00,0.00,N/A,N/A,N/A,N/A,N/A,N/A,N/A,N/A,N/A,N/A,N/A,N/A,N/A,N/A,N/A,N/A,N/A,N/A,N/A,N/A,13,68,78,88,88,N/A,N/A,N/A,N/A,N/A,N/A,N/A,N/A,N/A,N/A,N/A,N/A,N/A,N/A,N/A,N/A,0,N/A,N/A,N/A,1.22,0.67,10,/ivory-coast/sporting-club-de-gagnoa-vs-academie-de-football-amadou-diallo-de-djekanou-h2h-stats
1700148600,Nov 16 2023 - 3:30pm,Ivory Coast,Ivory Coast Ligue 1,Stade d'Abidjan,San-Pédro,0.75,2.40,0.75,2.40,2.43,48,88,78,35,23,10,65,23,78,45,8.33,1.00,50,50,50,incomplete,0,0,-1,-1,-1,-1,-1,-1,-1,-1,-1,-1,-1,-1,-1,-1,-1,-1,3.75,2.90,2.00,1.50,2.63,N/A,N/A,N/A,N/A,0.82,1.01,0.00,0.00,N/A,2.40,1.44,N/A,N/A,N/A,N/A,N/A,N/A,N/A,N/A,N/A,N/A,N/A,N/A,N/A,N/A,N/A,N/A,N/A,13,23,65,78,90,N/A,N/A,N/A,N/A,N/A,N/A,N/A,N/A,N/A,N/A,N/A,N/A,N/A,N/A,N/A,N/A,13,N/A,N/A,N/A,1.22,2.33,10,/ivory-coast/san-pedro-fc-vs-stade-dabidjan-h2h-stats
1700148600,Nov 16 2023 - 3:30pm,Ivory Coast,Ivory Coast Ligue 1,SOL,Mouna,1.20,0.50,1.20,0.50,2.13,65,88,78,23,13,13,65,10,55,20,10.00,0.00,55,45,20,incomplete,0,0,-1,-1,-1,-1,-1,-1,-1,-1,-1,-1,-1,-1,-1,-1,-1,-1,2.20,2.75,3.40,N/A,2.38,N/A,N/A,N/A,N/A,1.12,0.89,0.00,0.00,N/A,N/A,1.53,N/A,N/A,N/A,N/A,N/A,N/A,N/A,N/A,N/A,N/A,N/A,N/A,N/A,N/A,N/A,N/A,N/A,13,23,78,88,88,N/A,N/A,N/A,N/A,N/A,N/A,N/A,N/A,N/A,N/A,N/A,N/A,N/A,N/A,N/A,N/A,10,N/A,N/A,N/A,0.89,0.78,10,/ivory-coast/sol-fc-vs-fc-mouna-dakoupe-h2h-stats
1700149500,Nov 16 2023 - 3:45pm,International,WC Qualification Asia,Qatar,Afghanistan,0.00,3.00,0.00,3.00,0.50,0,50,0,0,0,0,0,0,50,0,6.00,2.50,50,25,0,incomplete,0,0,-1,-1,-1,-1,-1,-1,-1,-1,-1,-1,-1,-1,-1,-1,-1,-1,1.01,10.00,29.00,1.03,1.16,2.25,2.00,4.00,1.22,0.00,1.28,0.00,0.00,19.50,12.50,4.50,1.57,1.67,1.00,1.00,26.00,N/A,N/A,1.25,1.45,1.75,2.20,2.80,3.80,2.65,2.00,1.63,1.40,0,50,50,50,50,1.09,1.40,2.20,6.75,2.70,1.58,1.05,1.29,1.88,9.75,3.30,1.80,N/A,N/A,N/A,N/A,0,1.04,15.00,14.90,0.00,3.00,1,/international/afghanistan-national-team-vs-qatar-national-team-h2h-stats
1700149500,Nov 16 2023 - 3:45pm,International,WC Qualification Asia,UAE,Nepal,0.00,2.00,0.00,2.00,0.75,25,50,25,0,0,0,25,0,50,0,4.50,1.50,25,25,0,incomplete,0,0,-1,-1,-1,-1,-1,-1,-1,-1,-1,-1,-1,-1,-1,-1,-1,-1,1.01,13.00,19.00,1.05,1.18,1.61,2.10,4.33,1.20,0.00,1.46,0.00,0.00,17.00,9.00,4.30,2.18,1.67,1.00,1.02,8.50,N/A,N/A,1.25,1.45,1.75,2.20,2.80,3.80,2.65,2.00,1.63,1.40,0,25,50,50,50,1.12,1.66,2.95,5.80,2.15,1.37,1.04,1.35,2.06,9.30,3.05,1.72,N/A,N/A,N/A,N/A,0,1.07,25.00,8.60,0.00,2.00,1,/international/united-arab-emirates-national-team-vs-nepal-national-team-h2h-stats
1700150400,Nov 16 2023 - 4:00pm,Czech Republic,3. Liga MSFL,Hranice,Slovácko II,1.07,0.88,1.07,0.88,2.86,62,100,81,59,30,17,72,26,87,53,9.03,-2.00,69,56,45,incomplete,0,0,-1,-1,-1,-1,-1,-1,-1,-1,-1,-1,-1,-1,-1,-1,-1,-1,N/A,N/A,N/A,N/A,N/A,N/A,N/A,N/A,N/A,1.59,1.18,0.00,0.00,N/A,N/A,N/A,N/A,N/A,N/A,N/A,N/A,N/A,N/A,N/A,N/A,N/A,N/A,N/A,N/A,N/A,N/A,N/A,N/A,0,19,42,71,84,N/A,N/A,N/A,N/A,N/A,N/A,N/A,N/A,N/A,N/A,N/A,N/A,N/A,N/A,N/A,N/A,7,N/A,N/A,N/A,1.07,0.88,16,/czech-republic/1-fc-slovacko-ii-vs-sk-hranice-h2h-stats
1700150400,Nov 16 2023 - 4:00pm,Czech Republic,Czech Cup,České Budějovice,Jablonec,3.00,2.00,3.00,2.00,3.50,75,100,100,50,50,25,100,0,100,50,13.00,-2.00,75,75,50,incomplete,0,0,-1,-1,-1,-1,-1,-1,-1,-1,-1,-1,-1,-1,-1,-1,-1,-1,2.40,3.10,2.63,1.26,1.85,2.25,5.70,1.67,2.10,2.82,2.62,0.00,0.00,8.50,3.34,1.95,1.60,1.09,1.46,1.28,1.52,N/A,N/A,N/A,N/A,2.10,N/A,N/A,N/A,N/A,N/A,N/A,N/A,0,0,50,50,75,1.38,2.65,6.75,2.80,1.42,1.09,1.20,1.91,4.00,4.33,1.80,1.22,N/A,N/A,N/A,N/A,0,N/A,N/A,N/A,3.00,2.00,0,/czech-republic/fk-jablonec--vs-sk-dynamo-ceske-budejovice-h2h-stats
1700152200,Nov 16 2023 - 4:30pm,International,WC Qualification Asia,Kuwait,India,0.00,0.00,0.00,0.00,0.00,0,0,0,0,0,0,0,0,0,0,0.00,0.00,0,0,0,incomplete,0,0,-1,-1,-1,-1,-1,-1,-1,-1,-1,-1,-1,-1,-1,-1,-1,-1,1.62,3.40,5.00,1.40,2.35,4.33,9.00,2.25,1.57,0.00,0.00,0.00,0.00,6.50,2.75,1.53,1.20,1.05,1.15,1.25,2.00,N/A,N/A,1.40,1.68,2.12,2.75,3.80,2.85,2.10,1.67,1.42,1.24,0,0,0,0,0,1.51,3.42,9.30,2.46,1.29,1.04,1.33,2.63,6.50,3.25,1.44,1.11,N/A,N/A,N/A,N/A,0,1.48,7.50,3.55,0.00,0.00,1,/international/india-national-team-vs-kuwait-national-team-h2h-stats
1700152200,Nov 16 2023 - 4:30pm,International,WC Qualification Asia,Saudi Arabia,Pakistan,0.00,2.00,0.00,2.00,0.25,0,25,0,0,0,0,0,0,25,0,3.00,2.50,0,0,0,incomplete,0,0,-1,-1,-1,-1,-1,-1,-1,-1,-1,-1,-1,-1,-1,-1,-1,-1,1.01,13.00,21.00,1.02,1.05,1.20,1.50,6.00,1.13,0.00,0.66,0.00,0.00,N/A,15.00,8.00,4.33,2.50,1.00,1.01,34.00,N/A,N/A,N/A,1.22,1.44,1.72,2.13,N/A,3.65,2.65,2.05,1.67,25,50,50,50,50,1.03,1.34,2.03,10.00,3.10,1.74,1.02,1.12,1.51,19.00,5.60,2.46,N/A,N/A,N/A,N/A,0,1.04,17.00,14.70,0.00,2.00,1,/international/saudi-arabia-national-team-vs-pakistan-national-team-h2h-stats
1700154000,Nov 16 2023 - 5:00pm,International,International Friendlies,Norway,Faroe Islands,3.00,0.00,3.00,0.00,3.50,0,100,50,50,50,50,50,50,100,50,11.00,3.00,0,0,0,incomplete,0,0,-1,-1,-1,-1,-1,-1,-1,-1,-1,-1,-1,-1,-1,-1,-1,-1,1.09,8.10,13.00,1.11,1.40,2.10,3.40,2.38,1.53,2.94,0.60,0.00,0.00,15.00,6.00,2.75,1.68,1.30,1.02,1.04,6.50,N/A,N/A,1.43,1.78,2.37,3.30,3.90,2.55,1.85,1.49,1.26,1.23,0,50,50,50,50,1.22,1.91,4.00,4.00,1.80,1.22,1.14,1.67,3.25,5.50,2.10,1.33,N/A,N/A,N/A,N/A,0,1.10,18.00,8.00,3.00,0.00,0,/international/norway-national-team-vs-faroe-islands-national-team-h2h-stats
1700154000,Nov 16 2023 - 5:00pm,International,UEFA Euro Qualifiers,Georgia,Scotland,1.17,2.50,1.17,2.50,3.09,42,100,100,59,17,9,75,34,92,42,5.67,4.83,9,0,0,incomplete,0,0,-1,-1,-1,-1,-1,-1,-1,-1,-1,-1,-1,-1,-1,-1,-1,-1,3.47,3.35,2.16,1.37,2.18,3.70,7.50,1.83,1.83,1.13,0.88,0.00,0.00,7.75,2.90,1.69,1.24,1.08,1.72,1.28,1.32,N/A,N/A,1.55,1.91,2.41,3.42,5.05,2.40,1.89,1.55,1.25,1.12,0,0,42,84,92,1.44,3.25,9.00,2.63,1.33,1.07,1.29,2.25,5.50,3.50,1.57,1.14,N/A,N/A,N/A,N/A,0,2.58,8.40,1.72,1.17,2.50,9,/international/georgia-national-team-vs-scotland-national-team-h2h-stats
1700154000,Nov 16 2023 - 5:00pm,International,UEFA Euro Qualifiers,Estonia,Austria,0.17,2.29,0.17,2.29,3.24,52,100,93,62,38,31,79,41,92,61,8.57,4.31,77,52,22,incomplete,0,0,-1,-1,-1,-1,-1,-1,-1,-1,-1,-1,-1,-1,-1,-1,-1,-1,9.85,5.30,1.32,1.26,1.81,3.10,6.00,2.25,1.57,0.93,1.20,0.00,0.00,13.00,4.00,2.01,1.38,1.13,3.50,1.12,1.03,N/A,N/A,1.33,1.59,1.94,2.40,3.56,3.10,2.32,1.86,1.55,1.23,0,7,38,62,69,1.33,2.63,6.50,3.25,1.44,1.11,1.20,2.00,4.33,4.33,1.73,1.20,N/A,N/A,N/A,N/A,0,6.65,12.75,1.16,0.17,2.29,9,/international/austria-national-team-vs-estonia-national-team-h2h-stats
1700154000,Nov 16 2023 - 5:00pm,International,UEFA Euro Qualifiers,Azerbaijan,Sweden,0.67,1.17,0.67,1.17,3.09,33,100,84,50,42,33,75,33,75,58,9.17,4.16,83,67,34,incomplete,0,0,-1,-1,-1,-1,-1,-1,-1,-1,-1,-1,-1,-1,-1,-1,-1,-1,6.90,4.32,1.48,1.32,1.96,3.40,6.50,2.10,1.67,1.01,1.57,0.00,0.00,9.00,3.20,1.85,1.29,1.10,2.70,1.19,1.09,N/A,N/A,1.26,1.57,1.91,2.39,3.20,3.34,2.36,1.89,1.56,1.28,0,17,50,59,67,1.40,2.75,8.00,2.75,1.40,1.08,1.25,2.10,4.50,3.75,1.67,1.18,N/A,N/A,N/A,N/A,17,4.20,10.25,1.33,0.67,1.17,9,/international/sweden-national-team-vs-azerbaijan-national-team-h2h-stats
1700154000,Nov 16 2023 - 5:00pm,International,UEFA Euro Qualifiers,Cyprus,Spain,0.00,2.50,0.00,2.50,3.77,23,100,92,75,45,24,77,38,93,69,8.47,4.17,40,31,23,incomplete,0,0,-1,-1,-1,-1,-1,-1,-1,-1,-1,-1,-1,-1,-1,-1,-1,-1,28.50,12.00,1.07,1.07,1.28,1.75,2.65,2.38,1.53,0.78,1.84,0.00,0.00,34.00,8.50,3.75,2.10,1.48,9.10,1.04,1.01,N/A,N/A,1.13,1.26,1.55,1.86,2.28,4.90,3.40,2.40,1.94,1.61,0,9,25,55,77,1.17,1.80,3.50,5.00,1.91,1.29,1.10,1.50,2.50,7.00,2.50,1.50,N/A,N/A,N/A,N/A,17,17.00,17.00,1.03,0.00,2.50,9,/international/spain-national-team-vs-cyprus-national-team-h2h-stats
1700154000,Nov 16 2023 - 5:00pm,International,UEFA Euro Qualifiers,Bulgaria,Hungary,0.33,2.33,0.33,2.33,2.34,50,92,83,50,9,0,75,50,50,25,10.83,3.83,50,50,25,incomplete,0,0,-1,-1,-1,-1,-1,-1,-1,-1,-1,-1,-1,-1,-1,-1,-1,-1,5.05,3.67,1.73,1.37,2.18,3.80,7.50,2.10,1.67,1.11,1.28,0.00,0.00,8.00,2.87,1.69,1.24,1.08,2.15,1.24,1.17,N/A,N/A,1.43,1.73,2.20,2.80,3.90,2.65,2.00,1.60,1.38,1.21,9,17,50,92,100,1.44,3.25,10.00,2.63,1.33,1.06,1.29,2.25,5.50,3.50,1.57,1.14,N/A,N/A,N/A,N/A,17,3.21,7.50,1.55,0.33,2.33,9,/international/hungary-national-team-vs-bulgaria-national-team-h2h-stats
1700154000,Nov 16 2023 - 5:00pm,Lithuania,A Lyga Women,Gintra-Universitetas W,FK Vilnius W,2.80,1.55,2.80,1.55,4.69,57,100,96,72,48,34,38,18,33,28,11.63,1.00,69,69,69,incomplete,0,0,-1,-1,-1,-1,-1,-1,-1,-1,-1,-1,-1,-1,-1,-1,-1,-1,N/A,N/A,N/A,N/A,N/A,N/A,N/A,N/A,N/A,2.58,1.57,0.00,0.00,N/A,N/A,N/A,N/A,N/A,N/A,N/A,N/A,N/A,N/A,N/A,N/A,N/A,N/A,N/A,N/A,N/A,N/A,N/A,N/A,0,5,29,53,67,N/A,N/A,N/A,N/A,N/A,N/A,N/A,N/A,N/A,N/A,N/A,N/A,N/A,N/A,N/A,N/A,17,N/A,N/A,N/A,2.82,1.55,17,/lithuania/fk-gintra-universitetas-women-vs-fk-vilnius-women-h2h-stats
1700154000,Nov 16 2023 - 5:00pm,International,WC Qualification Asia,Syria,North Korea,0.00,0.00,0.00,0.00,0.00,0,0,0,0,0,0,0,0,0,0,0.00,0.00,0,0,0,incomplete,0,0,-1,-1,-1,-1,-1,-1,-1,-1,-1,-1,-1,-1,-1,-1,-1,-1,1.72,3.25,4.35,N/A,2.10,N/A,N/A,2.00,1.75,0.00,0.00,0.00,0.00,N/A,N/A,1.68,N/A,N/A,N/A,N/A,N/A,N/A,N/A,N/A,N/A,N/A,N/A,N/A,N/A,N/A,N/A,N/A,N/A,0,0,0,0,0,1.44,3.25,10.00,2.63,1.33,1.06,1.29,2.25,5.50,3.50,1.57,1.14,N/A,N/A,N/A,N/A,0,N/A,N/A,N/A,0.00,0.00,1,/international/syria-national-team-vs-north-korea-national-team-h2h-stats
1700154000,Nov 16 2023 - 5:00pm,Italy,Serie C Group B,Sestri Levante,Rimini,1.00,1.00,1.00,1.00,2.63,46,96,63,46,30,13,75,42,80,25,10.25,1.58,67,59,46,incomplete,0,0,-1,-1,-1,-1,-1,-1,-1,-1,-1,-1,-1,-1,-1,-1,-1,-1,2.16,3.15,2.99,1.32,2.20,3.56,6.90,1.91,1.80,1.46,1.36,0.00,0.00,8.20,2.98,1.62,1.23,1.05,1.29,1.27,1.58,N/A,N/A,N/A,1.37,2.20,2.13,2.85,N/A,2.85,2.03,1.63,1.37,4,38,55,71,88,1.42,2.99,7.60,2.66,1.34,1.05,1.29,2.25,5.50,3.50,1.57,1.14,N/A,N/A,N/A,N/A,39,N/A,N/A,N/A,1.00,1.00,11,/italy/ac-rimini-vs-us-sestri-levante-h2h-stats
1700154000,Nov 16 2023 - 5:00pm,Europe,UEFA U21 Championship Qualification,Malta U21,Kazakhstan U21,0.00,0.00,0.00,0.00,2.92,13,100,84,54,29,13,71,25,100,54,2.58,4.92,54,54,25,incomplete,0,0,-1,-1,-1,-1,-1,-1,-1,-1,-1,-1,-1,-1,-1,-1,-1,-1,2.90,3.30,2.20,1.28,2.00,3.30,7.00,1.80,1.95,0.39,0.59,0.00,0.00,8.50,3.30,1.80,1.28,1.06,1.45,1.25,1.45,N/A,N/A,1.26,1.47,1.82,2.26,3.10,3.50,2.56,1.98,1.60,1.32,0,17,46,71,88,1.41,2.95,7.40,2.70,1.35,1.06,1.24,2.19,4.70,3.70,1.61,1.16,N/A,N/A,N/A,N/A,0,2.17,6.00,2.12,0.00,0.00,0,/europe/kazakhstan-u21-vs-malta-u21-h2h-stats
1700155800,Nov 16 2023 - 5:30pm,Europe,UEFA U21 Championship Qualification,San Marino U21,Italy U21,0.00,2.33,0.00,2.33,2.79,0,84,84,38,25,25,84,38,84,25,6.17,6.42,84,54,38,incomplete,0,0,-1,-1,-1,-1,-1,-1,-1,-1,-1,-1,-1,-1,-1,-1,-1,-1,41.00,26.00,1.01,1.02,1.08,1.29,1.65,3.90,1.21,0.57,2.01,0.00,0.00,17.00,15.00,7.00,3.25,2.10,29.00,1.01,N/A,N/A,N/A,N/A,N/A,N/A,1.85,1.89,N/A,N/A,N/A,1.95,1.76,17,17,63,75,75,1.06,1.35,2.05,8.25,2.95,1.66,1.05,1.28,1.85,10.00,3.40,1.83,N/A,N/A,N/A,N/A,0,60.00,16.00,1.01,0.00,2.33,0,/europe/italy-u21-vs-san-marino-u21-h2h-stats
1700157600,Nov 16 2023 - 6:00pm,Europe,UEFA U21 Championship Qualification,Wales U21,Iceland U21,1.67,3.00,1.67,3.00,2.84,75,100,75,59,34,17,75,0,100,59,8.67,6.83,34,34,34,incomplete,0,0,-1,-1,-1,-1,-1,-1,-1,-1,-1,-1,-1,-1,-1,-1,-1,-1,2.35,3.30,2.75,1.28,1.95,3.10,5.75,1.72,2.09,0.00,2.10,0.00,0.00,9.50,3.40,1.85,1.33,1.12,1.44,1.29,1.53,N/A,N/A,1.25,1.46,2.38,2.24,2.80,3.50,2.60,2.00,1.61,1.38,0,25,42,67,84,1.37,2.70,6.75,2.85,1.41,1.09,1.23,2.05,4.33,3.75,1.66,1.18,N/A,N/A,N/A,N/A,0,1.87,6.00,2.57,1.67,3.00,0,/europe/iceland-u21-vs-wales-u21-h2h-stats
1700157600,Nov 16 2023 - 6:00pm,Brazil,Potiguar 2,Riachuelo AC,Parnamirim,0.00,0.75,0.00,0.75,5.25,38,100,100,88,88,88,25,13,25,25,5.67,5.00,50,50,50,incomplete,0,0,-1,-1,-1,-1,-1,-1,-1,-1,-1,-1,-1,-1,-1,-1,-1,-1,N/A,N/A,N/A,N/A,N/A,N/A,N/A,N/A,N/A,0.43,1.19,0.00,0.00,N/A,N/A,N/A,N/A,N/A,N/A,N/A,N/A,N/A,N/A,N/A,N/A,N/A,N/A,N/A,N/A,N/A,N/A,N/A,N/A,0,0,13,13,13,N/A,N/A,N/A,N/A,N/A,N/A,N/A,N/A,N/A,N/A,N/A,N/A,N/A,N/A,N/A,N/A,0,N/A,N/A,N/A,0.00,1.44,10,/brazil/parnamirim-sc-vs-riachuelo-atletico-clube-h2h-stats
1700157600,Nov 16 2023 - 6:00pm,International,WC Qualification Asia,Yemen,Bahrain,2.00,0.00,2.00,0.00,1.25,25,50,50,25,0,0,50,0,50,25,2.50,1.00,25,25,0,incomplete,0,0,-1,-1,-1,-1,-1,-1,-1,-1,-1,-1,-1,-1,-1,-1,-1,-1,7.00,3.75,1.40,1.54,2.40,4.33,8.00,3.25,1.33,1.41,0.00,0.00,0.00,6.50,2.32,1.50,1.20,1.06,3.40,1.18,1.02,N/A,N/A,1.40,1.68,2.12,2.75,3.80,2.85,2.10,1.67,1.42,1.24,0,0,25,50,50,1.52,3.48,9.50,2.44,1.28,1.04,1.33,2.50,6.00,3.25,1.50,1.13,N/A,N/A,N/A,N/A,0,5.27,8.90,1.27,2.00,0.00,1,/international/bahrain-national-team-vs-yemen-national-team-h2h-stats
1700157600,Nov 16 2023 - 6:00pm,El Salvador,Reserve League,Luis Ángel Firpo U20,Once Deportivo U20,1.75,0.38,1.75,0.38,3.94,76,94,88,88,57,32,63,51,69,57,8.00,0.00,59,42,42,incomplete,0,0,-1,-1,-1,-1,-1,-1,-1,-1,-1,-1,-1,-1,-1,-1,-1,-1,1.22,6.00,8.00,N/A,1.33,N/A,N/A,N/A,N/A,1.83,1.12,0.00,0.00,N/A,N/A,3.25,N/A,N/A,N/A,N/A,N/A,N/A,N/A,N/A,N/A,N/A,N/A,N/A,N/A,N/A,N/A,N/A,N/A,7,13,13,44,69,N/A,N/A,N/A,N/A,N/A,N/A,N/A,N/A,N/A,N/A,N/A,N/A,N/A,N/A,N/A,N/A,42,N/A,N/A,N/A,1.28,1.00,20,/el-salvador/11-deportivo-fc-u20-vs-cd-luis-angel-firpo-under-20-h2h-stats
1700157600,Nov 16 2023 - 6:00pm,Brazil,Carioca B2,Bonsucesso,SE Belford Roxo,1.89,2.20,1.89,2.20,2.20,42,85,69,42,10,10,57,21,59,21,8.66,0.78,47,18,12,suspended,0,0,-1,-1,-1,-1,-1,-1,-1,-1,-1,-1,-1,-1,-1,-1,-1,-1,2.45,3.30,2.63,N/A,1.98,N/A,N/A,N/A,N/A,1.41,1.95,0.00,0.00,N/A,N/A,1.77,N/A,N/A,N/A,N/A,N/A,N/A,N/A,N/A,N/A,2.25,N/A,N/A,N/A,N/A,N/A,N/A,N/A,16,32,59,90,90,N/A,N/A,N/A,N/A,N/A,N/A,N/A,N/A,N/A,N/A,N/A,N/A,N/A,N/A,N/A,N/A,25,N/A,N/A,N/A,1.89,2.20,0,/brazil/bonsucesso-fc-vs-se-belford-roxo-h2h-stats
1700157600,Nov 16 2023 - 6:00pm,Brazil,Carioca B2,Rio de Janeiro,São Cristóvão RJ,1.89,1.89,1.89,1.89,2.78,39,95,67,56,39,17,33,22,44,17,11.23,1.11,67,62,39,suspended,0,0,-1,-1,-1,-1,-1,-1,-1,-1,-1,-1,-1,-1,-1,-1,-1,-1,2.38,3.20,2.63,N/A,1.93,N/A,N/A,N/A,N/A,1.88,1.36,0.00,0.00,N/A,N/A,1.80,N/A,N/A,N/A,N/A,N/A,N/A,N/A,N/A,N/A,2.10,N/A,N/A,N/A,N/A,N/A,N/A,N/A,6,33,45,62,84,N/A,N/A,N/A,N/A,N/A,N/A,N/A,N/A,N/A,N/A,N/A,N/A,N/A,N/A,N/A,N/A,25,N/A,N/A,N/A,1.89,1.89,0,/brazil/sao-cristovao-fr-vs-football-club-rio-de-janeiro-h2h-stats
1700157600,Nov 16 2023 - 6:00pm,Ivory Coast,Ivory Coast Ligue 1,Zoman,Korhogo,1.75,1.60,1.75,1.60,1.68,33,88,43,13,13,13,55,13,55,33,9.20,0.00,55,55,45,incomplete,0,0,-1,-1,-1,-1,-1,-1,-1,-1,-1,-1,-1,-1,-1,-1,-1,-1,2.50,2.70,2.90,1.50,2.75,N/A,N/A,N/A,N/A,1.01,1.37,0.00,0.00,N/A,2.40,1.40,N/A,N/A,N/A,N/A,N/A,N/A,N/A,N/A,N/A,N/A,N/A,N/A,N/A,N/A,N/A,N/A,N/A,13,58,88,88,88,N/A,N/A,N/A,N/A,N/A,N/A,N/A,N/A,N/A,N/A,N/A,N/A,N/A,N/A,N/A,N/A,13,N/A,N/A,N/A,1.78,1.67,10,/ivory-coast/co-korhogo-vs-zoman-fc-h2h-stats
1700159400,Nov 16 2023 - 6:30pm,Germany,State Leagues Bremen,SC Weyhe,Schwachhausen,0.64,0.64,0.64,0.64,4.36,50,96,91,78,50,41,0,0,0,0,0.00,-2.00,0,0,0,incomplete,0,0,-1,-1,-1,-1,-1,-1,-1,-1,-1,-1,-1,-1,-1,-1,-1,-1,N/A,N/A,N/A,N/A,N/A,N/A,N/A,N/A,N/A,0.00,0.00,0.00,0.00,N/A,N/A,N/A,N/A,N/A,N/A,N/A,N/A,N/A,N/A,N/A,N/A,N/A,N/A,N/A,N/A,N/A,N/A,N/A,N/A,5,9,23,50,59,N/A,N/A,N/A,N/A,N/A,N/A,N/A,N/A,N/A,N/A,N/A,N/A,N/A,N/A,N/A,N/A,0,N/A,N/A,N/A,0.64,0.64,8,/germany/tus-schwachhausen-vs-sc-weyhe-h2h-stats
1700161200,Nov 16 2023 - 7:00pm,Austria,Landesliga Niederösterreich,Kottingbrunn,Kilb,0.85,1.64,0.85,1.64,2.76,63,100,82,44,30,11,22,8,30,22,9.67,-1.71,63,54,42,incomplete,0,0,-1,-1,-1,-1,-1,-1,-1,-1,-1,-1,-1,-1,-1,-1,-1,-1,3.00,3.30,2.10,N/A,1.80,N/A,N/A,N/A,N/A,1.75,1.12,0.00,0.00,N/A,N/A,1.91,N/A,N/A,N/A,N/A,N/A,N/A,N/A,N/A,N/A,N/A,N/A,N/A,N/A,N/A,N/A,N/A,N/A,0,19,56,71,89,N/A,N/A,N/A,N/A,N/A,N/A,N/A,N/A,N/A,N/A,N/A,N/A,N/A,N/A,N/A,N/A,13,N/A,N/A,N/A,0.85,1.64,15,/austria/ask-kottingbrunn-vs-scu-gld-kilb-h2h-stats
1700161200,Nov 16 2023 - 7:00pm,International,CONCACAF Nations League,British Virgin Islands,Dominica,1.67,2.00,1.67,2.00,2.92,75,100,100,59,34,0,100,34,100,42,12.17,2.33,67,67,42,incomplete,0,0,-1,-1,-1,-1,-1,-1,-1,-1,-1,-1,-1,-1,-1,-1,-1,-1,5.00,3.95,1.50,1.25,1.86,3.00,5.50,1.80,1.91,0.00,2.53,0.00,0.00,9.00,3.75,1.90,1.36,1.12,1.85,1.29,1.22,N/A,N/A,N/A,N/A,N/A,N/A,N/A,N/A,N/A,N/A,N/A,N/A,0,0,42,67,100,1.36,2.50,6.00,3.00,1.50,1.11,1.18,1.83,3.75,4.50,1.83,1.25,N/A,N/A,N/A,N/A,50,N/A,N/A,N/A,1.67,2.00,5,/international/dominica-national-team-vs-british-virgin-islands-h2h-stats
1700161200,Nov 16 2023 - 7:00pm,Europe,UEFA U21 Championship Qualification,Netherlands U21,Gibraltar U21,3.00,0.00,3.00,0.00,3.63,13,100,100,75,50,38,88,63,88,63,10.50,2.00,100,88,75,incomplete,0,0,-1,-1,-1,-1,-1,-1,-1,-1,-1,-1,-1,-1,-1,-1,-1,-1,1.01,34.00,51.00,N/A,1.02,1.06,1.16,4.33,1.19,2.03,0.00,0.00,0.00,N/A,N/A,12.00,8.50,4.60,N/A,N/A,81.00,N/A,N/A,N/A,1.17,1.31,1.52,1.83,N/A,4.50,3.10,2.36,1.87,0,0,25,50,63,1.02,1.14,1.46,13.00,5.25,2.50,1.02,1.10,1.29,15.00,6.50,3.25,N/A,N/A,N/A,N/A,0,1.02,18.00,18.50,3.00,0.00,0,/europe/gibraltar-u21-vs-netherlands-u21-h2h-stats
1700161200,Nov 16 2023 - 7:00pm,International,Elite League U20,England U20,Italy U20,0.00,2.33,0.00,2.33,1.92,42,100,67,25,0,0,84,50,59,0,12.17,-1.67,75,75,75,incomplete,0,0,-1,-1,-1,-1,-1,-1,-1,-1,-1,-1,-1,-1,-1,-1,-1,-1,1.92,3.35,3.35,1.30,1.93,3.25,6.00,1.80,1.91,1.83,1.22,0.00,0.00,8.00,3.40,1.83,1.33,1.11,1.25,1.30,1.80,N/A,N/A,N/A,N/A,N/A,N/A,N/A,N/A,N/A,N/A,N/A,N/A,0,34,75,100,100,1.36,2.62,6.50,3.00,1.44,1.10,1.22,2.00,4.33,4.00,1.73,1.20,N/A,N/A,N/A,N/A,50,N/A,N/A,N/A,0.00,2.33,0,/international/italy-under-20-vs-england-under-20-h2h-stats
1700161200,Nov 16 2023 - 7:00pm,Netherlands,KNVB Cup,Excelsior Maassluis,Volendam,3.00,0.00,3.00,0.00,0.50,0,50,0,0,0,0,0,0,0,0,16.00,-1.00,50,50,50,incomplete,0,0,-1,-1,-1,-1,-1,-1,-1,-1,-1,-1,-1,-1,-1,-1,-1,-1,12.00,6.50,1.22,1.06,1.28,1.70,2.60,1.71,2.06,0.00,0.00,0.00,0.00,11.75,6.85,3.34,1.95,1.41,4.05,1.10,1.04,N/A,N/A,N/A,N/A,N/A,N/A,2.00,N/A,N/A,N/A,N/A,1.80,0,50,50,50,50,1.17,1.88,3.72,4.65,1.87,1.25,1.10,1.51,2.52,5.90,2.46,1.49,N/A,N/A,N/A,N/A,0,N/A,N/A,N/A,3.00,0.00,0,/netherlands/fc-volendam-vs-excelsior-maassluis-h2h-stats
1700162100,Nov 16 2023 - 7:15pm,Scotland,SWPL 1,Aberdeen,Partick Thistle Women,1.20,1.50,1.20,1.50,3.63,33,100,88,65,53,33,88,43,88,68,6.35,2.27,65,43,33,incomplete,0,0,-1,-1,-1,-1,-1,-1,-1,-1,-1,-1,-1,-1,-1,-1,-1,-1,2.40,3.80,2.30,N/A,1.41,2.18,N/A,N/A,N/A,1.12,1.30,0.00,0.00,N/A,N/A,2.57,1.63,N/A,N/A,N/A,N/A,N/A,N/A,N/A,N/A,N/A,N/A,N/A,N/A,N/A,N/A,N/A,N/A,0,13,35,48,68,N/A,N/A,N/A,N/A,N/A,N/A,N/A,N/A,N/A,N/A,N/A,N/A,N/A,N/A,N/A,N/A,10,N/A,N/A,N/A,1.36,1.64,11,/scotland/aberdeen-lfc-vs-partick-thistle-lfc-h2h-stats
1700162100,Nov 16 2023 - 7:15pm,Malta,First Division Women,Birkirkara Women,Swieqi United W,3.00,3.00,3.00,3.00,7.25,13,100,100,84,84,84,0,0,0,0,0.00,0.00,0,0,0,incomplete,0,0,-1,-1,-1,-1,-1,-1,-1,-1,-1,-1,-1,-1,-1,-1,-1,-1,N/A,N/A,N/A,N/A,N/A,N/A,N/A,N/A,N/A,0.00,0.00,0.00,0.00,N/A,N/A,N/A,N/A,N/A,N/A,N/A,N/A,N/A,N/A,N/A,N/A,N/A,N/A,N/A,N/A,N/A,N/A,N/A,N/A,0,0,17,17,17,N/A,N/A,N/A,N/A,N/A,N/A,N/A,N/A,N/A,N/A,N/A,N/A,N/A,N/A,N/A,N/A,0,N/A,N/A,N/A,2.57,2.38,9,/malta/birkirkara-fc-women-vs-swieqi-united-women-h2h-stats
1700163000,Nov 16 2023 - 7:30pm,Uruguay,Primera División,Boston River,La Luz,1.38,1.21,1.38,1.21,2.15,31,90,57,34,24,7,64,34,70,31,8.58,6.17,44,41,27,incomplete,0,0,-1,-1,-1,-1,-1,-1,-1,-1,-1,-1,-1,-1,-1,-1,-1,-1,2.07,3.35,2.97,1.30,1.85,3.25,6.00,1.80,1.91,1.55,1.24,0.00,0.00,8.00,3.40,1.85,1.33,1.11,1.25,1.29,1.80,N/A,N/A,1.35,1.67,2.13,2.90,3.15,2.95,2.07,1.63,1.36,1.33,10,43,66,76,94,1.36,2.62,6.50,3.00,1.44,1.10,1.29,2.10,4.50,3.50,1.67,1.17,N/A,N/A,N/A,N/A,20,1.67,8.00,2.63,1.23,1.06,10,/uruguay/ca-boston-river-vs-la-luz-fc-h2h-stats
1700163900,Nov 16 2023 - 7:45pm,International,UEFA Euro Qualifiers,Montenegro,Lithuania,1.33,0.86,1.33,0.86,2.60,54,92,84,47,38,0,60,30,77,48,6.90,4.79,45,22,15,incomplete,0,0,-1,-1,-1,-1,-1,-1,-1,-1,-1,-1,-1,-1,-1,-1,-1,-1,1.34,5.00,9.50,1.28,1.88,3.10,5.75,2.25,1.57,1.27,0.92,0.00,0.00,10.00,3.40,1.93,1.33,1.12,1.04,1.15,3.30,N/A,N/A,1.35,1.65,2.06,2.71,3.74,2.98,2.24,1.76,1.38,1.21,9,17,54,62,100,1.36,2.75,7.00,3.00,1.40,1.10,1.22,2.10,4.50,4.00,1.67,1.18,N/A,N/A,N/A,N/A,0,1.15,13.00,7.00,1.33,0.86,9,/international/montenegro-national-team-vs-lithuania-national-team-h2h-stats
1700163900,Nov 16 2023 - 7:45pm,International,UEFA Euro Qualifiers,Slovakia,Iceland,2.00,1.25,2.00,1.25,2.57,32,94,63,51,26,13,75,50,69,26,12.25,4.13,76,57,44,incomplete,0,0,-1,-1,-1,-1,-1,-1,-1,-1,-1,-1,-1,-1,-1,-1,-1,-1,1.75,3.60,4.75,1.35,2.10,3.60,7.00,2.00,1.73,1.35,1.90,0.00,0.00,8.25,2.95,1.70,1.26,1.09,1.13,1.22,1.91,N/A,N/A,1.27,1.56,1.92,2.43,3.28,3.28,2.39,1.88,1.55,1.27,7,38,51,76,88,1.44,3.25,9.00,2.63,1.33,1.07,1.29,2.25,5.50,3.50,1.57,1.14,N/A,N/A,N/A,N/A,0,1.53,9.40,3.04,2.00,1.25,9,/international/iceland-national-team-vs-slovakia-national-team-h2h-stats
1700163900,Nov 16 2023 - 7:45pm,International,UEFA Euro Qualifiers,Luxembourg,Bosnia-Herzegovina,1.38,1.13,1.38,1.13,2.94,19,94,82,44,26,19,76,44,69,32,8.75,4.63,51,38,26,incomplete,0,0,-1,-1,-1,-1,-1,-1,-1,-1,-1,-1,-1,-1,-1,-1,-1,-1,3.10,3.40,2.30,1.34,2.12,3.50,7.00,1.83,1.83,1.50,1.58,0.00,0.00,8.25,3.00,1.73,1.27,1.09,1.62,1.33,1.38,N/A,N/A,1.38,1.71,2.13,2.88,4.10,2.85,2.12,1.71,1.34,1.18,7,19,57,76,82,1.44,3.25,9.00,2.63,1.33,1.07,1.25,2.25,5.50,3.75,1.57,1.14,N/A,N/A,N/A,N/A,0,2.23,8.50,1.92,1.38,1.13,9,/international/luxembourg-national-team-vs-bosnia-herzegovina-national-team-h2h-stats
1700163900,Nov 16 2023 - 7:45pm,International,UEFA Euro Qualifiers,Liechtenstein,Portugal,0.00,3.00,0.00,3.00,3.75,13,100,82,69,51,32,88,57,63,57,7.88,2.63,63,57,44,incomplete,0,0,-1,-1,-1,-1,-1,-1,-1,-1,-1,-1,-1,-1,-1,-1,-1,-1,34.05,11.03,1.01,1.03,1.11,1.29,1.82,3.00,1.36,0.58,1.57,0.00,0.00,29.00,17.00,6.50,3.50,2.00,17.00,1.01,1.01,N/A,N/A,1.08,1.18,1.36,1.61,1.99,6.00,4.05,2.90,2.17,1.73,0,19,32,51,69,1.08,1.48,2.45,6.75,2.50,1.50,1.04,1.25,1.73,13.00,3.75,2.00,N/A,N/A,N/A,N/A,0,26.00,23.00,1.01,0.00,3.00,9,/international/portugal-national-team-vs-liechtenstein-national-team-h2h-stats
1700163900,Nov 16 2023 - 7:45pm,England,Womens National League Division Midlands,Solihull Moors W,Leafield Athletic W,1.63,0.57,1.63,0.57,3.09,41,93,87,61,48,14,0,0,0,0,4.00,-2.00,25,25,0,incomplete,0,0,-1,-1,-1,-1,-1,-1,-1,-1,-1,-1,-1,-1,-1,-1,-1,-1,1.17,7.00,9.00,N/A,1.33,N/A,N/A,N/A,N/A,0.00,0.98,0.00,0.00,N/A,N/A,3.25,N/A,N/A,N/A,N/A,N/A,N/A,N/A,N/A,N/A,N/A,N/A,N/A,N/A,N/A,N/A,N/A,N/A,7,14,40,53,87,N/A,N/A,N/A,N/A,N/A,N/A,N/A,N/A,N/A,N/A,N/A,N/A,N/A,N/A,N/A,N/A,0,N/A,N/A,N/A,1.63,0.57,8,/england/solihull-moors-lfc-vs-leafield-athletic-triplex-lfc-h2h-stats
1700163900,Nov 16 2023 - 7:45pm,Italy,Serie C Group B,Virtus Entella,Cesena,1.17,2.25,1.17,2.25,2.83,55,96,88,54,33,4,84,50,80,42,9.58,1.58,38,29,21,incomplete,0,0,-1,-1,-1,-1,-1,-1,-1,-1,-1,-1,-1,-1,-1,-1,-1,-1,2.53,3.05,2.51,1.38,2.35,4.00,7.90,2.00,1.73,1.75,1.50,0.00,0.00,7.40,2.71,1.53,1.19,1.04,1.45,1.29,1.37,N/A,N/A,N/A,1.72,2.25,2.38,3.35,N/A,2.03,1.58,1.50,1.28,4,13,46,67,96,1.47,3.22,8.40,2.50,1.30,1.04,1.30,2.50,6.00,3.40,1.50,1.13,N/A,N/A,N/A,N/A,25,2.03,6.60,2.14,1.17,2.25,10,/italy/ac-cesena-vs-acd-virtus-entella-h2h-stats
1700164800,Nov 16 2023 - 8:00pm,England,Counties Leagues North West Counties League,Lower Breck,AFC Liverpool,1.24,1.28,1.24,1.28,3.91,75,98,88,73,61,40,0,0,0,0,0.00,-2.00,0,0,0,incomplete,0,0,-1,-1,-1,-1,-1,-1,-1,-1,-1,-1,-1,-1,-1,-1,-1,-1,N/A,N/A,N/A,N/A,N/A,N/A,N/A,N/A,N/A,0.00,0.00,0.00,0.00,N/A,N/A,N/A,N/A,N/A,N/A,N/A,N/A,N/A,N/A,N/A,N/A,N/A,N/A,N/A,N/A,N/A,N/A,N/A,N/A,3,13,28,40,61,N/A,N/A,N/A,N/A,N/A,N/A,N/A,N/A,N/A,N/A,N/A,N/A,N/A,N/A,N/A,N/A,0,N/A,N/A,N/A,1.24,1.28,0,/england/afc-liverpool-vs-lower-breck-fc-h2h-stats
1700164800,Nov 16 2023 - 8:00pm,International,WC Qualification South America,Bolivia,Peru,0.00,0.25,0.00,0.25,2.25,25,88,63,38,13,13,50,25,75,38,5.00,5.50,38,25,25,incomplete,0,0,-1,-1,-1,-1,-1,-1,-1,-1,-1,-1,-1,-1,-1,-1,-1,-1,2.13,3.10,3.25,1.45,2.20,4.50,9.50,2.00,1.75,0.42,0.68,0.00,0.00,8.00,2.80,1.60,1.20,1.06,1.31,1.32,1.66,N/A,N/A,1.58,1.97,2.52,3.48,5.05,2.33,1.84,1.51,1.24,1.12,13,38,63,88,88,1.50,3.40,10.00,2.50,1.30,1.06,1.30,2.38,6.00,3.40,1.53,1.13,N/A,N/A,N/A,N/A,0,1.57,9.50,3.00,0.00,0.25,5,/international/bolivia-national-team-vs-peru-national-team-h2h-stats
1700164800,Nov 16 2023 - 8:00pm,Jamaica,Jamaica National Premier League,Vere United,Harbour View,1.00,0.00,1.00,0.00,1.00,50,50,50,0,0,0,50,0,50,0,1.00,0.00,0,0,0,incomplete,0,0,-1,-1,-1,-1,-1,-1,-1,-1,-1,-1,-1,-1,-1,-1,-1,-1,4.10,3.05,1.90,1.33,2.00,3.56,7.80,1.87,1.89,1.06,0.00,0.00,0.00,7.70,2.93,1.73,1.23,1.05,1.73,1.30,1.17,N/A,N/A,N/A,N/A,N/A,N/A,N/A,N/A,N/A,N/A,N/A,N/A,0,0,50,50,50,1.40,3.00,8.00,2.75,1.33,1.06,1.26,2.26,5.10,3.50,1.57,1.13,N/A,N/A,N/A,N/A,0,N/A,N/A,N/A,1.67,0.67,2,/jamaica/harbour-view-fc-vs-vere-united-fc-h2h-stats
1700164800,Nov 16 2023 - 8:00pm,Jamaica,Jamaica National Premier League,Cavalier,Tivoli Gardens,1.00,3.00,1.00,3.00,3.00,100,100,100,50,50,0,100,100,50,50,7.00,2.00,50,0,0,incomplete,0,0,-1,-1,-1,-1,-1,-1,-1,-1,-1,-1,-1,-1,-1,-1,-1,-1,1.73,3.45,4.30,1.28,1.80,3.20,6.40,1.82,1.94,1.25,1.49,0.00,0.00,9.50,3.20,1.71,1.28,1.08,1.17,1.22,1.91,N/A,N/A,N/A,N/A,N/A,N/A,N/A,N/A,N/A,N/A,N/A,N/A,0,0,50,50,100,1.36,2.88,7.00,2.88,1.36,1.07,1.22,2.10,4.50,3.80,1.66,1.17,N/A,N/A,N/A,N/A,100,N/A,N/A,N/A,1.33,2.00,2,/jamaica/cavalier-sc-vs-tivoli-gardens-fc-h2h-stats
1700164800,Nov 16 2023 - 8:00pm,El Salvador,Reserve League,FAS U20,Municipal Limeño U20,2.78,1.11,2.78,1.11,3.23,62,95,78,67,39,28,73,44,78,56,10.86,2.00,45,38,38,incomplete,0,0,-1,-1,-1,-1,-1,-1,-1,-1,-1,-1,-1,-1,-1,-1,-1,-1,1.40,4.50,5.50,N/A,1.40,N/A,N/A,N/A,N/A,2.26,1.94,0.00,0.00,N/A,N/A,2.75,N/A,N/A,N/A,N/A,N/A,N/A,N/A,N/A,N/A,N/A,N/A,N/A,N/A,N/A,N/A,N/A,N/A,6,22,33,62,73,N/A,N/A,N/A,N/A,N/A,N/A,N/A,N/A,N/A,N/A,N/A,N/A,N/A,N/A,N/A,N/A,31,N/A,N/A,N/A,2.58,1.32,20,/el-salvador/cd-municipal-limeno-under-20-vs-cd-fas-under-20-h2h-stats
1700166600,Nov 16 2023 - 8:30pm,Guatemala,Primera División de Ascenso,Aurora,Suchitepéquez,1.56,1.56,1.56,1.56,2.70,53,97,70,47,28,9,61,22,67,42,10.13,-0.39,57,42,29,incomplete,0,0,-1,-1,-1,-1,-1,-1,-1,-1,-1,-1,-1,-1,-1,-1,-1,-1,1.70,3.40,4.20,N/A,1.95,N/A,N/A,N/A,N/A,1.55,1.16,0.00,0.00,N/A,N/A,1.85,N/A,N/A,N/A,N/A,N/A,N/A,N/A,N/A,N/A,N/A,N/A,N/A,N/A,N/A,N/A,N/A,N/A,3,31,53,73,92,N/A,N/A,N/A,N/A,N/A,N/A,N/A,N/A,N/A,N/A,N/A,N/A,N/A,N/A,N/A,N/A,20,N/A,N/A,N/A,1.56,1.56,0,/guatemala/cd-suchitepequez-vs-aurora-fc-h2h-stats
1700168400,Nov 16 2023 - 9:00pm,Panama,Liga Prom,Plaza Amador II,Alianza II,1.63,0.87,1.63,0.87,2.28,29,87,65,36,19,10,45,20,42,19,6.47,4.10,54,40,13,incomplete,0,0,-1,-1,-1,-1,-1,-1,-1,-1,-1,-1,-1,-1,-1,-1,-1,-1,N/A,N/A,N/A,N/A,N/A,N/A,N/A,N/A,N/A,1.30,1.09,0.00,0.00,N/A,N/A,N/A,N/A,N/A,N/A,N/A,N/A,N/A,N/A,N/A,N/A,N/A,N/A,N/A,N/A,N/A,N/A,N/A,N/A,13,36,65,81,91,N/A,N/A,N/A,N/A,N/A,N/A,N/A,N/A,N/A,N/A,N/A,N/A,N/A,N/A,N/A,N/A,24,N/A,N/A,N/A,1.33,1.19,16,/panama/alianza-fc-panama-ii-vs-cd-plaza-amador-ii-h2h-stats
1700168400,Nov 16 2023 - 9:00pm,Panama,Liga Prom,Panamá Oeste,Atlético Nacional,1.40,2.00,1.40,2.00,3.47,60,100,90,64,40,27,60,30,67,40,7.61,6.41,41,37,20,incomplete,0,0,-1,-1,-1,-1,-1,-1,-1,-1,-1,-1,-1,-1,-1,-1,-1,-1,N/A,N/A,N/A,N/A,N/A,N/A,N/A,N/A,N/A,1.04,1.32,0.00,0.00,N/A,N/A,N/A,N/A,N/A,N/A,N/A,N/A,N/A,N/A,N/A,N/A,N/A,N/A,N/A,N/A,N/A,N/A,N/A,N/A,0,10,37,60,74,N/A,N/A,N/A,N/A,N/A,N/A,N/A,N/A,N/A,N/A,N/A,N/A,N/A,N/A,N/A,N/A,23,N/A,N/A,N/A,1.19,1.81,16,/panama/sd-atletico-nacional-vs-sd-panama-oeste-h2h-stats
1700168400,Nov 16 2023 - 9:00pm,Panama,Liga Prom,Universidad de Panamá,Colón C-3,1.82,0.67,1.82,0.67,3.60,63,100,85,60,41,32,66,31,59,44,8.60,5.66,48,35,22,incomplete,0,0,-1,-1,-1,-1,-1,-1,-1,-1,-1,-1,-1,-1,-1,-1,-1,-1,N/A,N/A,N/A,N/A,N/A,N/A,N/A,N/A,N/A,1.46,1.25,0.00,0.00,N/A,N/A,N/A,N/A,N/A,N/A,N/A,N/A,N/A,N/A,N/A,N/A,N/A,N/A,N/A,N/A,N/A,N/A,N/A,N/A,0,16,40,60,68,N/A,N/A,N/A,N/A,N/A,N/A,N/A,N/A,N/A,N/A,N/A,N/A,N/A,N/A,N/A,N/A,24,N/A,N/A,N/A,2.00,0.58,16,/panama/universidad-de-panama-fc-vs-colon-c-3-fc-h2h-stats
1700169300,Nov 16 2023 - 9:15pm,El Salvador,Salvadoran Primera División,Firpo,Once Municipal,2.00,1.25,2.00,1.25,2.38,44,94,69,44,19,13,75,25,82,26,8.38,0.00,63,44,25,incomplete,0,0,-1,-1,-1,-1,-1,-1,-1,-1,-1,-1,-1,-1,-1,-1,-1,-1,2.00,3.10,3.60,1.36,2.05,3.70,6.50,1.91,1.85,1.52,1.65,0.00,0.00,7.50,2.95,1.68,1.25,1.07,1.24,1.30,1.70,N/A,N/A,1.44,1.81,2.27,N/A,N/A,2.52,1.95,1.55,N/A,N/A,7,32,57,82,88,1.44,3.09,7.60,2.69,1.35,1.05,1.26,2.24,5.00,3.50,1.58,1.14,N/A,N/A,N/A,N/A,19,1.67,7.40,2.69,1.67,1.28,20,/el-salvador/cd-luis-angel-firpo-vs-once-municipal-h2h-stats
1700172000,Nov 16 2023 - 10:00pm,International,WC Qualification South America,Venezuela,Ecuador,1.75,1.75,1.75,1.75,1.75,38,88,50,38,0,0,38,13,88,38,8.25,2.75,50,38,38,incomplete,0,0,-1,-1,-1,-1,-1,-1,-1,-1,-1,-1,-1,-1,-1,-1,-1,-1,2.90,3.05,2.35,1.50,2.40,4.75,10.00,2.05,1.70,1.25,0.69,0.00,0.00,7.50,2.55,1.50,1.19,1.05,1.58,1.35,1.33,N/A,N/A,1.58,1.95,2.49,3.40,4.80,2.36,1.85,1.53,1.29,1.16,13,50,63,100,100,1.53,3.75,11.00,2.38,1.25,1.05,1.33,2.63,6.50,3.25,1.44,1.11,N/A,N/A,N/A,N/A,0,2.08,8.80,2.08,1.75,1.75,5,/international/ecuador-national-team-vs-venezuela-national-team-h2h-stats
1700179200,Nov 17 2023 - 12:00am,International,WC Qualification South America,Colombia,Brazil,1.50,1.75,1.50,1.75,2.00,38,75,50,25,25,13,38,0,75,38,8.25,5.25,38,13,13,incomplete,0,0,-1,-1,-1,-1,-1,-1,-1,-1,-1,-1,-1,-1,-1,-1,-1,-1,3.50,3.15,2.01,1.50,2.40,4.75,10.00,2.05,1.70,1.61,0.89,0.00,0.00,7.50,2.45,1.50,1.19,1.05,1.60,1.35,1.32,N/A,N/A,1.58,1.98,2.50,3.40,4.90,2.32,1.83,1.51,1.28,1.16,25,50,75,75,88,1.53,3.75,11.00,2.38,1.25,1.05,1.33,2.63,6.50,3.25,1.44,1.11,N/A,N/A,N/A,N/A,0,2.17,8.70,2.00,1.50,1.75,5,/international/brazil-national-team-vs-colombia-national-team-h2h-stats
1700179200,Nov 17 2023 - 12:00am,International,WC Qualification South America,Argentina,Uruguay,3.00,1.75,3.00,1.75,2.50,38,100,75,50,25,0,88,50,75,25,6.75,3.00,25,25,13,incomplete,0,0,-1,-1,-1,-1,-1,-1,-1,-1,-1,-1,-1,-1,-1,-1,-1,-1,1.52,3.70,5.80,1.36,2.00,3.75,7.50,2.05,1.70,1.80,1.33,0.00,0.00,10.00,3.20,1.80,1.28,1.09,1.13,1.25,2.30,N/A,N/A,1.88,2.42,3.20,4.50,6.60,1.93,1.54,1.33,1.18,1.09,0,25,50,75,100,1.44,3.00,9.00,2.63,1.36,1.07,1.25,2.20,5.00,3.75,1.62,1.17,N/A,N/A,N/A,N/A,25,1.23,12.00,5.60,3.00,1.75,5,/international/argentina-national-team-vs-uruguay-national-team-h2h-stats
1700179200,Nov 17 2023 - 12:00am,International,CONCACAF Nations League,St. Kitts and Nevis,St. Lucia,0.75,2.25,0.75,2.25,3.00,50,100,88,50,25,25,63,38,88,63,8.50,1.00,63,63,63,incomplete,0,0,-1,-1,-1,-1,-1,-1,-1,-1,-1,-1,-1,-1,-1,-1,-1,-1,2.49,3.30,2.41,1.25,1.88,3.00,5.50,1.62,2.20,0.51,1.51,0.00,0.00,9.00,3.75,1.88,1.36,1.12,1.35,1.30,1.62,N/A,N/A,N/A,N/A,2.25,N/A,N/A,N/A,N/A,1.98,N/A,N/A,0,13,50,75,75,1.36,2.62,6.00,3.00,1.44,1.11,1.20,1.91,4.00,4.33,1.80,1.22,N/A,N/A,N/A,N/A,25,N/A,N/A,N/A,0.75,2.25,5,/international/st-kitts-and-nevis-national-team-vs-st-lucia-national-team-h2h-stats
1700179200,Nov 17 2023 - 12:00am,International,CONCACAF Nations League,Sint Maarten,Guadeloupe,0.75,2.25,0.75,2.25,3.50,50,100,88,75,50,25,88,63,88,38,10.00,0.25,38,38,38,incomplete,0,0,-1,-1,-1,-1,-1,-1,-1,-1,-1,-1,-1,-1,-1,-1,-1,-1,41.00,11.00,1.06,1.06,1.28,1.60,2.38,2.38,1.53,1.52,1.65,0.00,0.00,17.00,8.00,3.30,2.10,1.53,8.50,1.02,1.01,N/A,N/A,N/A,N/A,2.00,N/A,N/A,N/A,N/A,N/A,N/A,N/A,0,13,25,50,75,1.14,1.67,3.00,5.00,2.10,1.36,1.11,1.53,2.62,6.00,2.38,1.44,N/A,N/A,N/A,N/A,75,N/A,N/A,N/A,0.75,2.25,5,/international/guadeloupe-national-team-vs-sint-maarten-national-team-h2h-stats
1700179200,Nov 17 2023 - 12:00am,International,CONCACAF Nations League,US Virgin Islands,Aruba,0.33,3.00,0.33,3.00,3.59,100,100,100,100,59,0,59,42,59,17,17.50,1.17,100,100,100,incomplete,0,0,-1,-1,-1,-1,-1,-1,-1,-1,-1,-1,-1,-1,-1,-1,-1,-1,14.00,8.50,1.07,1.15,1.50,2.20,3.75,2.50,1.50,0.00,2.23,0.00,0.00,13.00,4.75,2.40,1.53,1.25,5.00,1.08,1.02,N/A,N/A,N/A,N/A,2.20,N/A,N/A,N/A,N/A,N/A,N/A,N/A,0,0,0,42,100,1.25,2.05,4.33,3.75,1.70,1.20,1.20,1.80,3.50,4.33,1.91,1.29,N/A,N/A,N/A,N/A,100,N/A,N/A,N/A,0.33,3.00,5,/international/us-virgin-islands-vs-aruba-h2h-stats
1700179200,Nov 17 2023 - 12:00am,International,International Friendlies,Curaçao,El Salvador,0.50,0.33,0.50,0.33,3.25,17,75,59,42,42,42,59,42,59,59,4.00,3.33,100,75,75,incomplete,0,0,-1,-1,-1,-1,-1,-1,-1,-1,-1,-1,-1,-1,-1,-1,-1,-1,N/A,N/A,N/A,N/A,N/A,N/A,N/A,N/A,N/A,0.00,0.61,0.00,0.00,N/A,N/A,N/A,N/A,N/A,N/A,N/A,N/A,N/A,N/A,N/A,N/A,N/A,N/A,N/A,N/A,N/A,N/A,N/A,N/A,25,42,59,59,59,N/A,N/A,N/A,N/A,N/A,N/A,N/A,N/A,N/A,N/A,N/A,N/A,N/A,N/A,N/A,N/A,0,N/A,N/A,N/A,0.50,0.33,0,/international/curacao-national-team-vs-el-salvador-national-team-h2h-stats
1700181000,Nov 17 2023 - 12:30am,International,WC Qualification South America,Chile,Paraguay,1.00,1.00,1.00,1.00,1.50,13,75,38,25,13,0,38,13,63,38,11.25,4.75,75,50,38,incomplete,0,0,-1,-1,-1,-1,-1,-1,-1,-1,-1,-1,-1,-1,-1,-1,-1,-1,1.93,3.20,3.70,1.48,2.40,5.00,11.00,2.20,1.62,1.66,1.06,0.00,0.00,7.50,2.60,1.50,1.18,1.04,1.21,1.32,1.85,N/A,N/A,1.69,2.14,2.75,3.90,5.60,2.16,1.71,1.41,1.23,1.12,25,63,75,88,100,1.57,3.75,11.00,2.25,1.25,1.05,1.33,2.63,7.00,3.25,1.44,1.10,N/A,N/A,N/A,N/A,0,1.44,9.70,3.60,1.00,1.00,5,/international/chile-national-team-vs-paraguay-national-team-h2h-stats
1700182800,Nov 17 2023 - 1:00am,El Salvador,Salvadoran Primera División,FAS,Municipal Limeño,2.00,0.89,2.00,0.89,2.00,44,84,56,44,17,0,56,17,62,44,11.00,0.00,62,50,45,incomplete,0,0,-1,-1,-1,-1,-1,-1,-1,-1,-1,-1,-1,-1,-1,-1,-1,-1,1.55,4.00,5.00,1.22,1.68,2.10,4.75,1.82,1.94,1.75,1.40,0.00,0.00,10.00,3.80,2.05,1.70,1.15,1.14,1.19,2.30,N/A,N/A,N/A,1.59,1.99,N/A,N/A,N/A,2.24,1.76,N/A,N/A,17,44,56,84,100,1.34,2.53,5.40,2.98,1.50,1.12,1.17,1.90,3.70,4.40,1.81,1.23,N/A,N/A,N/A,N/A,11,N/A,N/A,N/A,1.95,1.16,20,/el-salvador/cd-municipal-limeno-vs-cd-fas-h2h-stats
1700183100,Nov 17 2023 - 1:05am,Mexico,Ascenso MX,Tepatitlán de Morelos,Mineros de Zacatecas,1.64,1.71,1.64,1.71,3.43,64,97,83,72,54,29,86,50,83,61,7.85,3.71,54,31,23,incomplete,0,0,-1,-1,-1,-1,-1,-1,-1,-1,-1,-1,-1,-1,-1,-1,-1,-1,2.30,3.20,2.75,1.22,1.62,2.85,5.00,1.58,2.20,1.36,1.41,0.00,0.00,11.00,4.00,2.25,1.40,1.18,1.37,1.27,1.45,N/A,N/A,1.29,1.48,1.75,2.20,2.80,3.30,2.50,1.95,1.60,1.38,4,18,29,47,72,1.32,2.45,5.50,3.10,1.49,1.12,1.22,1.94,3.75,4.00,1.79,1.25,N/A,N/A,N/A,N/A,22,1.83,8.60,2.20,1.64,1.71,0,/mexico/club-deportivo-mineros-de-zacatecas-vs-tepatitlan-de-morelos-h2h-stats
1700186400,Nov 17 2023 - 2:00am,International,CONCACAF Nations League,USMNT,Trinidad and Tobago,0.00,2.25,0.00,2.25,2.38,38,50,38,38,38,38,38,38,50,38,4.50,2.50,50,50,38,incomplete,0,0,-1,-1,-1,-1,-1,-1,-1,-1,-1,-1,-1,-1,-1,-1,-1,-1,1.10,8.20,11.00,1.04,1.18,1.58,2.20,3.25,1.33,0.00,1.17,0.00,0.00,15.00,10.00,3.97,2.25,1.62,1.00,1.03,13.50,N/A,N/A,N/A,N/A,N/A,1.95,N/A,N/A,N/A,N/A,1.85,N/A,0,13,13,13,13,1.20,1.85,3.75,4.33,1.85,1.25,1.08,1.44,2.38,8.00,2.63,1.53,N/A,N/A,N/A,N/A,25,N/A,N/A,N/A,0.00,2.25,0,/international/united-states-mens-national-team-vs-trinidad-and-tobago-national-team-h2h-stats
