home_team_name,away_team_name,placar,frequencia,total_jogos,participacao_percentual,odds_ft_home_team_win,odds_ft_away_team_win
Adelaide United,Brisbane Roar,0x2,1,3,33.33,2.21,3.15
Adelaide United,Brisbane Roar,0x2,1,3,33.33,1.82,3.64
Adelaide United,Brisbane Roar,0x2,1,3,33.33,1.91,3.1
Adelaide United,Brisbane Roar,2x0,1,3,33.33,2.21,3.15
Adelaide United,Brisbane Roar,2x0,1,3,33.33,1.82,3.64
Adelaide United,Brisbane Roar,2x0,1,3,33.33,1.91,3.1
Adelaide United,Brisbane Roar,2x1,1,3,33.33,2.21,3.15
Adelaide United,Brisbane Roar,2x1,1,3,33.33,1.82,3.64
Adelaide United,Brisbane Roar,2x1,1,3,33.33,1.91,3.1
Adelaide United,Central Coast Mariners,0x4,1,6,16.67,2.06,3.42
Adelaide United,Central Coast Mariners,0x4,1,6,16.67,2.2,2.75
Adelaide United,Central Coast Mariners,0x4,1,6,16.67,2.37,2.17
Adelaide United,Central Coast Mariners,0x4,1,6,16.67,2.3,2.45
Adelaide United,Central Coast Mariners,0x4,1,6,16.67,2.29,2.9
Adelaide United,Central Coast Mariners,0x4,1,6,16.67,2.4,2.5
Adelaide United,Central Coast Mariners,1x2,1,6,16.67,2.06,3.42
Adelaide United,Central Coast Mariners,1x2,1,6,16.67,2.2,2.75
Adelaide United,Central Coast Mariners,1x2,1,6,16.67,2.37,2.17
Adelaide United,Central Coast Mariners,1x2,1,6,16.67,2.3,2.45
Adelaide United,Central Coast Mariners,1x2,1,6,16.67,2.29,2.9
Adelaide United,Central Coast Mariners,1x2,1,6,16.67,2.4,2.5
Adelaide United,Central Coast Mariners,1x4,1,6,16.67,2.06,3.42
Adelaide United,Central Coast Mariners,1x4,1,6,16.67,2.2,2.75
Adelaide United,Central Coast Mariners,1x4,1,6,16.67,2.37,2.17
Adelaide United,Central Coast Mariners,1x4,1,6,16.67,2.3,2.45
Adelaide United,Central Coast Mariners,1x4,1,6,16.67,2.29,2.9
Adelaide United,Central Coast Mariners,1x4,1,6,16.67,2.4,2.5
Adelaide United,Central Coast Mariners,2x1,1,6,16.67,2.06,3.42
Adelaide United,Central Coast Mariners,2x1,1,6,16.67,2.2,2.75
Adelaide United,Central Coast Mariners,2x1,1,6,16.67,2.37,2.17
Adelaide United,Central Coast Mariners,2x1,1,6,16.67,2.3,2.45
Adelaide United,Central Coast Mariners,2x1,1,6,16.67,2.29,2.9
Adelaide United,Central Coast Mariners,2x1,1,6,16.67,2.4,2.5
Adelaide United,Central Coast Mariners,3x0,1,6,16.67,2.06,3.42
Adelaide United,Central Coast Mariners,3x0,1,6,16.67,2.2,2.75
Adelaide United,Central Coast Mariners,3x0,1,6,16.67,2.37,2.17
Adelaide United,Central Coast Mariners,3x0,1,6,16.67,2.3,2.45
Adelaide United,Central Coast Mariners,3x0,1,6,16.67,2.29,2.9
Adelaide United,Central Coast Mariners,3x0,1,6,16.67,2.4,2.5
Adelaide United,Central Coast Mariners,3x1,1,6,16.67,2.06,3.42
Adelaide United,Central Coast Mariners,3x1,1,6,16.67,2.2,2.75
Adelaide United,Central Coast Mariners,3x1,1,6,16.67,2.37,2.17
Adelaide United,Central Coast Mariners,3x1,1,6,16.67,2.3,2.45
Adelaide United,Central Coast Mariners,3x1,1,6,16.67,2.29,2.9
Adelaide United,Central Coast Mariners,3x1,1,6,16.67,2.4,2.5
Adelaide United,Macarthur,0x0,1,4,25.0,2.17,3.1
Adelaide United,Macarthur,0x0,1,4,25.0,1.9,3.73
Adelaide United,Macarthur,0x0,1,4,25.0,1.84,3.74
Adelaide United,Macarthur,0x0,1,4,25.0,0.0,0.0
Adelaide United,Macarthur,1x0,2,4,50.0,2.17,3.1
Adelaide United,Macarthur,1x0,2,4,50.0,1.9,3.73
Adelaide United,Macarthur,1x0,2,4,50.0,1.84,3.74
Adelaide United,Macarthur,1x0,2,4,50.0,0.0,0.0
Adelaide United,Macarthur,1x1,1,4,25.0,2.17,3.1
Adelaide United,Macarthur,1x1,1,4,25.0,1.9,3.73
Adelaide United,Macarthur,1x1,1,4,25.0,1.84,3.74
Adelaide United,Macarthur,1x1,1,4,25.0,0.0,0.0
Adelaide United,Melbourne City FC,0x0,1,5,20.0,3.25,2.1
Adelaide United,Melbourne City FC,0x0,1,5,20.0,4.2,1.66
Adelaide United,Melbourne City FC,0x0,1,5,20.0,3.4,1.91
Adelaide United,Melbourne City FC,0x0,1,5,20.0,3.0,2.1
Adelaide United,Melbourne City FC,0x0,1,5,20.0,6.1,1.3
Adelaide United,Melbourne City FC,2x2,2,5,40.0,3.25,2.1
Adelaide United,Melbourne City FC,2x2,2,5,40.0,4.2,1.66
Adelaide United,Melbourne City FC,2x2,2,5,40.0,3.4,1.91
Adelaide United,Melbourne City FC,2x2,2,5,40.0,3.0,2.1
Adelaide United,Melbourne City FC,2x2,2,5,40.0,6.1,1.3
Adelaide United,Melbourne City FC,4x2,1,5,20.0,3.25,2.1
Adelaide United,Melbourne City FC,4x2,1,5,20.0,4.2,1.66
Adelaide United,Melbourne City FC,4x2,1,5,20.0,3.4,1.91
Adelaide United,Melbourne City FC,4x2,1,5,20.0,3.0,2.1
Adelaide United,Melbourne City FC,4x2,1,5,20.0,6.1,1.3
Adelaide United,Melbourne City FC,6x0,1,5,20.0,3.25,2.1
Adelaide United,Melbourne City FC,6x0,1,5,20.0,4.2,1.66
Adelaide United,Melbourne City FC,6x0,1,5,20.0,3.4,1.91
Adelaide United,Melbourne City FC,6x0,1,5,20.0,3.0,2.1
Adelaide United,Melbourne City FC,6x0,1,5,20.0,6.1,1.3
Adelaide United,Melbourne Victory FC,0x0,1,5,20.0,2.16,3.15
Adelaide United,Melbourne Victory FC,0x0,1,5,20.0,2.5,2.7
Adelaide United,Melbourne Victory FC,0x0,1,5,20.0,3.1,2.25
Adelaide United,Melbourne Victory FC,0x0,1,5,20.0,2.3,2.9
Adelaide United,Melbourne Victory FC,0x0,1,5,20.0,0.0,0.0
Adelaide United,Melbourne Victory FC,0x1,1,5,20.0,2.16,3.15
Adelaide United,Melbourne Victory FC,0x1,1,5,20.0,2.5,2.7
Adelaide United,Melbourne Victory FC,0x1,1,5,20.0,3.1,2.25
Adelaide United,Melbourne Victory FC,0x1,1,5,20.0,2.3,2.9
Adelaide United,Melbourne Victory FC,0x1,1,5,20.0,0.0,0.0
Adelaide United,Melbourne Victory FC,1x1,1,5,20.0,2.16,3.15
Adelaide United,Melbourne Victory FC,1x1,1,5,20.0,2.5,2.7
Adelaide United,Melbourne Victory FC,1x1,1,5,20.0,3.1,2.25
Adelaide United,Melbourne Victory FC,1x1,1,5,20.0,2.3,2.9
Adelaide United,Melbourne Victory FC,1x1,1,5,20.0,0.0,0.0
Adelaide United,Melbourne Victory FC,1x2,1,5,20.0,2.16,3.15
Adelaide United,Melbourne Victory FC,1x2,1,5,20.0,2.5,2.7
Adelaide United,Melbourne Victory FC,1x2,1,5,20.0,3.1,2.25
Adelaide United,Melbourne Victory FC,1x2,1,5,20.0,2.3,2.9
Adelaide United,Melbourne Victory FC,1x2,1,5,20.0,0.0,0.0
Adelaide United,Melbourne Victory FC,3x0,1,5,20.0,2.16,3.15
Adelaide United,Melbourne Victory FC,3x0,1,5,20.0,2.5,2.7
Adelaide United,Melbourne Victory FC,3x0,1,5,20.0,3.1,2.25
Adelaide United,Melbourne Victory FC,3x0,1,5,20.0,2.3,2.9
Adelaide United,Melbourne Victory FC,3x0,1,5,20.0,0.0,0.0
Adelaide United,Newcastle Jets FC,0x1,1,3,33.33,2.15,3.0
Adelaide United,Newcastle Jets FC,0x1,1,3,33.33,1.95,3.2
Adelaide United,Newcastle Jets FC,0x1,1,3,33.33,1.73,4.0
Adelaide United,Newcastle Jets FC,2x1,1,3,33.33,2.15,3.0
Adelaide United,Newcastle Jets FC,2x1,1,3,33.33,1.95,3.2
Adelaide United,Newcastle Jets FC,2x1,1,3,33.33,1.73,4.0
Adelaide United,Newcastle Jets FC,3x1,1,3,33.33,2.15,3.0
Adelaide United,Newcastle Jets FC,3x1,1,3,33.33,1.95,3.2
Adelaide United,Newcastle Jets FC,3x1,1,3,33.33,1.73,4.0
Adelaide United,Perth Glory FC,2x0,2,4,50.0,1.35,7.5
Adelaide United,Perth Glory FC,2x0,2,4,50.0,1.77,4.45
Adelaide United,Perth Glory FC,2x0,2,4,50.0,1.85,3.75
Adelaide United,Perth Glory FC,2x0,2,4,50.0,1.73,4.1
Adelaide United,Perth Glory FC,2x1,1,4,25.0,1.35,7.5
Adelaide United,Perth Glory FC,2x1,1,4,25.0,1.77,4.45
Adelaide United,Perth Glory FC,2x1,1,4,25.0,1.85,3.75
Adelaide United,Perth Glory FC,2x1,1,4,25.0,1.73,4.1
Adelaide United,Perth Glory FC,3x3,1,4,25.0,1.35,7.5
Adelaide United,Perth Glory FC,3x3,1,4,25.0,1.77,4.45
Adelaide United,Perth Glory FC,3x3,1,4,25.0,1.85,3.75
Adelaide United,Perth Glory FC,3x3,1,4,25.0,1.73,4.1
Adelaide United,Sydney FC,1x1,1,4,25.0,2.57,2.25
Adelaide United,Sydney FC,1x1,1,4,25.0,2.07,3.05
Adelaide United,Sydney FC,1x1,1,4,25.0,1.95,2.88
Adelaide United,Sydney FC,1x1,1,4,25.0,2.38,2.38
Adelaide United,Sydney FC,1x2,1,4,25.0,2.57,2.25
Adelaide United,Sydney FC,1x2,1,4,25.0,2.07,3.05
Adelaide United,Sydney FC,1x2,1,4,25.0,1.95,2.88
Adelaide United,Sydney FC,1x2,1,4,25.0,2.38,2.38
Adelaide United,Sydney FC,1x5,1,4,25.0,2.57,2.25
Adelaide United,Sydney FC,1x5,1,4,25.0,2.07,3.05
Adelaide United,Sydney FC,1x5,1,4,25.0,1.95,2.88
Adelaide United,Sydney FC,1x5,1,4,25.0,2.38,2.38
Adelaide United,Sydney FC,4x3,1,4,25.0,2.57,2.25
Adelaide United,Sydney FC,4x3,1,4,25.0,2.07,3.05
Adelaide United,Sydney FC,4x3,1,4,25.0,1.95,2.88
Adelaide United,Sydney FC,4x3,1,4,25.0,2.38,2.38
Adelaide United,Wellington Phoenix,2x0,1,4,25.0,2.01,3.17
Adelaide United,Wellington Phoenix,2x0,1,4,25.0,2.02,3.45
Adelaide United,Wellington Phoenix,2x0,1,4,25.0,2.05,3.6
Adelaide United,Wellington Phoenix,2x0,1,4,25.0,1.92,3.62
Adelaide United,Wellington Phoenix,2x2,1,4,25.0,2.01,3.17
Adelaide United,Wellington Phoenix,2x2,1,4,25.0,2.02,3.45
Adelaide United,Wellington Phoenix,2x2,1,4,25.0,2.05,3.6
Adelaide United,Wellington Phoenix,2x2,1,4,25.0,1.92,3.62
Adelaide United,Wellington Phoenix,4x0,1,4,25.0,2.01,3.17
Adelaide United,Wellington Phoenix,4x0,1,4,25.0,2.02,3.45
Adelaide United,Wellington Phoenix,4x0,1,4,25.0,2.05,3.6
Adelaide United,Wellington Phoenix,4x0,1,4,25.0,1.92,3.62
Adelaide United,Wellington Phoenix,5x1,1,4,25.0,2.01,3.17
Adelaide United,Wellington Phoenix,5x1,1,4,25.0,2.02,3.45
Adelaide United,Wellington Phoenix,5x1,1,4,25.0,2.05,3.6
Adelaide United,Wellington Phoenix,5x1,1,4,25.0,1.92,3.62
Adelaide United,Western Sydney Wanderers,0x0,1,3,33.33,2.05,3.3
Adelaide United,Western Sydney Wanderers,0x0,1,3,33.33,2.3,2.97
Adelaide United,Western Sydney Wanderers,0x0,1,3,33.33,0.0,0.0
Adelaide United,Western Sydney Wanderers,1x2,1,3,33.33,2.05,3.3
Adelaide United,Western Sydney Wanderers,1x2,1,3,33.33,2.3,2.97
Adelaide United,Western Sydney Wanderers,1x2,1,3,33.33,0.0,0.0
Adelaide United,Western Sydney Wanderers,4x4,1,3,33.33,2.05,3.3
Adelaide United,Western Sydney Wanderers,4x4,1,3,33.33,2.3,2.97
Adelaide United,Western Sydney Wanderers,4x4,1,3,33.33,0.0,0.0
Adelaide United,Western United,0x0,1,3,33.33,2.21,3.11
Adelaide United,Western United,0x0,1,3,33.33,1.7,4.25
Adelaide United,Western United,0x0,1,3,33.33,0.0,0.0
Adelaide United,Western United,0x1,1,3,33.33,2.21,3.11
Adelaide United,Western United,0x1,1,3,33.33,1.7,4.25
Adelaide United,Western United,0x1,1,3,33.33,0.0,0.0
Adelaide United,Western United,2x1,1,3,33.33,2.21,3.11
Adelaide United,Western United,2x1,1,3,33.33,1.7,4.25
Adelaide United,Western United,2x1,1,3,33.33,0.0,0.0
Brisbane Roar,Adelaide United,0x0,2,4,50.0,2.24,3.11
Brisbane Roar,Adelaide United,0x0,2,4,50.0,2.17,2.92
Brisbane Roar,Adelaide United,0x0,2,4,50.0,2.37,2.55
Brisbane Roar,Adelaide United,0x0,2,4,50.0,0.0,0.0
Brisbane Roar,Adelaide United,1x1,1,4,25.0,2.24,3.11
Brisbane Roar,Adelaide United,1x1,1,4,25.0,2.17,2.92
Brisbane Roar,Adelaide United,1x1,1,4,25.0,2.37,2.55
Brisbane Roar,Adelaide United,1x1,1,4,25.0,0.0,0.0
Brisbane Roar,Adelaide United,1x3,1,4,25.0,2.24,3.11
Brisbane Roar,Adelaide United,1x3,1,4,25.0,2.17,2.92
Brisbane Roar,Adelaide United,1x3,1,4,25.0,2.37,2.55
Brisbane Roar,Adelaide United,1x3,1,4,25.0,0.0,0.0
Brisbane Roar,Central Coast Mariners,0x2,1,3,33.33,2.19,2.72
Brisbane Roar,Central Coast Mariners,0x2,1,3,33.33,2.79,2.53
Brisbane Roar,Central Coast Mariners,0x2,1,3,33.33,2.21,2.58
Brisbane Roar,Central Coast Mariners,0x3,1,3,33.33,2.19,2.72
Brisbane Roar,Central Coast Mariners,0x3,1,3,33.33,2.79,2.53
Brisbane Roar,Central Coast Mariners,0x3,1,3,33.33,2.21,2.58
Brisbane Roar,Central Coast Mariners,1x2,1,3,33.33,2.19,2.72
Brisbane Roar,Central Coast Mariners,1x2,1,3,33.33,2.79,2.53
Brisbane Roar,Central Coast Mariners,1x2,1,3,33.33,2.21,2.58
Brisbane Roar,Macarthur,0x0,2,4,50.0,2.3,3.1
Brisbane Roar,Macarthur,0x0,2,4,50.0,2.35,2.9
Brisbane Roar,Macarthur,0x0,2,4,50.0,1.95,3.57
Brisbane Roar,Macarthur,0x0,2,4,50.0,0.0,0.0
Brisbane Roar,Macarthur,1x3,1,4,25.0,2.3,3.1
Brisbane Roar,Macarthur,1x3,1,4,25.0,2.35,2.9
Brisbane Roar,Macarthur,1x3,1,4,25.0,1.95,3.57
Brisbane Roar,Macarthur,1x3,1,4,25.0,0.0,0.0
Brisbane Roar,Macarthur,3x1,1,4,25.0,2.3,3.1
Brisbane Roar,Macarthur,3x1,1,4,25.0,2.35,2.9
Brisbane Roar,Macarthur,3x1,1,4,25.0,1.95,3.57
Brisbane Roar,Macarthur,3x1,1,4,25.0,0.0,0.0
Brisbane Roar,Melbourne City FC,0x0,1,4,25.0,3.85,1.9
Brisbane Roar,Melbourne City FC,0x0,1,4,25.0,3.12,2.19
Brisbane Roar,Melbourne City FC,0x0,1,4,25.0,3.55,1.87
Brisbane Roar,Melbourne City FC,0x0,1,4,25.0,4.5,1.62
Brisbane Roar,Melbourne City FC,0x2,1,4,25.0,3.85,1.9
Brisbane Roar,Melbourne City FC,0x2,1,4,25.0,3.12,2.19
Brisbane Roar,Melbourne City FC,0x2,1,4,25.0,3.55,1.87
Brisbane Roar,Melbourne City FC,0x2,1,4,25.0,4.5,1.62
Brisbane Roar,Melbourne City FC,1x2,1,4,25.0,3.85,1.9
Brisbane Roar,Melbourne City FC,1x2,1,4,25.0,3.12,2.19
Brisbane Roar,Melbourne City FC,1x2,1,4,25.0,3.55,1.87
Brisbane Roar,Melbourne City FC,1x2,1,4,25.0,4.5,1.62
Brisbane Roar,Melbourne City FC,5x1,1,4,25.0,3.85,1.9
Brisbane Roar,Melbourne City FC,5x1,1,4,25.0,3.12,2.19
Brisbane Roar,Melbourne City FC,5x1,1,4,25.0,3.55,1.87
Brisbane Roar,Melbourne City FC,5x1,1,4,25.0,4.5,1.62
Brisbane Roar,Melbourne Victory FC,0x0,2,3,66.67,2.9,2.4
Brisbane Roar,Melbourne Victory FC,0x0,2,3,66.67,2.87,2.25
Brisbane Roar,Melbourne Victory FC,0x0,2,3,66.67,0.0,0.0
Brisbane Roar,Melbourne Victory FC,1x1,1,3,33.33,2.9,2.4
Brisbane Roar,Melbourne Victory FC,1x1,1,3,33.33,2.87,2.25
Brisbane Roar,Melbourne Victory FC,1x1,1,3,33.33,0.0,0.0
Brisbane Roar,Newcastle Jets FC,0x0,1,4,25.0,2.16,3.21
Brisbane Roar,Newcastle Jets FC,0x0,1,4,25.0,2.15,2.87
Brisbane Roar,Newcastle Jets FC,0x0,1,4,25.0,2.48,2.59
Brisbane Roar,Newcastle Jets FC,0x0,1,4,25.0,0.0,0.0
Brisbane Roar,Newcastle Jets FC,2x0,1,4,25.0,2.16,3.21
Brisbane Roar,Newcastle Jets FC,2x0,1,4,25.0,2.15,2.87
Brisbane Roar,Newcastle Jets FC,2x0,1,4,25.0,2.48,2.59
Brisbane Roar,Newcastle Jets FC,2x0,1,4,25.0,0.0,0.0
Brisbane Roar,Newcastle Jets FC,3x0,1,4,25.0,2.16,3.21
Brisbane Roar,Newcastle Jets FC,3x0,1,4,25.0,2.15,2.87
Brisbane Roar,Newcastle Jets FC,3x0,1,4,25.0,2.48,2.59
Brisbane Roar,Newcastle Jets FC,3x0,1,4,25.0,0.0,0.0
Brisbane Roar,Newcastle Jets FC,3x2,1,4,25.0,2.16,3.21
Brisbane Roar,Newcastle Jets FC,3x2,1,4,25.0,2.15,2.87
Brisbane Roar,Newcastle Jets FC,3x2,1,4,25.0,2.48,2.59
Brisbane Roar,Newcastle Jets FC,3x2,1,4,25.0,0.0,0.0
Brisbane Roar,Perth Glory FC,1x0,1,3,33.33,2.19,3.0
Brisbane Roar,Perth Glory FC,1x0,1,3,33.33,2.17,3.48
Brisbane Roar,Perth Glory FC,1x0,1,3,33.33,1.75,3.91
Brisbane Roar,Perth Glory FC,2x1,2,3,66.67,2.19,3.0
Brisbane Roar,Perth Glory FC,2x1,2,3,66.67,2.17,3.48
Brisbane Roar,Perth Glory FC,2x1,2,3,66.67,1.75,3.91
Brisbane Roar,Sydney FC,0x2,1,5,20.0,2.5,2.62
Brisbane Roar,Sydney FC,0x2,1,5,20.0,2.4,2.85
Brisbane Roar,Sydney FC,0x2,1,5,20.0,2.9,2.34
Brisbane Roar,Sydney FC,0x2,1,5,20.0,3.1,2.05
Brisbane Roar,Sydney FC,0x2,1,5,20.0,2.61,2.27
Brisbane Roar,Sydney FC,1x2,1,5,20.0,2.5,2.62
Brisbane Roar,Sydney FC,1x2,1,5,20.0,2.4,2.85
Brisbane Roar,Sydney FC,1x2,1,5,20.0,2.9,2.34
Brisbane Roar,Sydney FC,1x2,1,5,20.0,3.1,2.05
Brisbane Roar,Sydney FC,1x2,1,5,20.0,2.61,2.27
Brisbane Roar,Sydney FC,3x0,1,5,20.0,2.5,2.62
Brisbane Roar,Sydney FC,3x0,1,5,20.0,2.4,2.85
Brisbane Roar,Sydney FC,3x0,1,5,20.0,2.9,2.34
Brisbane Roar,Sydney FC,3x0,1,5,20.0,3.1,2.05
Brisbane Roar,Sydney FC,3x0,1,5,20.0,2.61,2.27
Brisbane Roar,Sydney FC,3x1,2,5,40.0,2.5,2.62
Brisbane Roar,Sydney FC,3x1,2,5,40.0,2.4,2.85
Brisbane Roar,Sydney FC,3x1,2,5,40.0,2.9,2.34
Brisbane Roar,Sydney FC,3x1,2,5,40.0,3.1,2.05
Brisbane Roar,Sydney FC,3x1,2,5,40.0,2.61,2.27
Brisbane Roar,Wellington Phoenix,0x1,1,4,25.0,2.06,3.35
Brisbane Roar,Wellington Phoenix,0x1,1,4,25.0,2.45,2.75
Brisbane Roar,Wellington Phoenix,0x1,1,4,25.0,2.4,2.9
Brisbane Roar,Wellington Phoenix,0x1,1,4,25.0,2.28,2.8
Brisbane Roar,Wellington Phoenix,0x3,1,4,25.0,2.06,3.35
Brisbane Roar,Wellington Phoenix,0x3,1,4,25.0,2.45,2.75
Brisbane Roar,Wellington Phoenix,0x3,1,4,25.0,2.4,2.9
Brisbane Roar,Wellington Phoenix,0x3,1,4,25.0,2.28,2.8
Brisbane Roar,Wellington Phoenix,1x1,1,4,25.0,2.06,3.35
Brisbane Roar,Wellington Phoenix,1x1,1,4,25.0,2.45,2.75
Brisbane Roar,Wellington Phoenix,1x1,1,4,25.0,2.4,2.9
Brisbane Roar,Wellington Phoenix,1x1,1,4,25.0,2.28,2.8
Brisbane Roar,Wellington Phoenix,2x1,1,4,25.0,2.06,3.35
Brisbane Roar,Wellington Phoenix,2x1,1,4,25.0,2.45,2.75
Brisbane Roar,Wellington Phoenix,2x1,1,4,25.0,2.4,2.9
Brisbane Roar,Wellington Phoenix,2x1,1,4,25.0,2.28,2.8
Brisbane Roar,Western Sydney Wanderers,1x1,1,3,33.33,2.29,3.22
Brisbane Roar,Western Sydney Wanderers,1x1,1,3,33.33,2.45,2.69
Brisbane Roar,Western Sydney Wanderers,1x1,1,3,33.33,2.4,2.5
Brisbane Roar,Western Sydney Wanderers,2x2,1,3,33.33,2.29,3.22
Brisbane Roar,Western Sydney Wanderers,2x2,1,3,33.33,2.45,2.69
Brisbane Roar,Western Sydney Wanderers,2x2,1,3,33.33,2.4,2.5
Brisbane Roar,Western Sydney Wanderers,3x0,1,3,33.33,2.29,3.22
Brisbane Roar,Western Sydney Wanderers,3x0,1,3,33.33,2.45,2.69
Brisbane Roar,Western Sydney Wanderers,3x0,1,3,33.33,2.4,2.5
Brisbane Roar,Western United,0x0,1,3,33.33,2.6,2.65
Brisbane Roar,Western United,0x0,1,3,33.33,2.2,3.1
Brisbane Roar,Western United,0x0,1,3,33.33,0.0,0.0
Brisbane Roar,Western United,1x0,1,3,33.33,2.6,2.65
Brisbane Roar,Western United,1x0,1,3,33.33,2.2,3.1
Brisbane Roar,Western United,1x0,1,3,33.33,0.0,0.0
Brisbane Roar,Western United,2x3,1,3,33.33,2.6,2.65
Brisbane Roar,Western United,2x3,1,3,33.33,2.2,3.1
Brisbane Roar,Western United,2x3,1,3,33.33,0.0,0.0
Central Coast Mariners,Adelaide United,0x0,1,4,25.0,2.43,2.77
Central Coast Mariners,Adelaide United,0x0,1,4,25.0,2.09,2.92
Central Coast Mariners,Adelaide United,0x0,1,4,25.0,1.85,3.4
Central Coast Mariners,Adelaide United,0x0,1,4,25.0,0.0,0.0
Central Coast Mariners,Adelaide United,2x0,1,4,25.0,2.43,2.77
Central Coast Mariners,Adelaide United,2x0,1,4,25.0,2.09,2.92
Central Coast Mariners,Adelaide United,2x0,1,4,25.0,1.85,3.4
Central Coast Mariners,Adelaide United,2x0,1,4,25.0,0.0,0.0
Central Coast Mariners,Adelaide United,3x0,1,4,25.0,2.43,2.77
Central Coast Mariners,Adelaide United,3x0,1,4,25.0,2.09,2.92
Central Coast Mariners,Adelaide United,3x0,1,4,25.0,1.85,3.4
Central Coast Mariners,Adelaide United,3x0,1,4,25.0,0.0,0.0
Central Coast Mariners,Adelaide United,4x0,1,4,25.0,2.43,2.77
Central Coast Mariners,Adelaide United,4x0,1,4,25.0,2.09,2.92
Central Coast Mariners,Adelaide United,4x0,1,4,25.0,1.85,3.4
Central Coast Mariners,Adelaide United,4x0,1,4,25.0,0.0,0.0
Central Coast Mariners,Brisbane Roar,1x2,1,4,25.0,2.26,3.05
Central Coast Mariners,Brisbane Roar,1x2,1,4,25.0,1.83,3.8
Central Coast Mariners,Brisbane Roar,1x2,1,4,25.0,1.95,3.3
Central Coast Mariners,Brisbane Roar,1x2,1,4,25.0,1.68,4.45
Central Coast Mariners,Brisbane Roar,2x0,1,4,25.0,2.26,3.05
Central Coast Mariners,Brisbane Roar,2x0,1,4,25.0,1.83,3.8
Central Coast Mariners,Brisbane Roar,2x0,1,4,25.0,1.95,3.3
Central Coast Mariners,Brisbane Roar,2x0,1,4,25.0,1.68,4.45
Central Coast Mariners,Brisbane Roar,2x1,1,4,25.0,2.26,3.05
Central Coast Mariners,Brisbane Roar,2x1,1,4,25.0,1.83,3.8
Central Coast Mariners,Brisbane Roar,2x1,1,4,25.0,1.95,3.3
Central Coast Mariners,Brisbane Roar,2x1,1,4,25.0,1.68,4.45
Central Coast Mariners,Brisbane Roar,4x1,1,4,25.0,2.26,3.05
Central Coast Mariners,Brisbane Roar,4x1,1,4,25.0,1.83,3.8
Central Coast Mariners,Brisbane Roar,4x1,1,4,25.0,1.95,3.3
Central Coast Mariners,Brisbane Roar,4x1,1,4,25.0,1.68,4.45
Central Coast Mariners,Macarthur,1x2,1,5,20.0,2.21,3.02
Central Coast Mariners,Macarthur,1x2,1,5,20.0,2.39,2.65
Central Coast Mariners,Macarthur,1x2,1,5,20.0,1.42,1.72
Central Coast Mariners,Macarthur,1x2,1,5,20.0,1.64,4.52
Central Coast Mariners,Macarthur,1x2,1,5,20.0,1.55,4.1
Central Coast Mariners,Macarthur,2x3,1,5,20.0,2.21,3.02
Central Coast Mariners,Macarthur,2x3,1,5,20.0,2.39,2.65
Central Coast Mariners,Macarthur,2x3,1,5,20.0,1.42,1.72
Central Coast Mariners,Macarthur,2x3,1,5,20.0,1.64,4.52
Central Coast Mariners,Macarthur,2x3,1,5,20.0,1.55,4.1
Central Coast Mariners,Macarthur,3x3,1,5,20.0,2.21,3.02
Central Coast Mariners,Macarthur,3x3,1,5,20.0,2.39,2.65
Central Coast Mariners,Macarthur,3x3,1,5,20.0,1.42,1.72
Central Coast Mariners,Macarthur,3x3,1,5,20.0,1.64,4.52
Central Coast Mariners,Macarthur,3x3,1,5,20.0,1.55,4.1
Central Coast Mariners,Macarthur,4x1,1,5,20.0,2.21,3.02
Central Coast Mariners,Macarthur,4x1,1,5,20.0,2.39,2.65
Central Coast Mariners,Macarthur,4x1,1,5,20.0,1.42,1.72
Central Coast Mariners,Macarthur,4x1,1,5,20.0,1.64,4.52
Central Coast Mariners,Macarthur,4x1,1,5,20.0,1.55,4.1
Central Coast Mariners,Macarthur,4x2,1,5,20.0,2.21,3.02
Central Coast Mariners,Macarthur,4x2,1,5,20.0,2.39,2.65
Central Coast Mariners,Macarthur,4x2,1,5,20.0,1.42,1.72
Central Coast Mariners,Macarthur,4x2,1,5,20.0,1.64,4.52
Central Coast Mariners,Macarthur,4x2,1,5,20.0,1.55,4.1
Central Coast Mariners,Melbourne City FC,0x0,1,4,25.0,3.25,2.05
Central Coast Mariners,Melbourne City FC,0x0,1,4,25.0,2.65,2.5
Central Coast Mariners,Melbourne City FC,0x0,1,4,25.0,2.16,2.9
Central Coast Mariners,Melbourne City FC,0x0,1,4,25.0,0.0,0.0
Central Coast Mariners,Melbourne City FC,1x1,1,4,25.0,3.25,2.05
Central Coast Mariners,Melbourne City FC,1x1,1,4,25.0,2.65,2.5
Central Coast Mariners,Melbourne City FC,1x1,1,4,25.0,2.16,2.9
Central Coast Mariners,Melbourne City FC,1x1,1,4,25.0,0.0,0.0
Central Coast Mariners,Melbourne City FC,1x3,1,4,25.0,3.25,2.05
Central Coast Mariners,Melbourne City FC,1x3,1,4,25.0,2.65,2.5
Central Coast Mariners,Melbourne City FC,1x3,1,4,25.0,2.16,2.9
Central Coast Mariners,Melbourne City FC,1x3,1,4,25.0,0.0,0.0
Central Coast Mariners,Melbourne City FC,2x1,1,4,25.0,3.25,2.05
Central Coast Mariners,Melbourne City FC,2x1,1,4,25.0,2.65,2.5
Central Coast Mariners,Melbourne City FC,2x1,1,4,25.0,2.16,2.9
Central Coast Mariners,Melbourne City FC,2x1,1,4,25.0,0.0,0.0
Central Coast Mariners,Melbourne Victory FC,1x1,2,4,50.0,2.37,2.62
Central Coast Mariners,Melbourne Victory FC,1x1,2,4,50.0,2.44,2.67
Central Coast Mariners,Melbourne Victory FC,1x1,2,4,50.0,2.29,2.76
Central Coast Mariners,Melbourne Victory FC,1x1,2,4,50.0,2.43,2.45
Central Coast Mariners,Melbourne Victory FC,2x1,1,4,25.0,2.37,2.62
Central Coast Mariners,Melbourne Victory FC,2x1,1,4,25.0,2.44,2.67
Central Coast Mariners,Melbourne Victory FC,2x1,1,4,25.0,2.29,2.76
Central Coast Mariners,Melbourne Victory FC,2x1,1,4,25.0,2.43,2.45
Central Coast Mariners,Melbourne Victory FC,2x2,1,4,25.0,2.37,2.62
Central Coast Mariners,Melbourne Victory FC,2x2,1,4,25.0,2.44,2.67
Central Coast Mariners,Melbourne Victory FC,2x2,1,4,25.0,2.29,2.76
Central Coast Mariners,Melbourne Victory FC,2x2,1,4,25.0,2.43,2.45
Central Coast Mariners,Newcastle Jets FC,1x2,1,4,25.0,1.9,3.05
Central Coast Mariners,Newcastle Jets FC,1x2,1,4,25.0,1.75,3.8
Central Coast Mariners,Newcastle Jets FC,1x2,1,4,25.0,1.9,3.85
Central Coast Mariners,Newcastle Jets FC,1x2,1,4,25.0,1.76,3.8
Central Coast Mariners,Newcastle Jets FC,2x0,1,4,25.0,1.9,3.05
Central Coast Mariners,Newcastle Jets FC,2x0,1,4,25.0,1.75,3.8
Central Coast Mariners,Newcastle Jets FC,2x0,1,4,25.0,1.9,3.85
Central Coast Mariners,Newcastle Jets FC,2x0,1,4,25.0,1.76,3.8
Central Coast Mariners,Newcastle Jets FC,3x0,1,4,25.0,1.9,3.05
Central Coast Mariners,Newcastle Jets FC,3x0,1,4,25.0,1.75,3.8
Central Coast Mariners,Newcastle Jets FC,3x0,1,4,25.0,1.9,3.85
Central Coast Mariners,Newcastle Jets FC,3x0,1,4,25.0,1.76,3.8
Central Coast Mariners,Newcastle Jets FC,3x1,1,4,25.0,1.9,3.05
Central Coast Mariners,Newcastle Jets FC,3x1,1,4,25.0,1.75,3.8
Central Coast Mariners,Newcastle Jets FC,3x1,1,4,25.0,1.9,3.85
Central Coast Mariners,Newcastle Jets FC,3x1,1,4,25.0,1.76,3.8
Central Coast Mariners,Perth Glory FC,1x1,1,3,33.33,2.23,2.94
Central Coast Mariners,Perth Glory FC,1x1,1,3,33.33,1.95,3.4
Central Coast Mariners,Perth Glory FC,1x1,1,3,33.33,1.58,4.9
Central Coast Mariners,Perth Glory FC,1x2,1,3,33.33,2.23,2.94
Central Coast Mariners,Perth Glory FC,1x2,1,3,33.33,1.95,3.4
Central Coast Mariners,Perth Glory FC,1x2,1,3,33.33,1.58,4.9
Central Coast Mariners,Perth Glory FC,4x2,1,3,33.33,2.23,2.94
Central Coast Mariners,Perth Glory FC,4x2,1,3,33.33,1.95,3.4
Central Coast Mariners,Perth Glory FC,4x2,1,3,33.33,1.58,4.9
Central Coast Mariners,Sydney FC,0x5,1,4,25.0,2.9,2.1
Central Coast Mariners,Sydney FC,0x5,1,4,25.0,2.91,2.34
Central Coast Mariners,Sydney FC,0x5,1,4,25.0,2.44,2.66
Central Coast Mariners,Sydney FC,0x5,1,4,25.0,1.95,3.5
Central Coast Mariners,Sydney FC,1x3,1,4,25.0,2.9,2.1
Central Coast Mariners,Sydney FC,1x3,1,4,25.0,2.91,2.34
Central Coast Mariners,Sydney FC,1x3,1,4,25.0,2.44,2.66
Central Coast Mariners,Sydney FC,1x3,1,4,25.0,1.95,3.5
Central Coast Mariners,Sydney FC,2x0,1,4,25.0,2.9,2.1
Central Coast Mariners,Sydney FC,2x0,1,4,25.0,2.91,2.34
Central Coast Mariners,Sydney FC,2x0,1,4,25.0,2.44,2.66
Central Coast Mariners,Sydney FC,2x0,1,4,25.0,1.95,3.5
Central Coast Mariners,Sydney FC,2x1,1,4,25.0,2.9,2.1
Central Coast Mariners,Sydney FC,2x1,1,4,25.0,2.91,2.34
Central Coast Mariners,Sydney FC,2x1,1,4,25.0,2.44,2.66
Central Coast Mariners,Sydney FC,2x1,1,4,25.0,1.95,3.5
Central Coast Mariners,Wellington Phoenix,0x0,1,3,33.33,2.02,3.5
Central Coast Mariners,Wellington Phoenix,0x0,1,3,33.33,1.94,3.55
Central Coast Mariners,Wellington Phoenix,0x0,1,3,33.33,0.0,0.0
Central Coast Mariners,Wellington Phoenix,1x1,1,3,33.33,2.02,3.5
Central Coast Mariners,Wellington Phoenix,1x1,1,3,33.33,1.94,3.55
Central Coast Mariners,Wellington Phoenix,1x1,1,3,33.33,0.0,0.0
Central Coast Mariners,Wellington Phoenix,5x0,1,3,33.33,2.02,3.5
Central Coast Mariners,Wellington Phoenix,5x0,1,3,33.33,1.94,3.55
Central Coast Mariners,Wellington Phoenix,5x0,1,3,33.33,0.0,0.0
Central Coast Mariners,Western Sydney Wanderers,0x0,1,3,33.33,2.75,2.4
Central Coast Mariners,Western Sydney Wanderers,0x0,1,3,33.33,1.94,3.45
Central Coast Mariners,Western Sydney Wanderers,0x0,1,3,33.33,1.95,3.53
Central Coast Mariners,Western Sydney Wanderers,2x0,1,3,33.33,2.75,2.4
Central Coast Mariners,Western Sydney Wanderers,2x0,1,3,33.33,1.94,3.45
Central Coast Mariners,Western Sydney Wanderers,2x0,1,3,33.33,1.95,3.53
Central Coast Mariners,Western Sydney Wanderers,2x2,1,3,33.33,2.75,2.4
Central Coast Mariners,Western Sydney Wanderers,2x2,1,3,33.33,1.94,3.45
Central Coast Mariners,Western Sydney Wanderers,2x2,1,3,33.33,1.95,3.53
Central Coast Mariners,Western United,1x0,1,3,33.33,2.42,2.83
Central Coast Mariners,Western United,1x0,1,3,33.33,2.3,2.75
Central Coast Mariners,Western United,1x0,1,3,33.33,2.1,3.1
Central Coast Mariners,Western United,4x0,1,3,33.33,2.42,2.83
Central Coast Mariners,Western United,4x0,1,3,33.33,2.3,2.75
Central Coast Mariners,Western United,4x0,1,3,33.33,2.1,3.1
Central Coast Mariners,Western United,4x2,1,3,33.33,2.42,2.83
Central Coast Mariners,Western United,4x2,1,3,33.33,2.3,2.75
Central Coast Mariners,Western United,4x2,1,3,33.33,2.1,3.1
Macarthur,Adelaide United,2x0,1,3,33.33,2.25,3.06
Macarthur,Adelaide United,2x0,1,3,33.33,2.2,2.87
Macarthur,Adelaide United,2x0,1,3,33.33,2.37,2.55
Macarthur,Adelaide United,4x1,1,3,33.33,2.25,3.06
Macarthur,Adelaide United,4x1,1,3,33.33,2.2,2.87
Macarthur,Adelaide United,4x1,1,3,33.33,2.37,2.55
Macarthur,Adelaide United,4x3,1,3,33.33,2.25,3.06
Macarthur,Adelaide United,4x3,1,3,33.33,2.2,2.87
Macarthur,Adelaide United,4x3,1,3,33.33,2.37,2.55
Macarthur,Brisbane Roar,1x1,1,3,33.33,2.29,3.1
Macarthur,Brisbane Roar,1x1,1,3,33.33,2.7,2.6
Macarthur,Brisbane Roar,1x1,1,3,33.33,2.4,2.7
Macarthur,Brisbane Roar,2x1,1,3,33.33,2.29,3.1
Macarthur,Brisbane Roar,2x1,1,3,33.33,2.7,2.6
Macarthur,Brisbane Roar,2x1,1,3,33.33,2.4,2.7
Macarthur,Brisbane Roar,3x2,1,3,33.33,2.29,3.1
Macarthur,Brisbane Roar,3x2,1,3,33.33,2.7,2.6
Macarthur,Brisbane Roar,3x2,1,3,33.33,2.4,2.7
Macarthur,Central Coast Mariners,0x0,1,3,33.33,2.72,2.45
Macarthur,Central Coast Mariners,0x0,1,3,33.33,2.75,2.15
Macarthur,Central Coast Mariners,0x0,1,3,33.33,0.0,0.0
Macarthur,Central Coast Mariners,1x0,1,3,33.33,2.72,2.45
Macarthur,Central Coast Mariners,1x0,1,3,33.33,2.75,2.15
Macarthur,Central Coast Mariners,1x0,1,3,33.33,0.0,0.0
Macarthur,Central Coast Mariners,1x2,1,3,33.33,2.72,2.45
Macarthur,Central Coast Mariners,1x2,1,3,33.33,2.75,2.15
Macarthur,Central Coast Mariners,1x2,1,3,33.33,0.0,0.0
Macarthur,Melbourne City FC,0x0,1,3,33.33,3.96,1.84
Macarthur,Melbourne City FC,0x0,1,3,33.33,4.15,1.58
Macarthur,Melbourne City FC,0x0,1,3,33.33,0.0,0.0
Macarthur,Melbourne City FC,0x1,1,3,33.33,3.96,1.84
Macarthur,Melbourne City FC,0x1,1,3,33.33,4.15,1.58
Macarthur,Melbourne City FC,0x1,1,3,33.33,0.0,0.0
Macarthur,Melbourne City FC,1x1,1,3,33.33,3.96,1.84
Macarthur,Melbourne City FC,1x1,1,3,33.33,4.15,1.58
Macarthur,Melbourne City FC,1x1,1,3,33.33,0.0,0.0
Macarthur,Melbourne Victory FC,0x1,1,3,33.33,3.6,1.95
Macarthur,Melbourne Victory FC,0x1,1,3,33.33,3.5,1.91
Macarthur,Melbourne Victory FC,0x1,1,3,33.33,2.95,2.12
Macarthur,Melbourne Victory FC,1x1,1,3,33.33,3.6,1.95
Macarthur,Melbourne Victory FC,1x1,1,3,33.33,3.5,1.91
Macarthur,Melbourne Victory FC,1x1,1,3,33.33,2.95,2.12
Macarthur,Melbourne Victory FC,1x4,1,3,33.33,3.6,1.95
Macarthur,Melbourne Victory FC,1x4,1,3,33.33,3.5,1.91
Macarthur,Melbourne Victory FC,1x4,1,3,33.33,2.95,2.12
Macarthur,Newcastle Jets FC,0x1,1,5,20.0,2.08,3.0
Macarthur,Newcastle Jets FC,0x1,1,5,20.0,2.02,2.95
Macarthur,Newcastle Jets FC,0x1,1,5,20.0,2.12,3.13
Macarthur,Newcastle Jets FC,0x1,1,5,20.0,2.26,3.11
Macarthur,Newcastle Jets FC,0x1,1,5,20.0,2.05,3.26
Macarthur,Newcastle Jets FC,0x3,1,5,20.0,2.08,3.0
Macarthur,Newcastle Jets FC,0x3,1,5,20.0,2.02,2.95
Macarthur,Newcastle Jets FC,0x3,1,5,20.0,2.12,3.13
Macarthur,Newcastle Jets FC,0x3,1,5,20.0,2.26,3.11
Macarthur,Newcastle Jets FC,0x3,1,5,20.0,2.05,3.26
Macarthur,Newcastle Jets FC,1x1,1,5,20.0,2.08,3.0
Macarthur,Newcastle Jets FC,1x1,1,5,20.0,2.02,2.95
Macarthur,Newcastle Jets FC,1x1,1,5,20.0,2.12,3.13
Macarthur,Newcastle Jets FC,1x1,1,5,20.0,2.26,3.11
Macarthur,Newcastle Jets FC,1x1,1,5,20.0,2.05,3.26
Macarthur,Newcastle Jets FC,2x0,1,5,20.0,2.08,3.0
Macarthur,Newcastle Jets FC,2x0,1,5,20.0,2.02,2.95
Macarthur,Newcastle Jets FC,2x0,1,5,20.0,2.12,3.13
Macarthur,Newcastle Jets FC,2x0,1,5,20.0,2.26,3.11
Macarthur,Newcastle Jets FC,2x0,1,5,20.0,2.05,3.26
Macarthur,Newcastle Jets FC,2x1,1,5,20.0,2.08,3.0
Macarthur,Newcastle Jets FC,2x1,1,5,20.0,2.02,2.95
Macarthur,Newcastle Jets FC,2x1,1,5,20.0,2.12,3.13
Macarthur,Newcastle Jets FC,2x1,1,5,20.0,2.26,3.11
Macarthur,Newcastle Jets FC,2x1,1,5,20.0,2.05,3.26
Macarthur,Perth Glory FC,1x0,1,3,33.33,1.85,4.0
Macarthur,Perth Glory FC,1x0,1,3,33.33,1.82,3.6
Macarthur,Perth Glory FC,1x0,1,3,33.33,1.93,3.45
Macarthur,Perth Glory FC,2x2,1,3,33.33,1.85,4.0
Macarthur,Perth Glory FC,2x2,1,3,33.33,1.82,3.6
Macarthur,Perth Glory FC,2x2,1,3,33.33,1.93,3.45
Macarthur,Perth Glory FC,4x2,1,3,33.33,1.85,4.0
Macarthur,Perth Glory FC,4x2,1,3,33.33,1.82,3.6
Macarthur,Perth Glory FC,4x2,1,3,33.33,1.93,3.45
Macarthur,Sydney FC,0x0,1,3,33.33,2.4,2.75
Macarthur,Sydney FC,0x0,1,3,33.33,2.8,2.35
Macarthur,Sydney FC,0x0,1,3,33.33,0.0,0.0
Macarthur,Sydney FC,0x3,1,3,33.33,2.4,2.75
Macarthur,Sydney FC,0x3,1,3,33.33,2.8,2.35
Macarthur,Sydney FC,0x3,1,3,33.33,0.0,0.0
Macarthur,Sydney FC,2x3,1,3,33.33,2.4,2.75
Macarthur,Sydney FC,2x3,1,3,33.33,2.8,2.35
Macarthur,Sydney FC,2x3,1,3,33.33,0.0,0.0
Macarthur,Wellington Phoenix,0x0,1,5,20.0,2.12,2.8
Macarthur,Wellington Phoenix,0x0,1,5,20.0,2.36,2.63
Macarthur,Wellington Phoenix,0x0,1,5,20.0,2.25,3.13
Macarthur,Wellington Phoenix,0x0,1,5,20.0,2.25,2.9
Macarthur,Wellington Phoenix,0x0,1,5,20.0,2.45,2.6
Macarthur,Wellington Phoenix,0x1,1,5,20.0,2.12,2.8
Macarthur,Wellington Phoenix,0x1,1,5,20.0,2.36,2.63
Macarthur,Wellington Phoenix,0x1,1,5,20.0,2.25,3.13
Macarthur,Wellington Phoenix,0x1,1,5,20.0,2.25,2.9
Macarthur,Wellington Phoenix,0x1,1,5,20.0,2.45,2.6
Macarthur,Wellington Phoenix,0x3,1,5,20.0,2.12,2.8
Macarthur,Wellington Phoenix,0x3,1,5,20.0,2.36,2.63
Macarthur,Wellington Phoenix,0x3,1,5,20.0,2.25,3.13
Macarthur,Wellington Phoenix,0x3,1,5,20.0,2.25,2.9
Macarthur,Wellington Phoenix,0x3,1,5,20.0,2.45,2.6
Macarthur,Wellington Phoenix,1x1,1,5,20.0,2.12,2.8
Macarthur,Wellington Phoenix,1x1,1,5,20.0,2.36,2.63
Macarthur,Wellington Phoenix,1x1,1,5,20.0,2.25,3.13
Macarthur,Wellington Phoenix,1x1,1,5,20.0,2.25,2.9
Macarthur,Wellington Phoenix,1x1,1,5,20.0,2.45,2.6
Macarthur,Wellington Phoenix,2x1,1,5,20.0,2.12,2.8
Macarthur,Wellington Phoenix,2x1,1,5,20.0,2.36,2.63
Macarthur,Wellington Phoenix,2x1,1,5,20.0,2.25,3.13
Macarthur,Wellington Phoenix,2x1,1,5,20.0,2.25,2.9
Macarthur,Wellington Phoenix,2x1,1,5,20.0,2.45,2.6
Macarthur,Western Sydney Wanderers,0x0,1,5,20.0,2.13,3.15
Macarthur,Western Sydney Wanderers,0x0,1,5,20.0,2.57,2.58
Macarthur,Western Sydney Wanderers,0x0,1,5,20.0,2.5,2.37
Macarthur,Western Sydney Wanderers,0x0,1,5,20.0,2.85,2.25
Macarthur,Western Sydney Wanderers,0x0,1,5,20.0,0.0,0.0
Macarthur,Western Sydney Wanderers,1x1,1,5,20.0,2.13,3.15
Macarthur,Western Sydney Wanderers,1x1,1,5,20.0,2.57,2.58
Macarthur,Western Sydney Wanderers,1x1,1,5,20.0,2.5,2.37
Macarthur,Western Sydney Wanderers,1x1,1,5,20.0,2.85,2.25
Macarthur,Western Sydney Wanderers,1x1,1,5,20.0,0.0,0.0
Macarthur,Western Sydney Wanderers,2x2,1,5,20.0,2.13,3.15
Macarthur,Western Sydney Wanderers,2x2,1,5,20.0,2.57,2.58
Macarthur,Western Sydney Wanderers,2x2,1,5,20.0,2.5,2.37
Macarthur,Western Sydney Wanderers,2x2,1,5,20.0,2.85,2.25
Macarthur,Western Sydney Wanderers,2x2,1,5,20.0,0.0,0.0
Macarthur,Western Sydney Wanderers,3x1,1,5,20.0,2.13,3.15
Macarthur,Western Sydney Wanderers,3x1,1,5,20.0,2.57,2.58
Macarthur,Western Sydney Wanderers,3x1,1,5,20.0,2.5,2.37
Macarthur,Western Sydney Wanderers,3x1,1,5,20.0,2.85,2.25
Macarthur,Western Sydney Wanderers,3x1,1,5,20.0,0.0,0.0
Macarthur,Western Sydney Wanderers,4x3,1,5,20.0,2.13,3.15
Macarthur,Western Sydney Wanderers,4x3,1,5,20.0,2.57,2.58
Macarthur,Western Sydney Wanderers,4x3,1,5,20.0,2.5,2.37
Macarthur,Western Sydney Wanderers,4x3,1,5,20.0,2.85,2.25
Macarthur,Western Sydney Wanderers,4x3,1,5,20.0,0.0,0.0
Macarthur,Western United,1x0,1,4,25.0,2.5,2.88
Macarthur,Western United,1x0,1,4,25.0,2.12,3.23
Macarthur,Western United,1x0,1,4,25.0,2.5,2.55
Macarthur,Western United,1x0,1,4,25.0,1.77,3.97
Macarthur,Western United,2x2,2,4,50.0,2.5,2.88
Macarthur,Western United,2x2,2,4,50.0,2.12,3.23
Macarthur,Western United,2x2,2,4,50.0,2.5,2.55
Macarthur,Western United,2x2,2,4,50.0,1.77,3.97
Macarthur,Western United,3x3,1,4,25.0,2.5,2.88
Macarthur,Western United,3x3,1,4,25.0,2.12,3.23
Macarthur,Western United,3x3,1,4,25.0,2.5,2.55
Macarthur,Western United,3x3,1,4,25.0,1.77,3.97
Melbourne City FC,Adelaide United,1x0,1,4,25.0,1.53,5.2
Melbourne City FC,Adelaide United,1x0,1,4,25.0,1.61,4.8
Melbourne City FC,Adelaide United,1x0,1,4,25.0,1.61,4.75
Melbourne City FC,Adelaide United,1x0,1,4,25.0,1.85,3.5
Melbourne City FC,Adelaide United,1x2,1,4,25.0,1.53,5.2
Melbourne City FC,Adelaide United,1x2,1,4,25.0,1.61,4.8
Melbourne City FC,Adelaide United,1x2,1,4,25.0,1.61,4.75
Melbourne City FC,Adelaide United,1x2,1,4,25.0,1.85,3.5
Melbourne City FC,Adelaide United,2x1,1,4,25.0,1.53,5.2
Melbourne City FC,Adelaide United,2x1,1,4,25.0,1.61,4.8
Melbourne City FC,Adelaide United,2x1,1,4,25.0,1.61,4.75
Melbourne City FC,Adelaide United,2x1,1,4,25.0,1.85,3.5
Melbourne City FC,Adelaide United,3x3,1,4,25.0,1.53,5.2
Melbourne City FC,Adelaide United,3x3,1,4,25.0,1.61,4.8
Melbourne City FC,Adelaide United,3x3,1,4,25.0,1.61,4.75
Melbourne City FC,Adelaide United,3x3,1,4,25.0,1.85,3.5
Melbourne City FC,Brisbane Roar,2x1,2,3,66.67,1.5,6.0
Melbourne City FC,Brisbane Roar,2x1,2,3,66.67,1.41,5.99
Melbourne City FC,Brisbane Roar,2x1,2,3,66.67,1.7,4.25
Melbourne City FC,Brisbane Roar,8x1,1,3,33.33,1.5,6.0
Melbourne City FC,Brisbane Roar,8x1,1,3,33.33,1.41,5.99
Melbourne City FC,Brisbane Roar,8x1,1,3,33.33,1.7,4.25
Melbourne City FC,Central Coast Mariners,1x0,1,4,25.0,1.53,5.75
Melbourne City FC,Central Coast Mariners,1x0,1,4,25.0,1.62,5.0
Melbourne City FC,Central Coast Mariners,1x0,1,4,25.0,2.01,3.25
Melbourne City FC,Central Coast Mariners,1x0,1,4,25.0,2.01,3.3
Melbourne City FC,Central Coast Mariners,1x6,1,4,25.0,1.53,5.75
Melbourne City FC,Central Coast Mariners,1x6,1,4,25.0,1.62,5.0
Melbourne City FC,Central Coast Mariners,1x6,1,4,25.0,2.01,3.25
Melbourne City FC,Central Coast Mariners,1x6,1,4,25.0,2.01,3.3
Melbourne City FC,Central Coast Mariners,3x2,1,4,25.0,1.53,5.75
Melbourne City FC,Central Coast Mariners,3x2,1,4,25.0,1.62,5.0
Melbourne City FC,Central Coast Mariners,3x2,1,4,25.0,2.01,3.25
Melbourne City FC,Central Coast Mariners,3x2,1,4,25.0,2.01,3.3
Melbourne City FC,Central Coast Mariners,3x3,1,4,25.0,1.53,5.75
Melbourne City FC,Central Coast Mariners,3x3,1,4,25.0,1.62,5.0
Melbourne City FC,Central Coast Mariners,3x3,1,4,25.0,2.01,3.25
Melbourne City FC,Central Coast Mariners,3x3,1,4,25.0,2.01,3.3
Melbourne City FC,Macarthur,3x1,1,3,33.33,1.94,3.63
Melbourne City FC,Macarthur,3x1,1,3,33.33,1.45,5.7
Melbourne City FC,Macarthur,3x1,1,3,33.33,1.61,4.58
Melbourne City FC,Macarthur,3x3,1,3,33.33,1.94,3.63
Melbourne City FC,Macarthur,3x3,1,3,33.33,1.45,5.7
Melbourne City FC,Macarthur,3x3,1,3,33.33,1.61,4.58
Melbourne City FC,Macarthur,6x1,1,3,33.33,1.94,3.63
Melbourne City FC,Macarthur,6x1,1,3,33.33,1.45,5.7
Melbourne City FC,Macarthur,6x1,1,3,33.33,1.61,4.58
Melbourne City FC,Melbourne Victory FC,0x0,2,5,40.0,1.5,5.75
Melbourne City FC,Melbourne Victory FC,0x0,2,5,40.0,1.77,4.2
Melbourne City FC,Melbourne Victory FC,0x0,2,5,40.0,2.02,3.25
Melbourne City FC,Melbourne Victory FC,0x0,2,5,40.0,2.12,2.64
Melbourne City FC,Melbourne Victory FC,0x0,2,5,40.0,2.6,2.5
Melbourne City FC,Melbourne Victory FC,1x1,1,5,20.0,1.5,5.75
Melbourne City FC,Melbourne Victory FC,1x1,1,5,20.0,1.77,4.2
Melbourne City FC,Melbourne Victory FC,1x1,1,5,20.0,2.02,3.25
Melbourne City FC,Melbourne Victory FC,1x1,1,5,20.0,2.12,2.64
Melbourne City FC,Melbourne Victory FC,1x1,1,5,20.0,2.6,2.5
Melbourne City FC,Melbourne Victory FC,2x1,1,5,20.0,1.5,5.75
Melbourne City FC,Melbourne Victory FC,2x1,1,5,20.0,1.77,4.2
Melbourne City FC,Melbourne Victory FC,2x1,1,5,20.0,2.02,3.25
Melbourne City FC,Melbourne Victory FC,2x1,1,5,20.0,2.12,2.64
Melbourne City FC,Melbourne Victory FC,2x1,1,5,20.0,2.6,2.5
Melbourne City FC,Melbourne Victory FC,2x2,1,5,20.0,1.5,5.75
Melbourne City FC,Melbourne Victory FC,2x2,1,5,20.0,1.77,4.2
Melbourne City FC,Melbourne Victory FC,2x2,1,5,20.0,2.02,3.25
Melbourne City FC,Melbourne Victory FC,2x2,1,5,20.0,2.12,2.64
Melbourne City FC,Melbourne Victory FC,2x2,1,5,20.0,2.6,2.5
Melbourne City FC,Newcastle Jets FC,0x0,1,3,33.33,1.5,6.2
Melbourne City FC,Newcastle Jets FC,0x0,1,3,33.33,1.36,7.5
Melbourne City FC,Newcastle Jets FC,0x0,1,3,33.33,0.0,0.0
Melbourne City FC,Newcastle Jets FC,1x1,1,3,33.33,1.5,6.2
Melbourne City FC,Newcastle Jets FC,1x1,1,3,33.33,1.36,7.5
Melbourne City FC,Newcastle Jets FC,1x1,1,3,33.33,0.0,0.0
Melbourne City FC,Newcastle Jets FC,3x0,1,3,33.33,1.5,6.2
Melbourne City FC,Newcastle Jets FC,3x0,1,3,33.33,1.36,7.5
Melbourne City FC,Newcastle Jets FC,3x0,1,3,33.33,0.0,0.0
Melbourne City FC,Perth Glory FC,0x0,1,4,25.0,1.46,5.75
Melbourne City FC,Perth Glory FC,0x0,1,4,25.0,1.21,9.0
Melbourne City FC,Perth Glory FC,0x0,1,4,25.0,1.39,7.25
Melbourne City FC,Perth Glory FC,0x0,1,4,25.0,0.0,0.0
Melbourne City FC,Perth Glory FC,1x0,1,4,25.0,1.46,5.75
Melbourne City FC,Perth Glory FC,1x0,1,4,25.0,1.21,9.0
Melbourne City FC,Perth Glory FC,1x0,1,4,25.0,1.39,7.25
Melbourne City FC,Perth Glory FC,1x0,1,4,25.0,0.0,0.0
Melbourne City FC,Perth Glory FC,2x2,1,4,25.0,1.46,5.75
Melbourne City FC,Perth Glory FC,2x2,1,4,25.0,1.21,9.0
Melbourne City FC,Perth Glory FC,2x2,1,4,25.0,1.39,7.25
Melbourne City FC,Perth Glory FC,2x2,1,4,25.0,0.0,0.0
Melbourne City FC,Perth Glory FC,4x0,1,4,25.0,1.46,5.75
Melbourne City FC,Perth Glory FC,4x0,1,4,25.0,1.21,9.0
Melbourne City FC,Perth Glory FC,4x0,1,4,25.0,1.39,7.25
Melbourne City FC,Perth Glory FC,4x0,1,4,25.0,0.0,0.0
Melbourne City FC,Sydney FC,2x0,1,4,25.0,1.85,4.0
Melbourne City FC,Sydney FC,2x0,1,4,25.0,1.75,4.33
Melbourne City FC,Sydney FC,2x0,1,4,25.0,1.85,3.65
Melbourne City FC,Sydney FC,2x0,1,4,25.0,1.85,3.1
Melbourne City FC,Sydney FC,3x2,1,4,25.0,1.85,4.0
Melbourne City FC,Sydney FC,3x2,1,4,25.0,1.75,4.33
Melbourne City FC,Sydney FC,3x2,1,4,25.0,1.85,3.65
Melbourne City FC,Sydney FC,3x2,1,4,25.0,1.85,3.1
Melbourne City FC,Sydney FC,4x0,2,4,50.0,1.85,4.0
Melbourne City FC,Sydney FC,4x0,2,4,50.0,1.75,4.33
Melbourne City FC,Sydney FC,4x0,2,4,50.0,1.85,3.65
Melbourne City FC,Sydney FC,4x0,2,4,50.0,1.85,3.1
Melbourne City FC,Wellington Phoenix,0x0,1,4,25.0,1.37,7.2
Melbourne City FC,Wellington Phoenix,0x0,1,4,25.0,1.44,6.2
Melbourne City FC,Wellington Phoenix,0x0,1,4,25.0,1.49,5.6
Melbourne City FC,Wellington Phoenix,0x0,1,4,25.0,0.0,0.0
Melbourne City FC,Wellington Phoenix,2x1,1,4,25.0,1.37,7.2
Melbourne City FC,Wellington Phoenix,2x1,1,4,25.0,1.44,6.2
Melbourne City FC,Wellington Phoenix,2x1,1,4,25.0,1.49,5.6
Melbourne City FC,Wellington Phoenix,2x1,1,4,25.0,0.0,0.0
Melbourne City FC,Wellington Phoenix,2x2,1,4,25.0,1.37,7.2
Melbourne City FC,Wellington Phoenix,2x2,1,4,25.0,1.44,6.2
Melbourne City FC,Wellington Phoenix,2x2,1,4,25.0,1.49,5.6
Melbourne City FC,Wellington Phoenix,2x2,1,4,25.0,0.0,0.0
Melbourne City FC,Wellington Phoenix,4x1,1,4,25.0,1.37,7.2
Melbourne City FC,Wellington Phoenix,4x1,1,4,25.0,1.44,6.2
Melbourne City FC,Wellington Phoenix,4x1,1,4,25.0,1.49,5.6
Melbourne City FC,Wellington Phoenix,4x1,1,4,25.0,0.0,0.0
Melbourne City FC,Western Sydney Wanderers,0x0,1,4,25.0,1.73,4.6
Melbourne City FC,Western Sydney Wanderers,0x0,1,4,25.0,1.77,3.3
Melbourne City FC,Western Sydney Wanderers,0x0,1,4,25.0,1.87,3.58
Melbourne City FC,Western Sydney Wanderers,0x0,1,4,25.0,0.0,0.0
Melbourne City FC,Western Sydney Wanderers,0x1,1,4,25.0,1.73,4.6
Melbourne City FC,Western Sydney Wanderers,0x1,1,4,25.0,1.77,3.3
Melbourne City FC,Western Sydney Wanderers,0x1,1,4,25.0,1.87,3.58
Melbourne City FC,Western Sydney Wanderers,0x1,1,4,25.0,0.0,0.0
Melbourne City FC,Western Sydney Wanderers,3x2,1,4,25.0,1.73,4.6
Melbourne City FC,Western Sydney Wanderers,3x2,1,4,25.0,1.77,3.3
Melbourne City FC,Western Sydney Wanderers,3x2,1,4,25.0,1.87,3.58
Melbourne City FC,Western Sydney Wanderers,3x2,1,4,25.0,0.0,0.0
Melbourne City FC,Western Sydney Wanderers,3x3,1,4,25.0,1.73,4.6
Melbourne City FC,Western Sydney Wanderers,3x3,1,4,25.0,1.77,3.3
Melbourne City FC,Western Sydney Wanderers,3x3,1,4,25.0,1.87,3.58
Melbourne City FC,Western Sydney Wanderers,3x3,1,4,25.0,0.0,0.0
Melbourne City FC,Western United,0x0,1,6,16.67,1.45,6.54
Melbourne City FC,Western United,0x0,1,6,16.67,1.69,5.1
Melbourne City FC,Western United,0x0,1,6,16.67,1.81,4.14
Melbourne City FC,Western United,0x0,1,6,16.67,1.69,4.05
Melbourne City FC,Western United,0x0,1,6,16.67,1.55,5.0
Melbourne City FC,Western United,0x0,1,6,16.67,0.0,0.0
Melbourne City FC,Western United,0x1,1,6,16.67,1.45,6.54
Melbourne City FC,Western United,0x1,1,6,16.67,1.69,5.1
Melbourne City FC,Western United,0x1,1,6,16.67,1.81,4.14
Melbourne City FC,Western United,0x1,1,6,16.67,1.69,4.05
Melbourne City FC,Western United,0x1,1,6,16.67,1.55,5.0
Melbourne City FC,Western United,0x1,1,6,16.67,0.0,0.0
Melbourne City FC,Western United,0x2,1,6,16.67,1.45,6.54
Melbourne City FC,Western United,0x2,1,6,16.67,1.69,5.1
Melbourne City FC,Western United,0x2,1,6,16.67,1.81,4.14
Melbourne City FC,Western United,0x2,1,6,16.67,1.69,4.05
Melbourne City FC,Western United,0x2,1,6,16.67,1.55,5.0
Melbourne City FC,Western United,0x2,1,6,16.67,0.0,0.0
Melbourne City FC,Western United,1x2,1,6,16.67,1.45,6.54
Melbourne City FC,Western United,1x2,1,6,16.67,1.69,5.1
Melbourne City FC,Western United,1x2,1,6,16.67,1.81,4.14
Melbourne City FC,Western United,1x2,1,6,16.67,1.69,4.05
Melbourne City FC,Western United,1x2,1,6,16.67,1.55,5.0
Melbourne City FC,Western United,1x2,1,6,16.67,0.0,0.0
Melbourne City FC,Western United,2x1,1,6,16.67,1.45,6.54
Melbourne City FC,Western United,2x1,1,6,16.67,1.69,5.1
Melbourne City FC,Western United,2x1,1,6,16.67,1.81,4.14
Melbourne City FC,Western United,2x1,1,6,16.67,1.69,4.05
Melbourne City FC,Western United,2x1,1,6,16.67,1.55,5.0
Melbourne City FC,Western United,2x1,1,6,16.67,0.0,0.0
Melbourne City FC,Western United,4x0,1,6,16.67,1.45,6.54
Melbourne City FC,Western United,4x0,1,6,16.67,1.69,5.1
Melbourne City FC,Western United,4x0,1,6,16.67,1.81,4.14
Melbourne City FC,Western United,4x0,1,6,16.67,1.69,4.05
Melbourne City FC,Western United,4x0,1,6,16.67,1.55,5.0
Melbourne City FC,Western United,4x0,1,6,16.67,0.0,0.0
Melbourne Victory FC,Adelaide United,1x1,3,4,75.0,1.95,3.35
Melbourne Victory FC,Adelaide United,1x1,3,4,75.0,2.47,2.72
Melbourne Victory FC,Adelaide United,1x1,3,4,75.0,1.93,3.5
Melbourne Victory FC,Adelaide United,1x1,3,4,75.0,1.7,4.2
Melbourne Victory FC,Adelaide United,2x0,1,4,25.0,1.95,3.35
Melbourne Victory FC,Adelaide United,2x0,1,4,25.0,2.47,2.72
Melbourne Victory FC,Adelaide United,2x0,1,4,25.0,1.93,3.5
Melbourne Victory FC,Adelaide United,2x0,1,4,25.0,1.7,4.2
Melbourne Victory FC,Brisbane Roar,0x0,2,5,40.0,2.4,2.65
Melbourne Victory FC,Brisbane Roar,0x0,2,5,40.0,1.8,3.6
Melbourne Victory FC,Brisbane Roar,0x0,2,5,40.0,1.83,3.8
Melbourne Victory FC,Brisbane Roar,0x0,2,5,40.0,1.8,4.0
Melbourne Victory FC,Brisbane Roar,0x0,2,5,40.0,0.0,0.0
Melbourne Victory FC,Brisbane Roar,0x1,2,5,40.0,2.4,2.65
Melbourne Victory FC,Brisbane Roar,0x1,2,5,40.0,1.8,3.6
Melbourne Victory FC,Brisbane Roar,0x1,2,5,40.0,1.83,3.8
Melbourne Victory FC,Brisbane Roar,0x1,2,5,40.0,1.8,4.0
Melbourne Victory FC,Brisbane Roar,0x1,2,5,40.0,0.0,0.0
Melbourne Victory FC,Brisbane Roar,3x0,1,5,20.0,2.4,2.65
Melbourne Victory FC,Brisbane Roar,3x0,1,5,20.0,1.8,3.6
Melbourne Victory FC,Brisbane Roar,3x0,1,5,20.0,1.83,3.8
Melbourne Victory FC,Brisbane Roar,3x0,1,5,20.0,1.8,4.0
Melbourne Victory FC,Brisbane Roar,3x0,1,5,20.0,0.0,0.0
Melbourne Victory FC,Central Coast Mariners,0x0,1,3,33.33,2.06,3.68
Melbourne Victory FC,Central Coast Mariners,0x0,1,3,33.33,2.25,2.6
Melbourne Victory FC,Central Coast Mariners,0x0,1,3,33.33,0.0,0.0
Melbourne Victory FC,Central Coast Mariners,1x0,1,3,33.33,2.06,3.68
Melbourne Victory FC,Central Coast Mariners,1x0,1,3,33.33,2.25,2.6
Melbourne Victory FC,Central Coast Mariners,1x0,1,3,33.33,0.0,0.0
Melbourne Victory FC,Central Coast Mariners,2x0,1,3,33.33,2.06,3.68
Melbourne Victory FC,Central Coast Mariners,2x0,1,3,33.33,2.25,2.6
Melbourne Victory FC,Central Coast Mariners,2x0,1,3,33.33,0.0,0.0
Melbourne Victory FC,Macarthur,0x1,1,3,33.33,2.08,3.1
Melbourne Victory FC,Macarthur,0x1,1,3,33.33,1.56,5.2
Melbourne Victory FC,Macarthur,0x1,1,3,33.33,1.62,5.25
Melbourne Victory FC,Macarthur,2x1,1,3,33.33,2.08,3.1
Melbourne Victory FC,Macarthur,2x1,1,3,33.33,1.56,5.2
Melbourne Victory FC,Macarthur,2x1,1,3,33.33,1.62,5.25
Melbourne Victory FC,Macarthur,3x1,1,3,33.33,2.08,3.1
Melbourne Victory FC,Macarthur,3x1,1,3,33.33,1.56,5.2
Melbourne Victory FC,Macarthur,3x1,1,3,33.33,1.62,5.25
Melbourne Victory FC,Melbourne City FC,0x0,1,4,25.0,3.11,2.22
Melbourne Victory FC,Melbourne City FC,0x0,1,4,25.0,2.94,2.26
Melbourne Victory FC,Melbourne City FC,0x0,1,4,25.0,3.5,2.05
Melbourne Victory FC,Melbourne City FC,0x0,1,4,25.0,0.0,0.0
Melbourne Victory FC,Melbourne City FC,0x2,1,4,25.0,3.11,2.22
Melbourne Victory FC,Melbourne City FC,0x2,1,4,25.0,2.94,2.26
Melbourne Victory FC,Melbourne City FC,0x2,1,4,25.0,3.5,2.05
Melbourne Victory FC,Melbourne City FC,0x2,1,4,25.0,0.0,0.0
Melbourne Victory FC,Melbourne City FC,3x0,1,4,25.0,3.11,2.22
Melbourne Victory FC,Melbourne City FC,3x0,1,4,25.0,2.94,2.26
Melbourne Victory FC,Melbourne City FC,3x0,1,4,25.0,3.5,2.05
Melbourne Victory FC,Melbourne City FC,3x0,1,4,25.0,0.0,0.0
Melbourne Victory FC,Melbourne City FC,3x2,1,4,25.0,3.11,2.22
Melbourne Victory FC,Melbourne City FC,3x2,1,4,25.0,2.94,2.26
Melbourne Victory FC,Melbourne City FC,3x2,1,4,25.0,3.5,2.05
Melbourne Victory FC,Melbourne City FC,3x2,1,4,25.0,0.0,0.0
Melbourne Victory FC,Newcastle Jets FC,1x2,1,3,33.33,2.0,3.68
Melbourne Victory FC,Newcastle Jets FC,1x2,1,3,33.33,1.75,4.0
Melbourne Victory FC,Newcastle Jets FC,1x2,1,3,33.33,1.97,2.7
Melbourne Victory FC,Newcastle Jets FC,4x0,1,3,33.33,2.0,3.68
Melbourne Victory FC,Newcastle Jets FC,4x0,1,3,33.33,1.75,4.0
Melbourne Victory FC,Newcastle Jets FC,4x0,1,3,33.33,1.97,2.7
Melbourne Victory FC,Newcastle Jets FC,5x3,1,3,33.33,2.0,3.68
Melbourne Victory FC,Newcastle Jets FC,5x3,1,3,33.33,1.75,4.0
Melbourne Victory FC,Newcastle Jets FC,5x3,1,3,33.33,1.97,2.7
Melbourne Victory FC,Perth Glory FC,0x0,2,3,66.67,2.05,3.6
Melbourne Victory FC,Perth Glory FC,0x0,2,3,66.67,2.21,3.04
Melbourne Victory FC,Perth Glory FC,0x0,2,3,66.67,0.0,0.0
Melbourne Victory FC,Perth Glory FC,0x3,1,3,33.33,2.05,3.6
Melbourne Victory FC,Perth Glory FC,0x3,1,3,33.33,2.21,3.04
Melbourne Victory FC,Perth Glory FC,0x3,1,3,33.33,0.0,0.0
Melbourne Victory FC,Sydney FC,1x1,1,4,25.0,3.35,2.01
Melbourne Victory FC,Sydney FC,1x1,1,4,25.0,2.48,2.65
Melbourne Victory FC,Sydney FC,1x1,1,4,25.0,2.05,3.2
Melbourne Victory FC,Sydney FC,1x1,1,4,25.0,2.2,2.8
Melbourne Victory FC,Sydney FC,1x2,1,4,25.0,3.35,2.01
Melbourne Victory FC,Sydney FC,1x2,1,4,25.0,2.48,2.65
Melbourne Victory FC,Sydney FC,1x2,1,4,25.0,2.05,3.2
Melbourne Victory FC,Sydney FC,1x2,1,4,25.0,2.2,2.8
Melbourne Victory FC,Sydney FC,2x2,1,4,25.0,3.35,2.01
Melbourne Victory FC,Sydney FC,2x2,1,4,25.0,2.48,2.65
Melbourne Victory FC,Sydney FC,2x2,1,4,25.0,2.05,3.2
Melbourne Victory FC,Sydney FC,2x2,1,4,25.0,2.2,2.8
Melbourne Victory FC,Sydney FC,3x0,1,4,25.0,3.35,2.01
Melbourne Victory FC,Sydney FC,3x0,1,4,25.0,2.48,2.65
Melbourne Victory FC,Sydney FC,3x0,1,4,25.0,2.05,3.2
Melbourne Victory FC,Sydney FC,3x0,1,4,25.0,2.2,2.8
Melbourne Victory FC,Wellington Phoenix,1x1,1,3,33.33,1.67,4.26
Melbourne Victory FC,Wellington Phoenix,1x1,1,3,33.33,2.04,3.2
Melbourne Victory FC,Wellington Phoenix,1x1,1,3,33.33,1.7,4.0
Melbourne Victory FC,Wellington Phoenix,3x1,2,3,66.67,1.67,4.26
Melbourne Victory FC,Wellington Phoenix,3x1,2,3,66.67,2.04,3.2
Melbourne Victory FC,Wellington Phoenix,3x1,2,3,66.67,1.7,4.0
Melbourne Victory FC,Western Sydney Wanderers,0x0,1,3,33.33,1.72,3.75
Melbourne Victory FC,Western Sydney Wanderers,0x0,1,3,33.33,1.9,3.3
Melbourne Victory FC,Western Sydney Wanderers,0x0,1,3,33.33,0.0,0.0
Melbourne Victory FC,Western Sydney Wanderers,0x1,1,3,33.33,1.72,3.75
Melbourne Victory FC,Western Sydney Wanderers,0x1,1,3,33.33,1.9,3.3
Melbourne Victory FC,Western Sydney Wanderers,0x1,1,3,33.33,0.0,0.0
Melbourne Victory FC,Western Sydney Wanderers,1x1,1,3,33.33,1.72,3.75
Melbourne Victory FC,Western Sydney Wanderers,1x1,1,3,33.33,1.9,3.3
Melbourne Victory FC,Western Sydney Wanderers,1x1,1,3,33.33,0.0,0.0
Melbourne Victory FC,Western United,0x0,1,5,20.0,2.05,3.25
Melbourne Victory FC,Western United,0x0,1,5,20.0,2.0,3.75
Melbourne Victory FC,Western United,0x0,1,5,20.0,1.91,4.0
Melbourne Victory FC,Western United,0x0,1,5,20.0,1.96,3.3
Melbourne Victory FC,Western United,0x0,1,5,20.0,0.0,0.0
Melbourne Victory FC,Western United,1x1,1,5,20.0,2.05,3.25
Melbourne Victory FC,Western United,1x1,1,5,20.0,2.0,3.75
Melbourne Victory FC,Western United,1x1,1,5,20.0,1.91,4.0
Melbourne Victory FC,Western United,1x1,1,5,20.0,1.96,3.3
Melbourne Victory FC,Western United,1x1,1,5,20.0,0.0,0.0
Melbourne Victory FC,Western United,1x2,1,5,20.0,2.05,3.25
Melbourne Victory FC,Western United,1x2,1,5,20.0,2.0,3.75
Melbourne Victory FC,Western United,1x2,1,5,20.0,1.91,4.0
Melbourne Victory FC,Western United,1x2,1,5,20.0,1.96,3.3
Melbourne Victory FC,Western United,1x2,1,5,20.0,0.0,0.0
Melbourne Victory FC,Western United,1x4,1,5,20.0,2.05,3.25
Melbourne Victory FC,Western United,1x4,1,5,20.0,2.0,3.75
Melbourne Victory FC,Western United,1x4,1,5,20.0,1.91,4.0
Melbourne Victory FC,Western United,1x4,1,5,20.0,1.96,3.3
Melbourne Victory FC,Western United,1x4,1,5,20.0,0.0,0.0
Melbourne Victory FC,Western United,3x1,1,5,20.0,2.05,3.25
Melbourne Victory FC,Western United,3x1,1,5,20.0,2.0,3.75
Melbourne Victory FC,Western United,3x1,1,5,20.0,1.91,4.0
Melbourne Victory FC,Western United,3x1,1,5,20.0,1.96,3.3
Melbourne Victory FC,Western United,3x1,1,5,20.0,0.0,0.0
Newcastle Jets FC,Adelaide United,0x0,1,3,33.33,2.35,2.85
Newcastle Jets FC,Adelaide United,0x0,1,3,33.33,2.62,2.61
Newcastle Jets FC,Adelaide United,0x0,1,3,33.33,0.0,0.0
Newcastle Jets FC,Adelaide United,1x2,1,3,33.33,2.35,2.85
Newcastle Jets FC,Adelaide United,1x2,1,3,33.33,2.62,2.61
Newcastle Jets FC,Adelaide United,1x2,1,3,33.33,0.0,0.0
Newcastle Jets FC,Adelaide United,2x4,1,3,33.33,2.35,2.85
Newcastle Jets FC,Adelaide United,2x4,1,3,33.33,2.62,2.61
Newcastle Jets FC,Adelaide United,2x4,1,3,33.33,0.0,0.0
Newcastle Jets FC,Brisbane Roar,0x1,1,4,25.0,2.15,3.25
Newcastle Jets FC,Brisbane Roar,0x1,1,4,25.0,2.51,2.6
Newcastle Jets FC,Brisbane Roar,0x1,1,4,25.0,2.8,2.55
Newcastle Jets FC,Brisbane Roar,0x1,1,4,25.0,2.12,2.94
Newcastle Jets FC,Brisbane Roar,2x1,1,4,25.0,2.15,3.25
Newcastle Jets FC,Brisbane Roar,2x1,1,4,25.0,2.51,2.6
Newcastle Jets FC,Brisbane Roar,2x1,1,4,25.0,2.8,2.55
Newcastle Jets FC,Brisbane Roar,2x1,1,4,25.0,2.12,2.94
Newcastle Jets FC,Brisbane Roar,3x1,1,4,25.0,2.15,3.25
Newcastle Jets FC,Brisbane Roar,3x1,1,4,25.0,2.51,2.6
Newcastle Jets FC,Brisbane Roar,3x1,1,4,25.0,2.8,2.55
Newcastle Jets FC,Brisbane Roar,3x1,1,4,25.0,2.12,2.94
Newcastle Jets FC,Brisbane Roar,4x0,1,4,25.0,2.15,3.25
Newcastle Jets FC,Brisbane Roar,4x0,1,4,25.0,2.51,2.6
Newcastle Jets FC,Brisbane Roar,4x0,1,4,25.0,2.8,2.55
Newcastle Jets FC,Brisbane Roar,4x0,1,4,25.0,2.12,2.94
Newcastle Jets FC,Central Coast Mariners,0x0,2,5,40.0,2.28,2.95
Newcastle Jets FC,Central Coast Mariners,0x0,2,5,40.0,2.28,3.0
Newcastle Jets FC,Central Coast Mariners,0x0,2,5,40.0,3.0,2.05
Newcastle Jets FC,Central Coast Mariners,0x0,2,5,40.0,2.9,2.1
Newcastle Jets FC,Central Coast Mariners,0x0,2,5,40.0,0.0,0.0
Newcastle Jets FC,Central Coast Mariners,1x2,1,5,20.0,2.28,2.95
Newcastle Jets FC,Central Coast Mariners,1x2,1,5,20.0,2.28,3.0
Newcastle Jets FC,Central Coast Mariners,1x2,1,5,20.0,3.0,2.05
Newcastle Jets FC,Central Coast Mariners,1x2,1,5,20.0,2.9,2.1
Newcastle Jets FC,Central Coast Mariners,1x2,1,5,20.0,0.0,0.0
Newcastle Jets FC,Central Coast Mariners,1x3,1,5,20.0,2.28,2.95
Newcastle Jets FC,Central Coast Mariners,1x3,1,5,20.0,2.28,3.0
Newcastle Jets FC,Central Coast Mariners,1x3,1,5,20.0,3.0,2.05
Newcastle Jets FC,Central Coast Mariners,1x3,1,5,20.0,2.9,2.1
Newcastle Jets FC,Central Coast Mariners,1x3,1,5,20.0,0.0,0.0
Newcastle Jets FC,Central Coast Mariners,2x4,1,5,20.0,2.28,2.95
Newcastle Jets FC,Central Coast Mariners,2x4,1,5,20.0,2.28,3.0
Newcastle Jets FC,Central Coast Mariners,2x4,1,5,20.0,3.0,2.05
Newcastle Jets FC,Central Coast Mariners,2x4,1,5,20.0,2.9,2.1
Newcastle Jets FC,Central Coast Mariners,2x4,1,5,20.0,0.0,0.0
Newcastle Jets FC,Macarthur,0x0,1,3,33.33,2.23,2.85
Newcastle Jets FC,Macarthur,0x0,1,3,33.33,1.82,3.7
Newcastle Jets FC,Macarthur,0x0,1,3,33.33,0.0,0.0
Newcastle Jets FC,Macarthur,2x1,1,3,33.33,2.23,2.85
Newcastle Jets FC,Macarthur,2x1,1,3,33.33,1.82,3.7
Newcastle Jets FC,Macarthur,2x1,1,3,33.33,0.0,0.0
Newcastle Jets FC,Macarthur,2x2,1,3,33.33,2.23,2.85
Newcastle Jets FC,Macarthur,2x2,1,3,33.33,1.82,3.7
Newcastle Jets FC,Macarthur,2x2,1,3,33.33,0.0,0.0
Newcastle Jets FC,Melbourne City FC,0x2,1,3,33.33,3.2,1.96
Newcastle Jets FC,Melbourne City FC,0x2,1,3,33.33,4.1,1.83
Newcastle Jets FC,Melbourne City FC,0x2,1,3,33.33,3.71,1.77
Newcastle Jets FC,Melbourne City FC,1x2,1,3,33.33,3.2,1.96
Newcastle Jets FC,Melbourne City FC,1x2,1,3,33.33,4.1,1.83
Newcastle Jets FC,Melbourne City FC,1x2,1,3,33.33,3.71,1.77
Newcastle Jets FC,Melbourne City FC,2x4,1,3,33.33,3.2,1.96
Newcastle Jets FC,Melbourne City FC,2x4,1,3,33.33,4.1,1.83
Newcastle Jets FC,Melbourne City FC,2x4,1,3,33.33,3.71,1.77
Newcastle Jets FC,Melbourne Victory FC,1x1,1,3,33.33,2.9,2.08
Newcastle Jets FC,Melbourne Victory FC,1x1,1,3,33.33,2.39,2.69
Newcastle Jets FC,Melbourne Victory FC,1x1,1,3,33.33,3.4,1.95
Newcastle Jets FC,Melbourne Victory FC,1x2,1,3,33.33,2.9,2.08
Newcastle Jets FC,Melbourne Victory FC,1x2,1,3,33.33,2.39,2.69
Newcastle Jets FC,Melbourne Victory FC,1x2,1,3,33.33,3.4,1.95
Newcastle Jets FC,Melbourne Victory FC,2x1,1,3,33.33,2.9,2.08
Newcastle Jets FC,Melbourne Victory FC,2x1,1,3,33.33,2.39,2.69
Newcastle Jets FC,Melbourne Victory FC,2x1,1,3,33.33,3.4,1.95
Newcastle Jets FC,Perth Glory FC,2x1,1,4,25.0,1.8,3.9
Newcastle Jets FC,Perth Glory FC,2x1,1,4,25.0,1.67,4.75
Newcastle Jets FC,Perth Glory FC,2x1,1,4,25.0,2.25,3.0
Newcastle Jets FC,Perth Glory FC,2x1,1,4,25.0,2.1,3.0
Newcastle Jets FC,Perth Glory FC,2x2,2,4,50.0,1.8,3.9
Newcastle Jets FC,Perth Glory FC,2x2,2,4,50.0,1.67,4.75
Newcastle Jets FC,Perth Glory FC,2x2,2,4,50.0,2.25,3.0
Newcastle Jets FC,Perth Glory FC,2x2,2,4,50.0,2.1,3.0
Newcastle Jets FC,Perth Glory FC,6x1,1,4,25.0,1.8,3.9
Newcastle Jets FC,Perth Glory FC,6x1,1,4,25.0,1.67,4.75
Newcastle Jets FC,Perth Glory FC,6x1,1,4,25.0,2.25,3.0
Newcastle Jets FC,Perth Glory FC,6x1,1,4,25.0,2.1,3.0
Newcastle Jets FC,Sydney FC,0x0,1,3,33.33,3.04,2.29
Newcastle Jets FC,Sydney FC,0x0,1,3,33.33,2.93,2.18
Newcastle Jets FC,Sydney FC,0x0,1,3,33.33,0.0,0.0
Newcastle Jets FC,Sydney FC,0x2,1,3,33.33,3.04,2.29
Newcastle Jets FC,Sydney FC,0x2,1,3,33.33,2.93,2.18
Newcastle Jets FC,Sydney FC,0x2,1,3,33.33,0.0,0.0
Newcastle Jets FC,Sydney FC,2x0,1,3,33.33,3.04,2.29
Newcastle Jets FC,Sydney FC,2x0,1,3,33.33,2.93,2.18
Newcastle Jets FC,Sydney FC,2x0,1,3,33.33,0.0,0.0
Newcastle Jets FC,Wellington Phoenix,0x0,1,5,20.0,2.58,2.64
Newcastle Jets FC,Wellington Phoenix,0x0,1,5,20.0,2.16,2.95
Newcastle Jets FC,Wellington Phoenix,0x0,1,5,20.0,1.88,3.8
Newcastle Jets FC,Wellington Phoenix,0x0,1,5,20.0,2.34,2.7
Newcastle Jets FC,Wellington Phoenix,0x0,1,5,20.0,0.0,0.0
Newcastle Jets FC,Wellington Phoenix,1x2,1,5,20.0,2.58,2.64
Newcastle Jets FC,Wellington Phoenix,1x2,1,5,20.0,2.16,2.95
Newcastle Jets FC,Wellington Phoenix,1x2,1,5,20.0,1.88,3.8
Newcastle Jets FC,Wellington Phoenix,1x2,1,5,20.0,2.34,2.7
Newcastle Jets FC,Wellington Phoenix,1x2,1,5,20.0,0.0,0.0
Newcastle Jets FC,Wellington Phoenix,3x1,1,5,20.0,2.58,2.64
Newcastle Jets FC,Wellington Phoenix,3x1,1,5,20.0,2.16,2.95
Newcastle Jets FC,Wellington Phoenix,3x1,1,5,20.0,1.88,3.8
Newcastle Jets FC,Wellington Phoenix,3x1,1,5,20.0,2.34,2.7
Newcastle Jets FC,Wellington Phoenix,3x1,1,5,20.0,0.0,0.0
Newcastle Jets FC,Wellington Phoenix,4x0,2,5,40.0,2.58,2.64
Newcastle Jets FC,Wellington Phoenix,4x0,2,5,40.0,2.16,2.95
Newcastle Jets FC,Wellington Phoenix,4x0,2,5,40.0,1.88,3.8
Newcastle Jets FC,Wellington Phoenix,4x0,2,5,40.0,2.34,2.7
Newcastle Jets FC,Wellington Phoenix,4x0,2,5,40.0,0.0,0.0
Newcastle Jets FC,Western Sydney Wanderers,1x0,1,3,33.33,2.38,2.78
Newcastle Jets FC,Western Sydney Wanderers,1x0,1,3,33.33,2.55,2.65
Newcastle Jets FC,Western Sydney Wanderers,1x0,1,3,33.33,2.59,2.38
Newcastle Jets FC,Western Sydney Wanderers,1x1,1,3,33.33,2.38,2.78
Newcastle Jets FC,Western Sydney Wanderers,1x1,1,3,33.33,2.55,2.65
Newcastle Jets FC,Western Sydney Wanderers,1x1,1,3,33.33,2.59,2.38
Newcastle Jets FC,Western Sydney Wanderers,2x2,1,3,33.33,2.38,2.78
Newcastle Jets FC,Western Sydney Wanderers,2x2,1,3,33.33,2.55,2.65
Newcastle Jets FC,Western Sydney Wanderers,2x2,1,3,33.33,2.59,2.38
Newcastle Jets FC,Western United,1x1,1,3,33.33,2.7,2.5
Newcastle Jets FC,Western United,1x1,1,3,33.33,2.25,3.1
Newcastle Jets FC,Western United,1x1,1,3,33.33,2.15,3.0
Newcastle Jets FC,Western United,1x3,1,3,33.33,2.7,2.5
Newcastle Jets FC,Western United,1x3,1,3,33.33,2.25,3.1
Newcastle Jets FC,Western United,1x3,1,3,33.33,2.15,3.0
Newcastle Jets FC,Western United,2x0,1,3,33.33,2.7,2.5
Newcastle Jets FC,Western United,2x0,1,3,33.33,2.25,3.1
Newcastle Jets FC,Western United,2x0,1,3,33.33,2.15,3.0
Perth Glory FC,Adelaide United,0x0,1,4,25.0,2.21,3.2
Perth Glory FC,Adelaide United,0x0,1,4,25.0,2.9,2.35
Perth Glory FC,Adelaide United,0x0,1,4,25.0,2.8,2.2
Perth Glory FC,Adelaide United,0x0,1,4,25.0,0.0,0.0
Perth Glory FC,Adelaide United,1x1,1,4,25.0,2.21,3.2
Perth Glory FC,Adelaide United,1x1,1,4,25.0,2.9,2.35
Perth Glory FC,Adelaide United,1x1,1,4,25.0,2.8,2.2
Perth Glory FC,Adelaide United,1x1,1,4,25.0,0.0,0.0
Perth Glory FC,Adelaide United,1x2,1,4,25.0,2.21,3.2
Perth Glory FC,Adelaide United,1x2,1,4,25.0,2.9,2.35
Perth Glory FC,Adelaide United,1x2,1,4,25.0,2.8,2.2
Perth Glory FC,Adelaide United,1x2,1,4,25.0,0.0,0.0
Perth Glory FC,Adelaide United,4x4,1,4,25.0,2.21,3.2
Perth Glory FC,Adelaide United,4x4,1,4,25.0,2.9,2.35
Perth Glory FC,Adelaide United,4x4,1,4,25.0,2.8,2.2
Perth Glory FC,Adelaide United,4x4,1,4,25.0,0.0,0.0
Perth Glory FC,Brisbane Roar,0x0,1,4,25.0,2.68,2.53
Perth Glory FC,Brisbane Roar,0x0,1,4,25.0,2.77,2.61
Perth Glory FC,Brisbane Roar,0x0,1,4,25.0,2.4,2.8
Perth Glory FC,Brisbane Roar,0x0,1,4,25.0,2.25,2.7
Perth Glory FC,Brisbane Roar,1x4,1,4,25.0,2.68,2.53
Perth Glory FC,Brisbane Roar,1x4,1,4,25.0,2.77,2.61
Perth Glory FC,Brisbane Roar,1x4,1,4,25.0,2.4,2.8
Perth Glory FC,Brisbane Roar,1x4,1,4,25.0,2.25,2.7
Perth Glory FC,Brisbane Roar,2x0,1,4,25.0,2.68,2.53
Perth Glory FC,Brisbane Roar,2x0,1,4,25.0,2.77,2.61
Perth Glory FC,Brisbane Roar,2x0,1,4,25.0,2.4,2.8
Perth Glory FC,Brisbane Roar,2x0,1,4,25.0,2.25,2.7
Perth Glory FC,Brisbane Roar,2x1,1,4,25.0,2.68,2.53
Perth Glory FC,Brisbane Roar,2x1,1,4,25.0,2.77,2.61
Perth Glory FC,Brisbane Roar,2x1,1,4,25.0,2.4,2.8
Perth Glory FC,Brisbane Roar,2x1,1,4,25.0,2.25,2.7
Perth Glory FC,Central Coast Mariners,0x0,1,3,33.33,2.25,3.1
Perth Glory FC,Central Coast Mariners,0x0,1,3,33.33,2.95,2.25
Perth Glory FC,Central Coast Mariners,0x0,1,3,33.33,3.12,2.12
Perth Glory FC,Central Coast Mariners,2x0,1,3,33.33,2.25,3.1
Perth Glory FC,Central Coast Mariners,2x0,1,3,33.33,2.95,2.25
Perth Glory FC,Central Coast Mariners,2x0,1,3,33.33,3.12,2.12
Perth Glory FC,Central Coast Mariners,2x2,1,3,33.33,2.25,3.1
Perth Glory FC,Central Coast Mariners,2x2,1,3,33.33,2.95,2.25
Perth Glory FC,Central Coast Mariners,2x2,1,3,33.33,3.12,2.12
Perth Glory FC,Macarthur,0x1,1,3,33.33,2.84,2.39
Perth Glory FC,Macarthur,0x1,1,3,33.33,2.08,3.3
Perth Glory FC,Macarthur,0x1,1,3,33.33,2.22,2.49
Perth Glory FC,Macarthur,2x1,1,3,33.33,2.84,2.39
Perth Glory FC,Macarthur,2x1,1,3,33.33,2.08,3.3
Perth Glory FC,Macarthur,2x1,1,3,33.33,2.22,2.49
Perth Glory FC,Macarthur,3x2,1,3,33.33,2.84,2.39
Perth Glory FC,Macarthur,3x2,1,3,33.33,2.08,3.3
Perth Glory FC,Macarthur,3x2,1,3,33.33,2.22,2.49
Perth Glory FC,Melbourne City FC,1x2,1,4,25.0,8.25,1.33
Perth Glory FC,Melbourne City FC,1x2,1,4,25.0,4.2,1.65
Perth Glory FC,Melbourne City FC,1x2,1,4,25.0,3.75,1.81
Perth Glory FC,Melbourne City FC,1x2,1,4,25.0,3.85,1.74
Perth Glory FC,Melbourne City FC,2x0,1,4,25.0,8.25,1.33
Perth Glory FC,Melbourne City FC,2x0,1,4,25.0,4.2,1.65
Perth Glory FC,Melbourne City FC,2x0,1,4,25.0,3.75,1.81
Perth Glory FC,Melbourne City FC,2x0,1,4,25.0,3.85,1.74
Perth Glory FC,Melbourne City FC,2x4,1,4,25.0,8.25,1.33
Perth Glory FC,Melbourne City FC,2x4,1,4,25.0,4.2,1.65
Perth Glory FC,Melbourne City FC,2x4,1,4,25.0,3.75,1.81
Perth Glory FC,Melbourne City FC,2x4,1,4,25.0,3.85,1.74
Perth Glory FC,Melbourne City FC,4x2,1,4,25.0,8.25,1.33
Perth Glory FC,Melbourne City FC,4x2,1,4,25.0,4.2,1.65
Perth Glory FC,Melbourne City FC,4x2,1,4,25.0,3.75,1.81
Perth Glory FC,Melbourne City FC,4x2,1,4,25.0,3.85,1.74
Perth Glory FC,Melbourne Victory FC,0x1,1,3,33.33,4.8,1.7
Perth Glory FC,Melbourne Victory FC,0x1,1,3,33.33,2.8,2.2
Perth Glory FC,Melbourne Victory FC,0x1,1,3,33.33,3.95,1.67
Perth Glory FC,Melbourne Victory FC,2x3,1,3,33.33,4.8,1.7
Perth Glory FC,Melbourne Victory FC,2x3,1,3,33.33,2.8,2.2
Perth Glory FC,Melbourne Victory FC,2x3,1,3,33.33,3.95,1.67
Perth Glory FC,Melbourne Victory FC,3x1,1,3,33.33,4.8,1.7
Perth Glory FC,Melbourne Victory FC,3x1,1,3,33.33,2.8,2.2
Perth Glory FC,Melbourne Victory FC,3x1,1,3,33.33,3.95,1.67
Perth Glory FC,Newcastle Jets FC,0x0,2,4,50.0,2.25,3.0
Perth Glory FC,Newcastle Jets FC,0x0,2,4,50.0,2.33,3.05
Perth Glory FC,Newcastle Jets FC,0x0,2,4,50.0,2.1,3.2
Perth Glory FC,Newcastle Jets FC,0x0,2,4,50.0,0.0,0.0
Perth Glory FC,Newcastle Jets FC,2x2,2,4,50.0,2.25,3.0
Perth Glory FC,Newcastle Jets FC,2x2,2,4,50.0,2.33,3.05
Perth Glory FC,Newcastle Jets FC,2x2,2,4,50.0,2.1,3.2
Perth Glory FC,Newcastle Jets FC,2x2,2,4,50.0,0.0,0.0
Perth Glory FC,Sydney FC,0x0,1,3,33.33,3.5,2.03
Perth Glory FC,Sydney FC,0x0,1,3,33.33,4.0,1.88
Perth Glory FC,Sydney FC,0x0,1,3,33.33,0.0,0.0
Perth Glory FC,Sydney FC,0x2,1,3,33.33,3.5,2.03
Perth Glory FC,Sydney FC,0x2,1,3,33.33,4.0,1.88
Perth Glory FC,Sydney FC,0x2,1,3,33.33,0.0,0.0
Perth Glory FC,Sydney FC,2x2,1,3,33.33,3.5,2.03
Perth Glory FC,Sydney FC,2x2,1,3,33.33,4.0,1.88
Perth Glory FC,Sydney FC,2x2,1,3,33.33,0.0,0.0
Perth Glory FC,Wellington Phoenix,0x0,1,4,25.0,3.4,1.91
Perth Glory FC,Wellington Phoenix,0x0,1,4,25.0,2.44,2.67
Perth Glory FC,Wellington Phoenix,0x0,1,4,25.0,2.62,2.43
Perth Glory FC,Wellington Phoenix,0x0,1,4,25.0,0.0,0.0
Perth Glory FC,Wellington Phoenix,0x1,1,4,25.0,3.4,1.91
Perth Glory FC,Wellington Phoenix,0x1,1,4,25.0,2.44,2.67
Perth Glory FC,Wellington Phoenix,0x1,1,4,25.0,2.62,2.43
Perth Glory FC,Wellington Phoenix,0x1,1,4,25.0,0.0,0.0
Perth Glory FC,Wellington Phoenix,1x1,1,4,25.0,3.4,1.91
Perth Glory FC,Wellington Phoenix,1x1,1,4,25.0,2.44,2.67
Perth Glory FC,Wellington Phoenix,1x1,1,4,25.0,2.62,2.43
Perth Glory FC,Wellington Phoenix,1x1,1,4,25.0,0.0,0.0
Perth Glory FC,Wellington Phoenix,3x4,1,4,25.0,3.4,1.91
Perth Glory FC,Wellington Phoenix,3x4,1,4,25.0,2.44,2.67
Perth Glory FC,Wellington Phoenix,3x4,1,4,25.0,2.62,2.43
Perth Glory FC,Wellington Phoenix,3x4,1,4,25.0,0.0,0.0
Perth Glory FC,Western Sydney Wanderers,0x0,1,4,25.0,4.44,1.78
Perth Glory FC,Western Sydney Wanderers,0x0,1,4,25.0,2.75,2.3
Perth Glory FC,Western Sydney Wanderers,0x0,1,4,25.0,2.94,2.32
Perth Glory FC,Western Sydney Wanderers,0x0,1,4,25.0,0.0,0.0
Perth Glory FC,Western Sydney Wanderers,1x0,2,4,50.0,4.44,1.78
Perth Glory FC,Western Sydney Wanderers,1x0,2,4,50.0,2.75,2.3
Perth Glory FC,Western Sydney Wanderers,1x0,2,4,50.0,2.94,2.32
Perth Glory FC,Western Sydney Wanderers,1x0,2,4,50.0,0.0,0.0
Perth Glory FC,Western Sydney Wanderers,1x1,1,4,25.0,4.44,1.78
Perth Glory FC,Western Sydney Wanderers,1x1,1,4,25.0,2.75,2.3
Perth Glory FC,Western Sydney Wanderers,1x1,1,4,25.0,2.94,2.32
Perth Glory FC,Western Sydney Wanderers,1x1,1,4,25.0,0.0,0.0
Perth Glory FC,Western United,0x0,1,4,25.0,2.75,2.4
Perth Glory FC,Western United,0x0,1,4,25.0,2.79,2.31
Perth Glory FC,Western United,0x0,1,4,25.0,1.91,3.5
Perth Glory FC,Western United,0x0,1,4,25.0,0.0,0.0
Perth Glory FC,Western United,0x2,1,4,25.0,2.75,2.4
Perth Glory FC,Western United,0x2,1,4,25.0,2.79,2.31
Perth Glory FC,Western United,0x2,1,4,25.0,1.91,3.5
Perth Glory FC,Western United,0x2,1,4,25.0,0.0,0.0
Perth Glory FC,Western United,1x2,1,4,25.0,2.75,2.4
Perth Glory FC,Western United,1x2,1,4,25.0,2.79,2.31
Perth Glory FC,Western United,1x2,1,4,25.0,1.91,3.5
Perth Glory FC,Western United,1x2,1,4,25.0,0.0,0.0
Perth Glory FC,Western United,2x1,1,4,25.0,2.75,2.4
Perth Glory FC,Western United,2x1,1,4,25.0,2.79,2.31
Perth Glory FC,Western United,2x1,1,4,25.0,1.91,3.5
Perth Glory FC,Western United,2x1,1,4,25.0,0.0,0.0
Sydney FC,Adelaide United,0x0,1,3,33.33,2.1,2.85
Sydney FC,Adelaide United,0x0,1,3,33.33,2.0,3.4
Sydney FC,Adelaide United,0x0,1,3,33.33,1.67,4.33
Sydney FC,Adelaide United,2x2,1,3,33.33,2.1,2.85
Sydney FC,Adelaide United,2x2,1,3,33.33,2.0,3.4
Sydney FC,Adelaide United,2x2,1,3,33.33,1.67,4.33
Sydney FC,Adelaide United,2x3,1,3,33.33,2.1,2.85
Sydney FC,Adelaide United,2x3,1,3,33.33,2.0,3.4
Sydney FC,Adelaide United,2x3,1,3,33.33,1.67,4.33
Sydney FC,Brisbane Roar,0x0,1,3,33.33,1.62,4.6
Sydney FC,Brisbane Roar,0x0,1,3,33.33,1.96,3.68
Sydney FC,Brisbane Roar,0x0,1,3,33.33,0.0,0.0
Sydney FC,Brisbane Roar,1x1,2,3,66.67,1.62,4.6
Sydney FC,Brisbane Roar,1x1,2,3,66.67,1.96,3.68
Sydney FC,Brisbane Roar,1x1,2,3,66.67,0.0,0.0
Sydney FC,Central Coast Mariners,0x0,1,3,33.33,1.67,4.5
Sydney FC,Central Coast Mariners,0x0,1,3,33.33,2.04,3.1
Sydney FC,Central Coast Mariners,0x0,1,3,33.33,0.0,0.0
Sydney FC,Central Coast Mariners,3x2,2,3,66.67,1.67,4.5
Sydney FC,Central Coast Mariners,3x2,2,3,66.67,2.04,3.1
Sydney FC,Central Coast Mariners,3x2,2,3,66.67,0.0,0.0
Sydney FC,Macarthur,0x1,1,4,25.0,2.05,3.3
Sydney FC,Macarthur,0x1,1,4,25.0,1.74,4.2
Sydney FC,Macarthur,0x1,1,4,25.0,1.56,5.29
Sydney FC,Macarthur,0x1,1,4,25.0,1.7,4.0
Sydney FC,Macarthur,0x2,1,4,25.0,2.05,3.3
Sydney FC,Macarthur,0x2,1,4,25.0,1.74,4.2
Sydney FC,Macarthur,0x2,1,4,25.0,1.56,5.29
Sydney FC,Macarthur,0x2,1,4,25.0,1.7,4.0
Sydney FC,Macarthur,0x3,1,4,25.0,2.05,3.3
Sydney FC,Macarthur,0x3,1,4,25.0,1.74,4.2
Sydney FC,Macarthur,0x3,1,4,25.0,1.56,5.29
Sydney FC,Macarthur,0x3,1,4,25.0,1.7,4.0
Sydney FC,Macarthur,2x2,1,4,25.0,2.05,3.3
Sydney FC,Macarthur,2x2,1,4,25.0,1.74,4.2
Sydney FC,Macarthur,2x2,1,4,25.0,1.56,5.29
Sydney FC,Macarthur,2x2,1,4,25.0,1.7,4.0
Sydney FC,Melbourne City FC,0x0,1,4,25.0,2.96,2.26
Sydney FC,Melbourne City FC,0x0,1,4,25.0,2.8,2.44
Sydney FC,Melbourne City FC,0x0,1,4,25.0,2.65,2.55
Sydney FC,Melbourne City FC,0x0,1,4,25.0,0.0,0.0
Sydney FC,Melbourne City FC,1x1,1,4,25.0,2.96,2.26
Sydney FC,Melbourne City FC,1x1,1,4,25.0,2.8,2.44
Sydney FC,Melbourne City FC,1x1,1,4,25.0,2.65,2.55
Sydney FC,Melbourne City FC,1x1,1,4,25.0,0.0,0.0
Sydney FC,Melbourne City FC,1x2,1,4,25.0,2.96,2.26
Sydney FC,Melbourne City FC,1x2,1,4,25.0,2.8,2.44
Sydney FC,Melbourne City FC,1x2,1,4,25.0,2.65,2.55
Sydney FC,Melbourne City FC,1x2,1,4,25.0,0.0,0.0
Sydney FC,Melbourne City FC,2x1,1,4,25.0,2.96,2.26
Sydney FC,Melbourne City FC,2x1,1,4,25.0,2.8,2.44
Sydney FC,Melbourne City FC,2x1,1,4,25.0,2.65,2.55
Sydney FC,Melbourne City FC,2x1,1,4,25.0,0.0,0.0
Sydney FC,Melbourne Victory FC,0x2,1,4,25.0,2.3,2.65
Sydney FC,Melbourne Victory FC,0x2,1,4,25.0,2.53,2.61
Sydney FC,Melbourne Victory FC,0x2,1,4,25.0,2.15,3.0
Sydney FC,Melbourne Victory FC,0x2,1,4,25.0,2.0,3.4
Sydney FC,Melbourne Victory FC,1x0,1,4,25.0,2.3,2.65
Sydney FC,Melbourne Victory FC,1x0,1,4,25.0,2.53,2.61
Sydney FC,Melbourne Victory FC,1x0,1,4,25.0,2.15,3.0
Sydney FC,Melbourne Victory FC,1x0,1,4,25.0,2.0,3.4
Sydney FC,Melbourne Victory FC,1x4,1,4,25.0,2.3,2.65
Sydney FC,Melbourne Victory FC,1x4,1,4,25.0,2.53,2.61
Sydney FC,Melbourne Victory FC,1x4,1,4,25.0,2.15,3.0
Sydney FC,Melbourne Victory FC,1x4,1,4,25.0,2.0,3.4
Sydney FC,Melbourne Victory FC,2x3,1,4,25.0,2.3,2.65
Sydney FC,Melbourne Victory FC,2x3,1,4,25.0,2.53,2.61
Sydney FC,Melbourne Victory FC,2x3,1,4,25.0,2.15,3.0
Sydney FC,Melbourne Victory FC,2x3,1,4,25.0,2.0,3.4
Sydney FC,Newcastle Jets FC,2x0,1,3,33.33,1.65,4.76
Sydney FC,Newcastle Jets FC,2x0,1,3,33.33,1.65,4.5
Sydney FC,Newcastle Jets FC,2x0,1,3,33.33,1.73,4.27
Sydney FC,Newcastle Jets FC,2x2,1,3,33.33,1.65,4.76
Sydney FC,Newcastle Jets FC,2x2,1,3,33.33,1.65,4.5
Sydney FC,Newcastle Jets FC,2x2,1,3,33.33,1.73,4.27
Sydney FC,Newcastle Jets FC,4x0,1,3,33.33,1.65,4.76
Sydney FC,Newcastle Jets FC,4x0,1,3,33.33,1.65,4.5
Sydney FC,Newcastle Jets FC,4x0,1,3,33.33,1.73,4.27
Sydney FC,Perth Glory FC,0x0,1,4,25.0,1.52,5.42
Sydney FC,Perth Glory FC,0x0,1,4,25.0,1.73,4.6
Sydney FC,Perth Glory FC,0x0,1,4,25.0,1.71,4.25
Sydney FC,Perth Glory FC,0x0,1,4,25.0,0.0,0.0
Sydney FC,Perth Glory FC,1x2,1,4,25.0,1.52,5.42
Sydney FC,Perth Glory FC,1x2,1,4,25.0,1.73,4.6
Sydney FC,Perth Glory FC,1x2,1,4,25.0,1.71,4.25
Sydney FC,Perth Glory FC,1x2,1,4,25.0,0.0,0.0
Sydney FC,Perth Glory FC,3x2,1,4,25.0,1.52,5.42
Sydney FC,Perth Glory FC,3x2,1,4,25.0,1.73,4.6
Sydney FC,Perth Glory FC,3x2,1,4,25.0,1.71,4.25
Sydney FC,Perth Glory FC,3x2,1,4,25.0,0.0,0.0
Sydney FC,Perth Glory FC,4x1,1,4,25.0,1.52,5.42
Sydney FC,Perth Glory FC,4x1,1,4,25.0,1.73,4.6
Sydney FC,Perth Glory FC,4x1,1,4,25.0,1.71,4.25
Sydney FC,Perth Glory FC,4x1,1,4,25.0,0.0,0.0
Sydney FC,Wellington Phoenix,0x1,1,3,33.33,2.0,3.3
Sydney FC,Wellington Phoenix,0x1,1,3,33.33,2.02,3.18
Sydney FC,Wellington Phoenix,0x1,1,3,33.33,1.84,3.95
Sydney FC,Wellington Phoenix,2x1,1,3,33.33,2.0,3.3
Sydney FC,Wellington Phoenix,2x1,1,3,33.33,2.02,3.18
Sydney FC,Wellington Phoenix,2x1,1,3,33.33,1.84,3.95
Sydney FC,Wellington Phoenix,3x1,1,3,33.33,2.0,3.3
Sydney FC,Wellington Phoenix,3x1,1,3,33.33,2.02,3.18
Sydney FC,Wellington Phoenix,3x1,1,3,33.33,1.84,3.95
Sydney FC,Western Sydney Wanderers,0x0,1,5,20.0,1.95,3.8
Sydney FC,Western Sydney Wanderers,0x0,1,5,20.0,2.08,3.32
Sydney FC,Western Sydney Wanderers,0x0,1,5,20.0,2.23,3.05
Sydney FC,Western Sydney Wanderers,0x0,1,5,20.0,2.31,2.7
Sydney FC,Western Sydney Wanderers,0x0,1,5,20.0,0.0,0.0
Sydney FC,Western Sydney Wanderers,0x1,2,5,40.0,1.95,3.8
Sydney FC,Western Sydney Wanderers,0x1,2,5,40.0,2.08,3.32
Sydney FC,Western Sydney Wanderers,0x1,2,5,40.0,2.23,3.05
Sydney FC,Western Sydney Wanderers,0x1,2,5,40.0,2.31,2.7
Sydney FC,Western Sydney Wanderers,0x1,2,5,40.0,0.0,0.0
Sydney FC,Western Sydney Wanderers,0x4,1,5,20.0,1.95,3.8
Sydney FC,Western Sydney Wanderers,0x4,1,5,20.0,2.08,3.32
Sydney FC,Western Sydney Wanderers,0x4,1,5,20.0,2.23,3.05
Sydney FC,Western Sydney Wanderers,0x4,1,5,20.0,2.31,2.7
Sydney FC,Western Sydney Wanderers,0x4,1,5,20.0,0.0,0.0
Sydney FC,Western Sydney Wanderers,3x2,1,5,20.0,1.95,3.8
Sydney FC,Western Sydney Wanderers,3x2,1,5,20.0,2.08,3.32
Sydney FC,Western Sydney Wanderers,3x2,1,5,20.0,2.23,3.05
Sydney FC,Western Sydney Wanderers,3x2,1,5,20.0,2.31,2.7
Sydney FC,Western Sydney Wanderers,3x2,1,5,20.0,0.0,0.0
Sydney FC,Western United,1x1,1,4,25.0,2.02,3.9
Sydney FC,Western United,1x1,1,4,25.0,1.91,3.95
Sydney FC,Western United,1x1,1,4,25.0,1.75,4.2
Sydney FC,Western United,1x1,1,4,25.0,1.63,3.85
Sydney FC,Western United,3x0,1,4,25.0,2.02,3.9
Sydney FC,Western United,3x0,1,4,25.0,1.91,3.95
Sydney FC,Western United,3x0,1,4,25.0,1.75,4.2
Sydney FC,Western United,3x0,1,4,25.0,1.63,3.85
Sydney FC,Western United,3x3,1,4,25.0,2.02,3.9
Sydney FC,Western United,3x3,1,4,25.0,1.91,3.95
Sydney FC,Western United,3x3,1,4,25.0,1.75,4.2
Sydney FC,Western United,3x3,1,4,25.0,1.63,3.85
Sydney FC,Western United,4x2,1,4,25.0,2.02,3.9
Sydney FC,Western United,4x2,1,4,25.0,1.91,3.95
Sydney FC,Western United,4x2,1,4,25.0,1.75,4.2
Sydney FC,Western United,4x2,1,4,25.0,1.63,3.85
Wellington Phoenix,Adelaide United,0x0,1,4,25.0,3.15,2.14
Wellington Phoenix,Adelaide United,0x0,1,4,25.0,2.46,3.07
Wellington Phoenix,Adelaide United,0x0,1,4,25.0,2.4,2.68
Wellington Phoenix,Adelaide United,0x0,1,4,25.0,0.0,0.0
Wellington Phoenix,Adelaide United,1x1,2,4,50.0,3.15,2.14
Wellington Phoenix,Adelaide United,1x1,2,4,50.0,2.46,3.07
Wellington Phoenix,Adelaide United,1x1,2,4,50.0,2.4,2.68
Wellington Phoenix,Adelaide United,1x1,2,4,50.0,0.0,0.0
Wellington Phoenix,Adelaide United,3x1,1,4,25.0,3.15,2.14
Wellington Phoenix,Adelaide United,3x1,1,4,25.0,2.46,3.07
Wellington Phoenix,Adelaide United,3x1,1,4,25.0,2.4,2.68
Wellington Phoenix,Adelaide United,3x1,1,4,25.0,0.0,0.0
Wellington Phoenix,Brisbane Roar,0x0,1,4,25.0,2.47,2.64
Wellington Phoenix,Brisbane Roar,0x0,1,4,25.0,2.18,2.95
Wellington Phoenix,Brisbane Roar,0x0,1,4,25.0,2.25,2.9
Wellington Phoenix,Brisbane Roar,0x0,1,4,25.0,0.0,0.0
Wellington Phoenix,Brisbane Roar,2x2,1,4,25.0,2.47,2.64
Wellington Phoenix,Brisbane Roar,2x2,1,4,25.0,2.18,2.95
Wellington Phoenix,Brisbane Roar,2x2,1,4,25.0,2.25,2.9
Wellington Phoenix,Brisbane Roar,2x2,1,4,25.0,0.0,0.0
Wellington Phoenix,Brisbane Roar,3x0,1,4,25.0,2.47,2.64
Wellington Phoenix,Brisbane Roar,3x0,1,4,25.0,2.18,2.95
Wellington Phoenix,Brisbane Roar,3x0,1,4,25.0,2.25,2.9
Wellington Phoenix,Brisbane Roar,3x0,1,4,25.0,0.0,0.0
Wellington Phoenix,Brisbane Roar,5x2,1,4,25.0,2.47,2.64
Wellington Phoenix,Brisbane Roar,5x2,1,4,25.0,2.18,2.95
Wellington Phoenix,Brisbane Roar,5x2,1,4,25.0,2.25,2.9
Wellington Phoenix,Brisbane Roar,5x2,1,4,25.0,0.0,0.0
Wellington Phoenix,Central Coast Mariners,0x0,1,5,20.0,2.07,3.1
Wellington Phoenix,Central Coast Mariners,0x0,1,5,20.0,2.29,3.19
Wellington Phoenix,Central Coast Mariners,0x0,1,5,20.0,2.25,2.7
Wellington Phoenix,Central Coast Mariners,0x0,1,5,20.0,2.6,2.6
Wellington Phoenix,Central Coast Mariners,0x0,1,5,20.0,3.01,2.34
Wellington Phoenix,Central Coast Mariners,0x4,1,5,20.0,2.07,3.1
Wellington Phoenix,Central Coast Mariners,0x4,1,5,20.0,2.29,3.19
Wellington Phoenix,Central Coast Mariners,0x4,1,5,20.0,2.25,2.7
Wellington Phoenix,Central Coast Mariners,0x4,1,5,20.0,2.6,2.6
Wellington Phoenix,Central Coast Mariners,0x4,1,5,20.0,3.01,2.34
Wellington Phoenix,Central Coast Mariners,2x1,2,5,40.0,2.07,3.1
Wellington Phoenix,Central Coast Mariners,2x1,2,5,40.0,2.29,3.19
Wellington Phoenix,Central Coast Mariners,2x1,2,5,40.0,2.25,2.7
Wellington Phoenix,Central Coast Mariners,2x1,2,5,40.0,2.6,2.6
Wellington Phoenix,Central Coast Mariners,2x1,2,5,40.0,3.01,2.34
Wellington Phoenix,Central Coast Mariners,2x2,1,5,20.0,2.07,3.1
Wellington Phoenix,Central Coast Mariners,2x2,1,5,20.0,2.29,3.19
Wellington Phoenix,Central Coast Mariners,2x2,1,5,20.0,2.25,2.7
Wellington Phoenix,Central Coast Mariners,2x2,1,5,20.0,2.6,2.6
Wellington Phoenix,Central Coast Mariners,2x2,1,5,20.0,3.01,2.34
Wellington Phoenix,Macarthur,0x0,1,3,33.33,2.48,2.71
Wellington Phoenix,Macarthur,0x0,1,3,33.33,2.3,3.0
Wellington Phoenix,Macarthur,0x0,1,3,33.33,0.0,0.0
Wellington Phoenix,Macarthur,3x1,1,3,33.33,2.48,2.71
Wellington Phoenix,Macarthur,3x1,1,3,33.33,2.3,3.0
Wellington Phoenix,Macarthur,3x1,1,3,33.33,0.0,0.0
Wellington Phoenix,Macarthur,4x1,1,3,33.33,2.48,2.71
Wellington Phoenix,Macarthur,4x1,1,3,33.33,2.3,3.0
Wellington Phoenix,Macarthur,4x1,1,3,33.33,0.0,0.0
Wellington Phoenix,Melbourne City FC,0x6,1,3,33.33,3.8,1.83
Wellington Phoenix,Melbourne City FC,0x6,1,3,33.33,2.88,2.28
Wellington Phoenix,Melbourne City FC,0x6,1,3,33.33,3.1,1.95
Wellington Phoenix,Melbourne City FC,1x0,1,3,33.33,3.8,1.83
Wellington Phoenix,Melbourne City FC,1x0,1,3,33.33,2.88,2.28
Wellington Phoenix,Melbourne City FC,1x0,1,3,33.33,3.1,1.95
Wellington Phoenix,Melbourne City FC,1x3,1,3,33.33,3.8,1.83
Wellington Phoenix,Melbourne City FC,1x3,1,3,33.33,2.88,2.28
Wellington Phoenix,Melbourne City FC,1x3,1,3,33.33,3.1,1.95
Wellington Phoenix,Melbourne Victory FC,0x0,1,4,25.0,2.82,2.07
Wellington Phoenix,Melbourne Victory FC,0x0,1,4,25.0,2.38,2.7
Wellington Phoenix,Melbourne Victory FC,0x0,1,4,25.0,2.75,2.38
Wellington Phoenix,Melbourne Victory FC,0x0,1,4,25.0,0.0,0.0
Wellington Phoenix,Melbourne Victory FC,1x0,1,4,25.0,2.82,2.07
Wellington Phoenix,Melbourne Victory FC,1x0,1,4,25.0,2.38,2.7
Wellington Phoenix,Melbourne Victory FC,1x0,1,4,25.0,2.75,2.38
Wellington Phoenix,Melbourne Victory FC,1x0,1,4,25.0,0.0,0.0
Wellington Phoenix,Melbourne Victory FC,1x1,1,4,25.0,2.82,2.07
Wellington Phoenix,Melbourne Victory FC,1x1,1,4,25.0,2.38,2.7
Wellington Phoenix,Melbourne Victory FC,1x1,1,4,25.0,2.75,2.38
Wellington Phoenix,Melbourne Victory FC,1x1,1,4,25.0,0.0,0.0
Wellington Phoenix,Melbourne Victory FC,1x2,1,4,25.0,2.82,2.07
Wellington Phoenix,Melbourne Victory FC,1x2,1,4,25.0,2.38,2.7
Wellington Phoenix,Melbourne Victory FC,1x2,1,4,25.0,2.75,2.38
Wellington Phoenix,Melbourne Victory FC,1x2,1,4,25.0,0.0,0.0
Wellington Phoenix,Newcastle Jets FC,0x3,1,3,33.33,2.13,3.27
Wellington Phoenix,Newcastle Jets FC,0x3,1,3,33.33,2.0,3.05
Wellington Phoenix,Newcastle Jets FC,0x3,1,3,33.33,2.0,3.4
Wellington Phoenix,Newcastle Jets FC,2x1,1,3,33.33,2.13,3.27
Wellington Phoenix,Newcastle Jets FC,2x1,1,3,33.33,2.0,3.05
Wellington Phoenix,Newcastle Jets FC,2x1,1,3,33.33,2.0,3.4
Wellington Phoenix,Newcastle Jets FC,3x2,1,3,33.33,2.13,3.27
Wellington Phoenix,Newcastle Jets FC,3x2,1,3,33.33,2.0,3.05
Wellington Phoenix,Newcastle Jets FC,3x2,1,3,33.33,2.0,3.4
Wellington Phoenix,Perth Glory FC,2x1,2,3,66.67,2.3,2.95
Wellington Phoenix,Perth Glory FC,2x1,2,3,66.67,1.89,3.95
Wellington Phoenix,Perth Glory FC,2x1,2,3,66.67,1.98,3.45
Wellington Phoenix,Perth Glory FC,2x2,1,3,33.33,2.3,2.95
Wellington Phoenix,Perth Glory FC,2x2,1,3,33.33,1.89,3.95
Wellington Phoenix,Perth Glory FC,2x2,1,3,33.33,1.98,3.45
Wellington Phoenix,Sydney FC,0x0,1,3,33.33,3.57,1.9
Wellington Phoenix,Sydney FC,0x0,1,3,33.33,2.67,2.42
Wellington Phoenix,Sydney FC,0x0,1,3,33.33,0.0,0.0
Wellington Phoenix,Sydney FC,1x0,1,3,33.33,3.57,1.9
Wellington Phoenix,Sydney FC,1x0,1,3,33.33,2.67,2.42
Wellington Phoenix,Sydney FC,1x0,1,3,33.33,0.0,0.0
Wellington Phoenix,Sydney FC,1x1,1,3,33.33,3.57,1.9
Wellington Phoenix,Sydney FC,1x1,1,3,33.33,2.67,2.42
Wellington Phoenix,Sydney FC,1x1,1,3,33.33,0.0,0.0
Wellington Phoenix,Western Sydney Wanderers,0x2,1,4,25.0,2.35,2.75
Wellington Phoenix,Western Sydney Wanderers,0x2,1,4,25.0,2.25,3.15
Wellington Phoenix,Western Sydney Wanderers,0x2,1,4,25.0,2.7,2.4
Wellington Phoenix,Western Sydney Wanderers,0x2,1,4,25.0,2.5,2.64
Wellington Phoenix,Western Sydney Wanderers,1x0,1,4,25.0,2.35,2.75
Wellington Phoenix,Western Sydney Wanderers,1x0,1,4,25.0,2.25,3.15
Wellington Phoenix,Western Sydney Wanderers,1x0,1,4,25.0,2.7,2.4
Wellington Phoenix,Western Sydney Wanderers,1x0,1,4,25.0,2.5,2.64
Wellington Phoenix,Western Sydney Wanderers,1x1,1,4,25.0,2.35,2.75
Wellington Phoenix,Western Sydney Wanderers,1x1,1,4,25.0,2.25,3.15
Wellington Phoenix,Western Sydney Wanderers,1x1,1,4,25.0,2.7,2.4
Wellington Phoenix,Western Sydney Wanderers,1x1,1,4,25.0,2.5,2.64
Wellington Phoenix,Western Sydney Wanderers,2x0,1,4,25.0,2.35,2.75
Wellington Phoenix,Western Sydney Wanderers,2x0,1,4,25.0,2.25,3.15
Wellington Phoenix,Western Sydney Wanderers,2x0,1,4,25.0,2.7,2.4
Wellington Phoenix,Western Sydney Wanderers,2x0,1,4,25.0,2.5,2.64
Wellington Phoenix,Western United,2x0,1,3,33.33,2.75,2.35
Wellington Phoenix,Western United,2x0,1,3,33.33,1.79,1.39
Wellington Phoenix,Western United,2x0,1,3,33.33,1.86,3.65
Wellington Phoenix,Western United,2x1,1,3,33.33,2.75,2.35
Wellington Phoenix,Western United,2x1,1,3,33.33,1.79,1.39
Wellington Phoenix,Western United,2x1,1,3,33.33,1.86,3.65
Wellington Phoenix,Western United,2x3,1,3,33.33,2.75,2.35
Wellington Phoenix,Western United,2x3,1,3,33.33,1.79,1.39
Wellington Phoenix,Western United,2x3,1,3,33.33,1.86,3.65
Western Sydney Wanderers,Adelaide United,0x0,1,3,33.33,2.2,3.38
Western Sydney Wanderers,Adelaide United,0x0,1,3,33.33,2.12,3.25
Western Sydney Wanderers,Adelaide United,0x0,1,3,33.33,1.86,3.0
Western Sydney Wanderers,Adelaide United,1x0,1,3,33.33,2.2,3.38
Western Sydney Wanderers,Adelaide United,1x0,1,3,33.33,2.12,3.25
Western Sydney Wanderers,Adelaide United,1x0,1,3,33.33,1.86,3.0
Western Sydney Wanderers,Adelaide United,2x3,1,3,33.33,2.2,3.38
Western Sydney Wanderers,Adelaide United,2x3,1,3,33.33,2.12,3.25
Western Sydney Wanderers,Adelaide United,2x3,1,3,33.33,1.86,3.0
Western Sydney Wanderers,Brisbane Roar,0x0,1,3,33.33,2.07,3.37
Western Sydney Wanderers,Brisbane Roar,0x0,1,3,33.33,2.16,3.15
Western Sydney Wanderers,Brisbane Roar,0x0,1,3,33.33,0.0,0.0
Western Sydney Wanderers,Brisbane Roar,1x1,2,3,66.67,2.07,3.37
Western Sydney Wanderers,Brisbane Roar,1x1,2,3,66.67,2.16,3.15
Western Sydney Wanderers,Brisbane Roar,1x1,2,3,66.67,0.0,0.0
Western Sydney Wanderers,Central Coast Mariners,0x1,1,4,25.0,2.05,3.1
Western Sydney Wanderers,Central Coast Mariners,0x1,1,4,25.0,2.02,3.35
Western Sydney Wanderers,Central Coast Mariners,0x1,1,4,25.0,2.4,2.6
Western Sydney Wanderers,Central Coast Mariners,0x1,1,4,25.0,2.31,2.55
Western Sydney Wanderers,Central Coast Mariners,0x3,1,4,25.0,2.05,3.1
Western Sydney Wanderers,Central Coast Mariners,0x3,1,4,25.0,2.02,3.35
Western Sydney Wanderers,Central Coast Mariners,0x3,1,4,25.0,2.4,2.6
Western Sydney Wanderers,Central Coast Mariners,0x3,1,4,25.0,2.31,2.55
Western Sydney Wanderers,Central Coast Mariners,2x0,1,4,25.0,2.05,3.1
Western Sydney Wanderers,Central Coast Mariners,2x0,1,4,25.0,2.02,3.35
Western Sydney Wanderers,Central Coast Mariners,2x0,1,4,25.0,2.4,2.6
Western Sydney Wanderers,Central Coast Mariners,2x0,1,4,25.0,2.31,2.55
Western Sydney Wanderers,Central Coast Mariners,2x2,1,4,25.0,2.05,3.1
Western Sydney Wanderers,Central Coast Mariners,2x2,1,4,25.0,2.02,3.35
Western Sydney Wanderers,Central Coast Mariners,2x2,1,4,25.0,2.4,2.6
Western Sydney Wanderers,Central Coast Mariners,2x2,1,4,25.0,2.31,2.55
Western Sydney Wanderers,Macarthur,0x2,1,4,25.0,2.45,2.72
Western Sydney Wanderers,Macarthur,0x2,1,4,25.0,1.93,3.5
Western Sydney Wanderers,Macarthur,0x2,1,4,25.0,1.75,4.5
Western Sydney Wanderers,Macarthur,0x2,1,4,25.0,1.7,4.0
Western Sydney Wanderers,Macarthur,3x1,1,4,25.0,2.45,2.72
Western Sydney Wanderers,Macarthur,3x1,1,4,25.0,1.93,3.5
Western Sydney Wanderers,Macarthur,3x1,1,4,25.0,1.75,4.5
Western Sydney Wanderers,Macarthur,3x1,1,4,25.0,1.7,4.0
Western Sydney Wanderers,Macarthur,4x0,2,4,50.0,2.45,2.72
Western Sydney Wanderers,Macarthur,4x0,2,4,50.0,1.93,3.5
Western Sydney Wanderers,Macarthur,4x0,2,4,50.0,1.75,4.5
Western Sydney Wanderers,Macarthur,4x0,2,4,50.0,1.7,4.0
Western Sydney Wanderers,Melbourne City FC,0x0,1,3,33.33,3.75,1.95
Western Sydney Wanderers,Melbourne City FC,0x0,1,3,33.33,3.43,2.22
Western Sydney Wanderers,Melbourne City FC,0x0,1,3,33.33,0.0,0.0
Western Sydney Wanderers,Melbourne City FC,1x1,1,3,33.33,3.75,1.95
Western Sydney Wanderers,Melbourne City FC,1x1,1,3,33.33,3.43,2.22
Western Sydney Wanderers,Melbourne City FC,1x1,1,3,33.33,0.0,0.0
Western Sydney Wanderers,Melbourne City FC,1x3,1,3,33.33,3.75,1.95
Western Sydney Wanderers,Melbourne City FC,1x3,1,3,33.33,3.43,2.22
Western Sydney Wanderers,Melbourne City FC,1x3,1,3,33.33,0.0,0.0
Western Sydney Wanderers,Melbourne Victory FC,2x0,1,3,33.33,2.7,2.6
Western Sydney Wanderers,Melbourne Victory FC,2x0,1,3,33.33,2.17,3.23
Western Sydney Wanderers,Melbourne Victory FC,2x0,1,3,33.33,2.19,2.97
Western Sydney Wanderers,Melbourne Victory FC,2x1,1,3,33.33,2.7,2.6
Western Sydney Wanderers,Melbourne Victory FC,2x1,1,3,33.33,2.17,3.23
Western Sydney Wanderers,Melbourne Victory FC,2x1,1,3,33.33,2.19,2.97
Western Sydney Wanderers,Melbourne Victory FC,3x4,1,3,33.33,2.7,2.6
Western Sydney Wanderers,Melbourne Victory FC,3x4,1,3,33.33,2.17,3.23
Western Sydney Wanderers,Melbourne Victory FC,3x4,1,3,33.33,2.19,2.97
Western Sydney Wanderers,Newcastle Jets FC,0x0,1,4,25.0,2.2,2.87
Western Sydney Wanderers,Newcastle Jets FC,0x0,1,4,25.0,2.05,3.0
Western Sydney Wanderers,Newcastle Jets FC,0x0,1,4,25.0,2.05,3.35
Western Sydney Wanderers,Newcastle Jets FC,0x0,1,4,25.0,1.61,4.4
Western Sydney Wanderers,Newcastle Jets FC,2x0,1,4,25.0,2.2,2.87
Western Sydney Wanderers,Newcastle Jets FC,2x0,1,4,25.0,2.05,3.0
Western Sydney Wanderers,Newcastle Jets FC,2x0,1,4,25.0,2.05,3.35
Western Sydney Wanderers,Newcastle Jets FC,2x0,1,4,25.0,1.61,4.4
Western Sydney Wanderers,Newcastle Jets FC,2x2,1,4,25.0,2.2,2.87
Western Sydney Wanderers,Newcastle Jets FC,2x2,1,4,25.0,2.05,3.0
Western Sydney Wanderers,Newcastle Jets FC,2x2,1,4,25.0,2.05,3.35
Western Sydney Wanderers,Newcastle Jets FC,2x2,1,4,25.0,1.61,4.4
Western Sydney Wanderers,Newcastle Jets FC,3x2,1,4,25.0,2.2,2.87
Western Sydney Wanderers,Newcastle Jets FC,3x2,1,4,25.0,2.05,3.0
Western Sydney Wanderers,Newcastle Jets FC,3x2,1,4,25.0,2.05,3.35
Western Sydney Wanderers,Newcastle Jets FC,3x2,1,4,25.0,1.61,4.4
Western Sydney Wanderers,Perth Glory FC,1x0,2,4,50.0,2.09,3.3
Western Sydney Wanderers,Perth Glory FC,1x0,2,4,50.0,1.69,4.91
Western Sydney Wanderers,Perth Glory FC,1x0,2,4,50.0,1.54,4.45
Western Sydney Wanderers,Perth Glory FC,1x0,2,4,50.0,1.5,5.0
Western Sydney Wanderers,Perth Glory FC,1x2,1,4,25.0,2.09,3.3
Western Sydney Wanderers,Perth Glory FC,1x2,1,4,25.0,1.69,4.91
Western Sydney Wanderers,Perth Glory FC,1x2,1,4,25.0,1.54,4.45
Western Sydney Wanderers,Perth Glory FC,1x2,1,4,25.0,1.5,5.0
Western Sydney Wanderers,Perth Glory FC,2x0,1,4,25.0,2.09,3.3
Western Sydney Wanderers,Perth Glory FC,2x0,1,4,25.0,1.69,4.91
Western Sydney Wanderers,Perth Glory FC,2x0,1,4,25.0,1.54,4.45
Western Sydney Wanderers,Perth Glory FC,2x0,1,4,25.0,1.5,5.0
Western Sydney Wanderers,Sydney FC,0x0,2,5,40.0,3.1,2.14
Western Sydney Wanderers,Sydney FC,0x0,2,5,40.0,2.81,2.4
Western Sydney Wanderers,Sydney FC,0x0,2,5,40.0,2.79,2.59
Western Sydney Wanderers,Sydney FC,0x0,2,5,40.0,2.12,2.92
Western Sydney Wanderers,Sydney FC,0x0,2,5,40.0,0.0,0.0
Western Sydney Wanderers,Sydney FC,0x1,1,5,20.0,3.1,2.14
Western Sydney Wanderers,Sydney FC,0x1,1,5,20.0,2.81,2.4
Western Sydney Wanderers,Sydney FC,0x1,1,5,20.0,2.79,2.59
Western Sydney Wanderers,Sydney FC,0x1,1,5,20.0,2.12,2.92
Western Sydney Wanderers,Sydney FC,0x1,1,5,20.0,0.0,0.0
Western Sydney Wanderers,Sydney FC,1x2,1,5,20.0,3.1,2.14
Western Sydney Wanderers,Sydney FC,1x2,1,5,20.0,2.81,2.4
Western Sydney Wanderers,Sydney FC,1x2,1,5,20.0,2.79,2.59
Western Sydney Wanderers,Sydney FC,1x2,1,5,20.0,2.12,2.92
Western Sydney Wanderers,Sydney FC,1x2,1,5,20.0,0.0,0.0
Western Sydney Wanderers,Sydney FC,2x0,1,5,20.0,3.1,2.14
Western Sydney Wanderers,Sydney FC,2x0,1,5,20.0,2.81,2.4
Western Sydney Wanderers,Sydney FC,2x0,1,5,20.0,2.79,2.59
Western Sydney Wanderers,Sydney FC,2x0,1,5,20.0,2.12,2.92
Western Sydney Wanderers,Sydney FC,2x0,1,5,20.0,0.0,0.0
Western Sydney Wanderers,Wellington Phoenix,0x0,1,3,33.33,1.74,3.6
Western Sydney Wanderers,Wellington Phoenix,0x0,1,3,33.33,1.8,3.6
Western Sydney Wanderers,Wellington Phoenix,0x0,1,3,33.33,1.73,4.1
Western Sydney Wanderers,Wellington Phoenix,1x2,1,3,33.33,1.74,3.6
Western Sydney Wanderers,Wellington Phoenix,1x2,1,3,33.33,1.8,3.6
Western Sydney Wanderers,Wellington Phoenix,1x2,1,3,33.33,1.73,4.1
Western Sydney Wanderers,Wellington Phoenix,4x0,1,3,33.33,1.74,3.6
Western Sydney Wanderers,Wellington Phoenix,4x0,1,3,33.33,1.8,3.6
Western Sydney Wanderers,Wellington Phoenix,4x0,1,3,33.33,1.73,4.1
Western Sydney Wanderers,Western United,0x0,1,4,25.0,2.16,3.25
Western Sydney Wanderers,Western United,0x0,1,4,25.0,2.1,3.79
Western Sydney Wanderers,Western United,0x0,1,4,25.0,1.88,3.65
Western Sydney Wanderers,Western United,0x0,1,4,25.0,0.0,0.0
Western Sydney Wanderers,Western United,0x1,1,4,25.0,2.16,3.25
Western Sydney Wanderers,Western United,0x1,1,4,25.0,2.1,3.79
Western Sydney Wanderers,Western United,0x1,1,4,25.0,1.88,3.65
Western Sydney Wanderers,Western United,0x1,1,4,25.0,0.0,0.0
Western Sydney Wanderers,Western United,1x0,1,4,25.0,2.16,3.25
Western Sydney Wanderers,Western United,1x0,1,4,25.0,2.1,3.79
Western Sydney Wanderers,Western United,1x0,1,4,25.0,1.88,3.65
Western Sydney Wanderers,Western United,1x0,1,4,25.0,0.0,0.0
Western Sydney Wanderers,Western United,5x0,1,4,25.0,2.16,3.25
Western Sydney Wanderers,Western United,5x0,1,4,25.0,2.1,3.79
Western Sydney Wanderers,Western United,5x0,1,4,25.0,1.88,3.65
Western Sydney Wanderers,Western United,5x0,1,4,25.0,0.0,0.0
Western United,Adelaide United,0x0,1,5,20.0,2.15,3.2
Western United,Adelaide United,0x0,1,5,20.0,2.25,3.1
Western United,Adelaide United,0x0,1,5,20.0,2.84,2.55
Western United,Adelaide United,0x0,1,5,20.0,2.65,2.63
Western United,Adelaide United,0x0,1,5,20.0,0.0,0.0
Western United,Adelaide United,1x0,1,5,20.0,2.15,3.2
Western United,Adelaide United,1x0,1,5,20.0,2.25,3.1
Western United,Adelaide United,1x0,1,5,20.0,2.84,2.55
Western United,Adelaide United,1x0,1,5,20.0,2.65,2.63
Western United,Adelaide United,1x0,1,5,20.0,0.0,0.0
Western United,Adelaide United,1x3,1,5,20.0,2.15,3.2
Western United,Adelaide United,1x3,1,5,20.0,2.25,3.1
Western United,Adelaide United,1x3,1,5,20.0,2.84,2.55
Western United,Adelaide United,1x3,1,5,20.0,2.65,2.63
Western United,Adelaide United,1x3,1,5,20.0,0.0,0.0
Western United,Adelaide United,2x3,1,5,20.0,2.15,3.2
Western United,Adelaide United,2x3,1,5,20.0,2.25,3.1
Western United,Adelaide United,2x3,1,5,20.0,2.84,2.55
Western United,Adelaide United,2x3,1,5,20.0,2.65,2.63
Western United,Adelaide United,2x3,1,5,20.0,0.0,0.0
Western United,Adelaide United,2x4,1,5,20.0,2.15,3.2
Western United,Adelaide United,2x4,1,5,20.0,2.25,3.1
Western United,Adelaide United,2x4,1,5,20.0,2.84,2.55
Western United,Adelaide United,2x4,1,5,20.0,2.65,2.63
Western United,Adelaide United,2x4,1,5,20.0,0.0,0.0
Western United,Brisbane Roar,1x0,1,3,33.33,2.4,2.5
Western United,Brisbane Roar,1x0,1,3,33.33,2.2,3.3
Western United,Brisbane Roar,1x0,1,3,33.33,2.56,2.17
Western United,Brisbane Roar,1x1,1,3,33.33,2.4,2.5
Western United,Brisbane Roar,1x1,1,3,33.33,2.2,3.3
Western United,Brisbane Roar,1x1,1,3,33.33,2.56,2.17
Western United,Brisbane Roar,2x1,1,3,33.33,2.4,2.5
Western United,Brisbane Roar,2x1,1,3,33.33,2.2,3.3
Western United,Brisbane Roar,2x1,1,3,33.33,2.56,2.17
Western United,Central Coast Mariners,0x0,1,3,33.33,2.35,2.8
Western United,Central Coast Mariners,0x0,1,3,33.33,2.66,2.41
Western United,Central Coast Mariners,0x0,1,3,33.33,0.0,0.0
Western United,Central Coast Mariners,0x3,1,3,33.33,2.35,2.8
Western United,Central Coast Mariners,0x3,1,3,33.33,2.66,2.41
Western United,Central Coast Mariners,0x3,1,3,33.33,0.0,0.0
Western United,Central Coast Mariners,2x2,1,3,33.33,2.35,2.8
Western United,Central Coast Mariners,2x2,1,3,33.33,2.66,2.41
Western United,Central Coast Mariners,2x2,1,3,33.33,0.0,0.0
Western United,Macarthur,0x0,1,3,33.33,1.95,3.4
Western United,Macarthur,0x0,1,3,33.33,1.99,3.7
Western United,Macarthur,0x0,1,3,33.33,0.0,0.0
Western United,Macarthur,1x1,1,3,33.33,1.95,3.4
Western United,Macarthur,1x1,1,3,33.33,1.99,3.7
Western United,Macarthur,1x1,1,3,33.33,0.0,0.0
Western United,Macarthur,2x0,1,3,33.33,1.95,3.4
Western United,Macarthur,2x0,1,3,33.33,1.99,3.7
Western United,Macarthur,2x0,1,3,33.33,0.0,0.0
Western United,Melbourne City FC,1x0,1,4,25.0,4.18,1.89
Western United,Melbourne City FC,1x0,1,4,25.0,2.18,3.12
Western United,Melbourne City FC,1x0,1,4,25.0,3.85,1.72
Western United,Melbourne City FC,1x0,1,4,25.0,4.2,1.74
Western United,Melbourne City FC,1x2,1,4,25.0,4.18,1.89
Western United,Melbourne City FC,1x2,1,4,25.0,2.18,3.12
Western United,Melbourne City FC,1x2,1,4,25.0,3.85,1.72
Western United,Melbourne City FC,1x2,1,4,25.0,4.2,1.74
Western United,Melbourne City FC,1x3,1,4,25.0,4.18,1.89
Western United,Melbourne City FC,1x3,1,4,25.0,2.18,3.12
Western United,Melbourne City FC,1x3,1,4,25.0,3.85,1.72
Western United,Melbourne City FC,1x3,1,4,25.0,4.2,1.74
Western United,Melbourne City FC,2x2,1,4,25.0,4.18,1.89
Western United,Melbourne City FC,2x2,1,4,25.0,2.18,3.12
Western United,Melbourne City FC,2x2,1,4,25.0,3.85,1.72
Western United,Melbourne City FC,2x2,1,4,25.0,4.2,1.74
Western United,Melbourne Victory FC,0x0,1,4,25.0,2.6,2.47
Western United,Melbourne Victory FC,0x0,1,4,25.0,2.88,2.38
Western United,Melbourne Victory FC,0x0,1,4,25.0,3.1,2.1
Western United,Melbourne Victory FC,0x0,1,4,25.0,0.0,0.0
Western United,Melbourne Victory FC,0x1,2,4,50.0,2.6,2.47
Western United,Melbourne Victory FC,0x1,2,4,50.0,2.88,2.38
Western United,Melbourne Victory FC,0x1,2,4,50.0,3.1,2.1
Western United,Melbourne Victory FC,0x1,2,4,50.0,0.0,0.0
Western United,Melbourne Victory FC,1x0,1,4,25.0,2.6,2.47
Western United,Melbourne Victory FC,1x0,1,4,25.0,2.88,2.38
Western United,Melbourne Victory FC,1x0,1,4,25.0,3.1,2.1
Western United,Melbourne Victory FC,1x0,1,4,25.0,0.0,0.0
Western United,Newcastle Jets FC,0x0,1,4,25.0,1.89,3.88
Western United,Newcastle Jets FC,0x0,1,4,25.0,1.83,4.17
Western United,Newcastle Jets FC,0x0,1,4,25.0,1.85,3.1
Western United,Newcastle Jets FC,0x0,1,4,25.0,2.15,3.0
Western United,Newcastle Jets FC,0x1,1,4,25.0,1.89,3.88
Western United,Newcastle Jets FC,0x1,1,4,25.0,1.83,4.17
Western United,Newcastle Jets FC,0x1,1,4,25.0,1.85,3.1
Western United,Newcastle Jets FC,0x1,1,4,25.0,2.15,3.0
Western United,Newcastle Jets FC,1x1,1,4,25.0,1.89,3.88
Western United,Newcastle Jets FC,1x1,1,4,25.0,1.83,4.17
Western United,Newcastle Jets FC,1x1,1,4,25.0,1.85,3.1
Western United,Newcastle Jets FC,1x1,1,4,25.0,2.15,3.0
Western United,Newcastle Jets FC,2x1,1,4,25.0,1.89,3.88
Western United,Newcastle Jets FC,2x1,1,4,25.0,1.83,4.17
Western United,Newcastle Jets FC,2x1,1,4,25.0,1.85,3.1
Western United,Newcastle Jets FC,2x1,1,4,25.0,2.15,3.0
Western United,Perth Glory FC,0x0,1,4,25.0,2.4,2.7
Western United,Perth Glory FC,0x0,1,4,25.0,1.53,5.5
Western United,Perth Glory FC,0x0,1,4,25.0,1.91,3.6
Western United,Perth Glory FC,0x0,1,4,25.0,0.0,0.0
Western United,Perth Glory FC,1x0,1,4,25.0,2.4,2.7
Western United,Perth Glory FC,1x0,1,4,25.0,1.53,5.5
Western United,Perth Glory FC,1x0,1,4,25.0,1.91,3.6
Western United,Perth Glory FC,1x0,1,4,25.0,0.0,0.0
Western United,Perth Glory FC,2x1,1,4,25.0,2.4,2.7
Western United,Perth Glory FC,2x1,1,4,25.0,1.53,5.5
Western United,Perth Glory FC,2x1,1,4,25.0,1.91,3.6
Western United,Perth Glory FC,2x1,1,4,25.0,0.0,0.0
Western United,Perth Glory FC,6x0,1,4,25.0,2.4,2.7
Western United,Perth Glory FC,6x0,1,4,25.0,1.53,5.5
Western United,Perth Glory FC,6x0,1,4,25.0,1.91,3.6
Western United,Perth Glory FC,6x0,1,4,25.0,0.0,0.0
Western United,Sydney FC,1x0,2,4,50.0,2.65,2.45
Western United,Sydney FC,1x0,2,4,50.0,2.7,2.3
Western United,Sydney FC,1x0,2,4,50.0,2.8,2.45
Western United,Sydney FC,1x0,2,4,50.0,3.75,1.8
Western United,Sydney FC,1x3,1,4,25.0,2.65,2.45
Western United,Sydney FC,1x3,1,4,25.0,2.7,2.3
Western United,Sydney FC,1x3,1,4,25.0,2.8,2.45
Western United,Sydney FC,1x3,1,4,25.0,3.75,1.8
Western United,Sydney FC,2x2,1,4,25.0,2.65,2.45
Western United,Sydney FC,2x2,1,4,25.0,2.7,2.3
Western United,Sydney FC,2x2,1,4,25.0,2.8,2.45
Western United,Sydney FC,2x2,1,4,25.0,3.75,1.8
Western United,Wellington Phoenix,0x1,1,4,25.0,2.11,3.28
Western United,Wellington Phoenix,0x1,1,4,25.0,1.77,3.59
Western United,Wellington Phoenix,0x1,1,4,25.0,2.5,2.75
Western United,Wellington Phoenix,0x1,1,4,25.0,2.13,3.0
Western United,Wellington Phoenix,0x3,1,4,25.0,2.11,3.28
Western United,Wellington Phoenix,0x3,1,4,25.0,1.77,3.59
Western United,Wellington Phoenix,0x3,1,4,25.0,2.5,2.75
Western United,Wellington Phoenix,0x3,1,4,25.0,2.13,3.0
Western United,Wellington Phoenix,1x0,1,4,25.0,2.11,3.28
Western United,Wellington Phoenix,1x0,1,4,25.0,1.77,3.59
Western United,Wellington Phoenix,1x0,1,4,25.0,2.5,2.75
Western United,Wellington Phoenix,1x0,1,4,25.0,2.13,3.0
Western United,Wellington Phoenix,1x4,1,4,25.0,2.11,3.28
Western United,Wellington Phoenix,1x4,1,4,25.0,1.77,3.59
Western United,Wellington Phoenix,1x4,1,4,25.0,2.5,2.75
Western United,Wellington Phoenix,1x4,1,4,25.0,2.13,3.0
Western United,Western Sydney Wanderers,0x1,1,3,33.33,2.1,3.2
Western United,Western Sydney Wanderers,0x1,1,3,33.33,2.38,2.72
Western United,Western Sydney Wanderers,0x1,1,3,33.33,2.88,2.2
Western United,Western Sydney Wanderers,1x0,1,3,33.33,2.1,3.2
Western United,Western Sydney Wanderers,1x0,1,3,33.33,2.38,2.72
Western United,Western Sydney Wanderers,1x0,1,3,33.33,2.88,2.2
Western United,Western Sydney Wanderers,3x2,1,3,33.33,2.1,3.2
Western United,Western Sydney Wanderers,3x2,1,3,33.33,2.38,2.72
Western United,Western Sydney Wanderers,3x2,1,3,33.33,2.88,2.2
