Date,Time,Country,Paises,Home,Away,FT_Odd_H,FT_Odd_D,FT_Odd_A,FT_Odd_Over25,FT_Odd_Under25,FT_Odd_BTTS_Yes,Odd_BTTS_No,DC_1X,DC_X2,DC_12,CS_01,HA,League,ROUND
03.09.2023,13:00,ENGLAND,PREMIER LEAGUE - ROUND 4,Crystal Palace,Wolves,1.91,3.3,4.33,2.1,1.73,1.95,1.8,1.2,1.33,1.83,12.0,1.63,ENGLAND - PREMIER LEAGUE,ROUND 4
03.09.2023,13:00,ENGLAND,PREMIER LEAGUE - ROUND 4,Liverpool,Aston Villa,1.65,4.5,4.5,1.4,3.0,1.44,2.63,1.18,1.18,2.2,23.0,1.45,ENGLAND - PREMIER LEAGUE,ROUND 4
03.09.2023,15:30,ENGLAND,PREMIER LEAGUE - ROUND 4,Arsenal,Manchester Utd,1.75,3.8,4.5,1.53,2.5,1.53,2.38,1.18,1.25,2.0,21.0,1.5,ENGLAND - PREMIER LEAGUE,ROUND 4
03.09.2023,11:00,FRANCE,LIGUE 1 - ROUND 4,Toulouse,Clermont,2.0,3.6,3.75,1.9,2.0,1.7,2.05,1.25,1.29,1.8,12.0,1.7,FRANCE - LIGUE 1,ROUND 4
03.09.2023,13:00,FRANCE,LIGUE 1 - ROUND 4,Le Havre,Lorient,2.7,3.25,2.7,2.3,1.62,1.95,1.8,1.44,1.33,1.44,7.5,2.25,FRANCE - LIGUE 1,ROUND 4
03.09.2023,13:00,FRANCE,LIGUE 1 - ROUND 4,Lille,Montpellier,1.75,4.0,4.2,1.62,2.3,1.57,2.25,1.22,1.22,2.0,15.0,1.55,FRANCE - LIGUE 1,ROUND 4
03.09.2023,13:00,FRANCE,LIGUE 1 - ROUND 4,Metz,Reims,4.2,3.5,1.91,1.87,2.03,1.7,2.05,1.83,1.29,1.22,8.0,3.45,FRANCE - LIGUE 1,ROUND 4
03.09.2023,15:05,FRANCE,LIGUE 1 - ROUND 4,Nice,Strasbourg,1.91,3.5,4.0,1.99,1.91,1.8,1.95,1.22,1.29,1.83,11.0,1.65,FRANCE - LIGUE 1,ROUND 4
03.09.2023,18:45,FRANCE,LIGUE 1 - ROUND 4,Lyon,Paris SG,6.0,4.75,1.5,1.44,2.75,1.53,2.38,2.5,1.18,1.13,11.0,4.8,FRANCE - LIGUE 1,ROUND 4
03.09.2023,13:30,GERMANY,BUNDESLIGA - ROUND 3,Eintracht Frankfurt,FC Koln,2.1,3.4,3.5,1.98,1.92,1.75,2.0,1.29,1.3,1.7,11.0,1.88,GERMANY - BUNDESLIGA,ROUND 3
03.09.2023,15:30,GERMANY,BUNDESLIGA - ROUND 3,Union Berlin,RB Leipzig,3.1,3.2,2.38,1.92,1.98,1.7,2.05,1.53,1.36,1.36,8.5,2.6,GERMANY - BUNDESLIGA,ROUND 3
03.09.2023,16:30,ITALY,SERIE A - ROUND 3,Inter,Fiorentina,1.65,3.8,5.25,1.8,2.0,1.75,2.0,1.17,1.25,2.2,15.0,1.45,ITALY - SERIE A,ROUND 3
03.09.2023,16:30,ITALY,SERIE A - ROUND 3,Torino,Genoa,2.0,3.3,4.0,2.38,1.57,2.05,1.7,1.22,1.33,1.8,9.0,1.73,ITALY - SERIE A,ROUND 3
03.09.2023,18:45,ITALY,SERIE A - ROUND 3,Empoli,Juventus,5.5,4.0,1.62,1.93,1.97,1.91,1.91,2.25,1.22,1.14,7.0,4.1,ITALY - SERIE A,ROUND 3
03.09.2023,18:45,ITALY,SERIE A - ROUND 3,Lecce,Salernitana,2.0,3.3,4.0,2.2,1.67,1.95,1.8,1.22,1.33,1.8,10.0,1.7,ITALY - SERIE A,ROUND 3
03.09.2023,10:15,NETHERLANDS,EREDIVISIE - ROUND 4,Utrecht,Feyenoord,4.75,4.5,1.62,1.48,2.6,1.53,2.38,2.25,1.18,1.18,11.0,3.9,NETHERLANDS - EREDIVISIE,ROUND 4
03.09.2023,12:30,NETHERLANDS,EREDIVISIE - ROUND 4,FC Volendam,Twente,5.0,4.33,1.6,1.44,2.7,1.53,2.38,2.3,1.2,1.17,11.0,4.25,NETHERLANDS - EREDIVISIE,ROUND 4
03.09.2023,12:30,NETHERLANDS,EREDIVISIE - ROUND 4,Sittard,Ajax,6.5,5.5,1.4,1.4,2.88,1.57,2.25,2.75,1.14,1.11,11.0,5.5,NETHERLANDS - EREDIVISIE,ROUND 4
03.09.2023,14:45,NETHERLANDS,EREDIVISIE - ROUND 4,Vitesse,AZ Alkmaar,3.6,3.75,2.0,1.67,2.15,1.62,2.2,1.8,1.25,1.29,9.5,3.0,NETHERLANDS - EREDIVISIE,ROUND 4
03.09.2023,12:00,SPAIN,LALIGA - ROUND 4,Girona,Las Palmas,1.6,4.0,5.75,2.0,1.8,2.05,1.7,1.14,1.22,2.3,12.0,1.43,SPAIN - LALIGA,ROUND 4
03.09.2023,14:15,SPAIN,LALIGA - ROUND 4,Mallorca,Ath Bilbao,3.2,3.0,2.45,2.63,1.5,2.1,1.67,1.53,1.36,1.36,6.5,2.68,SPAIN - LALIGA,ROUND 4
03.09.2023,16:30,SPAIN,LALIGA - ROUND 4,Atl. Madrid,Sevilla,1.45,4.5,6.5,1.73,2.1,1.95,1.8,1.11,1.18,2.63,15.0,1.33,SPAIN - LALIGA,ROUND 4
03.09.2023,19:00,SPAIN,LALIGA - ROUND 4,Osasuna,Barcelona,5.25,4.0,1.65,1.85,2.05,1.8,1.95,2.2,1.22,1.17,7.5,4.25,SPAIN - LALIGA,ROUND 4
03.09.2023,14:00,ALBANIA,SUPERLIGA - ROUND 2,Kukesi,Egnatia,5.25,4.0,1.65,1.85,2.05,1.8,1.95,2.2,1.22,1.17,7.5,4.25,ALBANIA - SUPERLIGA,ROUND 2
03.09.2023,17:00,ALBANIA,SUPERLIGA - ROUND 2,Partizani,Laci,5.25,4.0,1.65,1.85,2.05,1.8,1.95,2.2,1.22,1.17,7.5,4.25,ALBANIA - SUPERLIGA,ROUND 2
03.09.2023,00:30,ARGENTINA,COPA DE LA LIGA PROFESIONAL - ROUND 3,Velez Sarsfield,River Plate,4.2,3.3,1.95,2.15,1.67,1.91,1.8,1.8,1.33,1.22,6.5,3.45,ARGENTINA - COPA DE LA LIGA PROFESIONAL,ROUND 3
03.09.2023,17:00,ARGENTINA,COPA DE LA LIGA PROFESIONAL - ROUND 3,Defensa y Justicia,Sarmiento Junin,1.73,3.3,5.5,2.1,1.7,2.0,1.73,1.14,1.33,2.05,12.0,1.53,ARGENTINA - COPA DE LA LIGA PROFESIONAL,ROUND 3
03.09.2023,17:00,ARGENTINA,COPA DE LA LIGA PROFESIONAL - ROUND 3,Instituto,Banfield,2.45,2.7,3.4,3.1,1.36,2.25,1.57,1.3,1.44,1.53,7.5,2.13,ARGENTINA - COPA DE LA LIGA PROFESIONAL,ROUND 3
03.09.2023,19:15,ARGENTINA,COPA DE LA LIGA PROFESIONAL - ROUND 3,Argentinos Jrs,Atl. Tucuman,1.8,3.1,5.0,2.4,1.53,2.1,1.67,1.17,1.36,1.95,11.0,1.55,ARGENTINA - COPA DE LA LIGA PROFESIONAL,ROUND 3
03.09.2023,19:15,ARGENTINA,COPA DE LA LIGA PROFESIONAL - ROUND 3,Rosario Central,Talleres Cordoba,2.55,3.2,2.6,2.25,1.62,1.83,1.83,1.5,1.36,1.5,7.5,2.25,ARGENTINA - COPA DE LA LIGA PROFESIONAL,ROUND 3
03.09.2023,21:30,ARGENTINA,COPA DE LA LIGA PROFESIONAL - ROUND 3,Boca Juniors,Tigre,1.85,3.4,4.2,2.3,1.6,2.0,1.73,1.22,1.3,1.91,10.0,1.63,ARGENTINA - COPA DE LA LIGA PROFESIONAL,ROUND 3
03.09.2023,23:30,ARGENTINA,COPA DE LA LIGA PROFESIONAL - ROUND 3,Racing Club,Estudiantes L.P.,2.3,3.3,2.9,2.35,1.57,2.0,1.73,1.4,1.33,1.57,7.5,2.05,ARGENTINA - COPA DE LA LIGA PROFESIONAL,ROUND 3
03.09.2023,18:10,ARGENTINA,PRIMERA NACIONAL - ROUND 32,Alvarado,San Martin T.,2.9,2.8,2.55,3.1,1.36,2.38,1.53,1.5,1.4,1.4,6.0,2.43,ARGENTINA - PRIMERA NACIONAL,ROUND 32
03.09.2023,18:30,ARGENTINA,PRIMERA NACIONAL - ROUND 32,Guillermo Brown,Agropecuario,2.75,3.0,2.5,2.4,1.53,2.1,1.67,1.44,1.33,1.36,6.5,2.38,ARGENTINA - PRIMERA NACIONAL,ROUND 32
03.09.2023,18:40,ARGENTINA,PRIMERA NACIONAL - ROUND 32,Deportivo Moron,Def. de Belgrano,2.05,2.9,3.6,2.6,1.48,2.2,1.62,1.25,1.36,1.67,8.0,1.83,ARGENTINA - PRIMERA NACIONAL,ROUND 32
03.09.2023,19:00,ARGENTINA,PRIMERA NACIONAL - ROUND 28,Gimnasia Jujuy,Chaco For Ever,2.05,3.1,3.6,2.7,1.44,2.25,1.57,1.29,1.36,1.73,8.0,1.8,ARGENTINA - PRIMERA NACIONAL,ROUND 28
03.09.2023,21:00,ARGENTINA,PRIMERA NACIONAL - ROUND 28,Racing Cordoba,Tristan Suarez,2.05,3.2,3.3,2.25,1.62,2.0,1.73,1.3,1.33,1.67,8.5,1.8,ARGENTINA - PRIMERA NACIONAL,ROUND 28
03.09.2023,21:30,ARGENTINA,PRIMERA NACIONAL - ROUND 28,Atl. Rafaela,Deportivo Madryn,2.15,2.88,3.5,2.5,1.5,2.1,1.67,1.25,1.36,1.62,8.5,1.88,ARGENTINA - PRIMERA NACIONAL,ROUND 28
03.09.2023,22:00,ARGENTINA,PRIMERA NACIONAL - ROUND 32,San Martin S.J.,San Telmo,1.62,3.5,5.25,2.4,1.53,2.5,1.5,1.14,1.25,2.1,10.0,1.43,ARGENTINA - PRIMERA NACIONAL,ROUND 32
03.09.2023,18:00,ARGENTINA,TORNEO FEDERAL - ROUND 28,Circulo Deportivo,Cipolletti,1.62,3.5,5.25,2.4,1.53,2.5,1.5,1.14,1.25,2.1,10.0,1.43,ARGENTINA - TORNEO FEDERAL,ROUND 28
03.09.2023,18:30,ARGENTINA,TORNEO FEDERAL - ROUND 28,CA Liniers,Villa Mitre,1.62,3.5,5.25,2.4,1.53,2.5,1.5,1.14,1.25,2.1,10.0,1.43,ARGENTINA - TORNEO FEDERAL,ROUND 28
03.09.2023,18:30,ARGENTINA,TORNEO FEDERAL - ROUND 28,El Linqueno,Union Sunchales,1.62,3.5,5.25,2.4,1.53,2.5,1.5,1.14,1.25,2.1,10.0,1.43,ARGENTINA - TORNEO FEDERAL,ROUND 28
03.09.2023,18:30,ARGENTINA,TORNEO FEDERAL - ROUND 28,Gimnasia y Tiro,Crucero del Norte,1.62,3.5,5.25,2.4,1.53,2.5,1.5,1.14,1.25,2.1,10.0,1.43,ARGENTINA - TORNEO FEDERAL,ROUND 28
03.09.2023,18:30,ARGENTINA,TORNEO FEDERAL - ROUND 28,Olimpo Bahia Blanca,Germinal,1.62,3.5,5.25,2.4,1.53,2.5,1.5,1.14,1.25,2.1,10.0,1.43,ARGENTINA - TORNEO FEDERAL,ROUND 28
03.09.2023,18:30,ARGENTINA,TORNEO FEDERAL - ROUND 28,Sansinena,Santamarina,1.62,3.5,5.25,2.4,1.53,2.5,1.5,1.14,1.25,2.1,10.0,1.43,ARGENTINA - TORNEO FEDERAL,ROUND 28
03.09.2023,19:00,ARGENTINA,TORNEO FEDERAL - ROUND 28,Club Sportivo Penarol,Ferro Gen. Pico,1.62,3.5,5.25,2.4,1.53,2.5,1.5,1.14,1.25,2.1,10.0,1.43,ARGENTINA - TORNEO FEDERAL,ROUND 28
03.09.2023,19:00,ARGENTINA,TORNEO FEDERAL - ROUND 28,Def. Pronunciamiento,Sportivo Belgrano,1.62,3.5,5.25,2.4,1.53,2.5,1.5,1.14,1.25,2.1,10.0,1.43,ARGENTINA - TORNEO FEDERAL,ROUND 28
03.09.2023,19:00,ARGENTINA,TORNEO FEDERAL - ROUND 28,Sarmiento Resistencia,Boca Unidos,1.62,3.5,5.25,2.4,1.53,2.5,1.5,1.14,1.25,2.1,10.0,1.43,ARGENTINA - TORNEO FEDERAL,ROUND 28
03.09.2023,19:30,ARGENTINA,TORNEO FEDERAL - ROUND 28,San Martin Formosa,Juventud Antoniana,1.62,3.5,5.25,2.4,1.53,2.5,1.5,1.14,1.25,2.1,10.0,1.43,ARGENTINA - TORNEO FEDERAL,ROUND 28
03.09.2023,20:00,ARGENTINA,TORNEO FEDERAL - ROUND 28,Central Norte,Sol de America,1.62,3.5,5.25,2.4,1.53,2.5,1.5,1.14,1.25,2.1,10.0,1.43,ARGENTINA - TORNEO FEDERAL,ROUND 28
03.09.2023,05:00,AUSTRALIA,NPL ACT - ROUND 21,Canberra Croatia,Canberra Olympic,1.62,3.5,5.25,2.4,1.53,2.5,1.5,1.14,1.25,2.1,10.0,1.43,AUSTRALIA - NPL ACT,ROUND 21
03.09.2023,04:30,AUSTRALIA,NPL NORTHERN NSW - PLAY OFFS - SEMI-FINALS,Broadmeadow,Charlestown Azzurri,1.62,3.5,5.25,2.4,1.53,2.5,1.5,1.14,1.25,2.1,10.0,1.43,AUSTRALIA - NPL NORTHERN NSW - PLAY OFFS,SEMI-FINALS
03.09.2023,05:00,AUSTRALIA,NPL NSW - RELEGATION - FINAL,St George Saints,Mount Druitt Rangers,1.62,3.5,5.25,2.4,1.53,2.5,1.5,1.14,1.25,2.1,10.0,1.43,AUSTRALIA - NPL NSW - RELEGATION,FINAL
03.09.2023,08:00,AUSTRALIA,NPL QUEENSLAND - PLAY OFFS - QUARTER-FINALS,Brisbane City,Queensland Lions,1.62,3.5,5.25,2.4,1.53,2.5,1.5,1.14,1.25,2.1,10.0,1.43,AUSTRALIA - NPL QUEENSLAND - PLAY OFFS,QUARTER-FINALS
03.09.2023,00:00,AUSTRALIA & OCEANIA,OFC CHAMPIONSHIP U23 - ROUND 3,Vanuatu U23,Samoa U23,1.62,3.5,5.25,2.4,1.53,2.5,1.5,1.14,1.25,2.1,10.0,1.43,AUSTRALIA & OCEANIA - OFC CHAMPIONSHIP U23,ROUND 3
03.09.2023,03:00,AUSTRALIA & OCEANIA,OFC CHAMPIONSHIP U23 - ROUND 3,Tonga U23,Solomon Islands U23,1.62,3.5,5.25,2.4,1.53,2.5,1.5,1.14,1.25,2.1,10.0,1.43,AUSTRALIA & OCEANIA - OFC CHAMPIONSHIP U23,ROUND 3
03.09.2023,15:00,AUSTRIA,BUNDESLIGA - ROUND 6,Austria Vienna,A. Klagenfurt,1.73,4.2,4.2,1.57,2.35,1.57,2.25,1.22,1.22,2.05,15.0,1.58,AUSTRIA - BUNDESLIGA,ROUND 6
03.09.2023,15:00,AUSTRIA,BUNDESLIGA - ROUND 6,LASK,A. Lustenau,1.33,5.0,9.0,1.44,2.7,1.7,2.05,1.07,1.17,3.25,29.0,1.58,AUSTRIA - BUNDESLIGA,ROUND 6
03.09.2023,15:00,AUSTRIA,BUNDESLIGA - ROUND 6,Salzburg,Rapid Vienna,1.5,4.2,7.0,1.57,2.35,1.7,2.05,1.1,1.22,2.5,23.0,1.3,AUSTRIA - BUNDESLIGA,ROUND 6
03.09.2023,08:30,AUSTRIA,2. LIGA - ROUND 6,Kapfenberg,Leoben,1.5,4.2,7.0,1.57,2.35,1.7,2.05,1.1,1.22,2.5,23.0,1.3,AUSTRIA - 2. LIGA,ROUND 6
03.09.2023,13:00,AZERBAIJAN,PREMIER LEAGUE - ROUND 5,Kapaz,Araz,1.5,4.2,7.0,1.57,2.35,1.7,2.05,1.1,1.22,2.5,23.0,1.3,AZERBAIJAN - PREMIER LEAGUE,ROUND 5
03.09.2023,15:30,AZERBAIJAN,PREMIER LEAGUE - ROUND 5,Sabail,Qarabag,1.5,4.2,7.0,1.57,2.35,1.7,2.05,1.1,1.22,2.5,23.0,1.3,AZERBAIJAN - PREMIER LEAGUE,ROUND 5
03.09.2023,12:00,BELARUS,VYSSHAYA LIGA - ROUND 20,Shakhtyor Soligorsk,Energetik-BGU,1.5,4.2,7.0,1.57,2.35,1.7,2.05,1.1,1.22,2.5,23.0,1.3,BELARUS - VYSSHAYA LIGA,ROUND 20
03.09.2023,14:00,BELARUS,VYSSHAYA LIGA - ROUND 20,Slutsk,Smorgon,1.5,4.2,7.0,1.57,2.35,1.7,2.05,1.1,1.22,2.5,23.0,1.3,BELARUS - VYSSHAYA LIGA,ROUND 20
03.09.2023,16:00,BELARUS,VYSSHAYA LIGA - ROUND 20,BATE,Dynamo Brest,1.5,4.2,7.0,1.57,2.35,1.7,2.05,1.1,1.22,2.5,23.0,1.3,BELARUS - VYSSHAYA LIGA,ROUND 20
03.09.2023,10:00,BELARUS,PERSHAYA LIGA - ROUND 22,Molodechno,Ostrovets,1.5,4.2,7.0,1.57,2.35,1.7,2.05,1.1,1.22,2.5,23.0,1.3,BELARUS - PERSHAYA LIGA,ROUND 22
03.09.2023,11:00,BELARUS,PERSHAYA LIGA - ROUND 22,Vitebsk,Lida,1.5,4.2,7.0,1.57,2.35,1.7,2.05,1.1,1.22,2.5,23.0,1.3,BELARUS - PERSHAYA LIGA,ROUND 22
03.09.2023,12:00,BELARUS,PERSHAYA LIGA - ROUND 22,Orsha,Baranovici,1.5,4.2,7.0,1.57,2.35,1.7,2.05,1.1,1.22,2.5,23.0,1.3,BELARUS - PERSHAYA LIGA,ROUND 22
03.09.2023,14:00,BELARUS,PERSHAYA LIGA - ROUND 22,BumProm Gomel,Lokomotiv Gomel,1.5,4.2,7.0,1.57,2.35,1.7,2.05,1.1,1.22,2.5,23.0,1.3,BELARUS - PERSHAYA LIGA,ROUND 22
03.09.2023,11:30,BELGIUM,JUPILER PRO LEAGUE - ROUND 6,Gent,Club Brugge KV,2.4,3.5,2.75,1.62,2.25,1.5,2.5,1.4,1.29,1.53,12.0,2.1,BELGIUM - JUPILER PRO LEAGUE,ROUND 6
03.09.2023,14:00,BELGIUM,JUPILER PRO LEAGUE - ROUND 6,Royale Union SG,Antwerp,2.3,3.4,3.0,2.03,1.83,1.8,1.95,1.36,1.3,1.57,9.0,1.98,BELGIUM - JUPILER PRO LEAGUE,ROUND 6
03.09.2023,16:30,BELGIUM,JUPILER PRO LEAGUE - ROUND 6,Genk,Anderlecht,1.91,3.6,3.8,1.65,2.2,1.57,2.25,1.25,1.29,1.83,15.0,1.68,BELGIUM - JUPILER PRO LEAGUE,ROUND 6
03.09.2023,17:15,BELGIUM,JUPILER PRO LEAGUE - ROUND 6,Charleroi,St. Truiden,2.15,3.4,3.3,2.08,1.73,1.8,1.95,1.33,1.3,1.67,9.5,1.88,BELGIUM - JUPILER PRO LEAGUE,ROUND 6
03.09.2023,11:30,BELGIUM,CHALLENGER PRO LEAGUE - ROUND 4,Lierse K.,Lommel SK,2.38,3.8,2.45,1.57,2.35,1.5,2.5,1.53,1.25,1.53,12.0,2.08,BELGIUM - CHALLENGER PRO LEAGUE,ROUND 4
03.09.2023,14:00,BELGIUM,CHALLENGER PRO LEAGUE - ROUND 4,Club Brugge KV U23,Patro Eisden,2.3,3.5,2.75,1.67,2.15,1.57,2.25,1.4,1.29,1.57,12.0,2.03,BELGIUM - CHALLENGER PRO LEAGUE,ROUND 4
03.09.2023,18:00,BELGIUM,CHALLENGER PRO LEAGUE - ROUND 4,Beveren,St. Liege U23,1.25,5.25,9.5,1.44,2.7,1.83,1.83,1.06,1.14,3.5,29.0,1.17,BELGIUM - CHALLENGER PRO LEAGUE,ROUND 4
03.09.2023,17:45,BOSNIA AND HERZEGOVINA,PREMIJER LIGA BIH - ROUND 6,Tuzla City,Igman K.,1.25,5.25,9.5,1.44,2.7,1.83,1.83,1.06,1.14,3.5,29.0,1.17,BOSNIA AND HERZEGOVINA - PREMIJER LIGA BIH,ROUND 6
03.09.2023,17:45,BOSNIA AND HERZEGOVINA,PREMIJER LIGA BIH - ROUND 6,Velez Mostar,Zeljeznicar,1.25,5.25,9.5,1.44,2.7,1.83,1.83,1.06,1.14,3.5,29.0,1.17,BOSNIA AND HERZEGOVINA - PREMIJER LIGA BIH,ROUND 6
03.09.2023,00:00,BRAZIL,SERIE A - ROUND 22,Botafogo RJ,Flamengo RJ,2.3,3.3,3.2,2.1,1.73,1.8,1.95,1.36,1.33,1.57,9.5,2.03,BRAZIL - SERIE A,ROUND 22
03.09.2023,14:00,BRAZIL,SERIE A - ROUND 22,Gremio,Cuiaba,1.67,3.6,5.5,2.1,1.73,2.05,1.7,1.14,1.29,2.15,13.0,2.03,BRAZIL - SERIE A,ROUND 22
03.09.2023,19:00,BRAZIL,SERIE A - ROUND 22,Corinthians,Palmeiras,3.5,3.2,2.2,2.38,1.57,2.0,1.75,1.67,1.36,1.29,6.5,2.75,BRAZIL - SERIE A,ROUND 22
03.09.2023,19:00,BRAZIL,SERIE A - ROUND 22,Fluminense,Fortaleza,1.75,3.5,5.0,2.0,1.8,1.95,1.8,1.17,1.29,2.0,11.0,1.58,BRAZIL - SERIE A,ROUND 22
03.09.2023,21:30,BRAZIL,SERIE A - ROUND 22,America MG,Santos,2.15,3.25,3.6,2.2,1.67,1.95,1.8,1.29,1.33,1.67,9.0,1.85,BRAZIL - SERIE A,ROUND 22
03.09.2023,21:30,BRAZIL,SERIE A - ROUND 22,Bahia,Vasco,2.1,3.3,3.6,2.2,1.67,1.95,1.8,1.29,1.33,1.7,9.5,1.8,BRAZIL - SERIE A,ROUND 22
03.09.2023,21:30,BRAZIL,SERIE A - ROUND 22,Cruzeiro,Bragantino,2.45,3.1,3.0,2.38,1.57,1.95,1.8,1.36,1.36,1.53,8.0,2.08,BRAZIL - SERIE A,ROUND 22
03.09.2023,23:30,BRAZIL,SERIE A - ROUND 22,Sao Paulo,Coritiba,1.45,4.33,7.5,1.98,1.88,2.1,1.67,1.1,1.2,2.63,15.0,1.3,BRAZIL - SERIE A,ROUND 22
03.09.2023,18:45,BRAZIL,SERIE B - ROUND 26,Vila Nova FC,CRB,1.45,4.33,7.5,1.98,1.88,2.1,1.67,1.1,1.2,2.63,15.0,1.3,BRAZIL - SERIE B,ROUND 26
03.09.2023,21:00,BRAZIL,SERIE B - ROUND 26,Botafogo SP,Sport Recife,1.45,4.33,7.5,1.98,1.88,2.1,1.67,1.1,1.2,2.63,15.0,1.3,BRAZIL - SERIE B,ROUND 26
03.09.2023,13:00,BRAZIL,COPA PAULISTA - ROUND 10,Mirassol,Marilia,1.45,4.33,7.5,1.98,1.88,2.1,1.67,1.1,1.2,2.63,15.0,1.3,BRAZIL - COPA PAULISTA,ROUND 10
03.09.2023,13:00,BRAZIL,COPA PAULISTA - ROUND 10,Noroeste,Comercial,1.45,4.33,7.5,1.98,1.88,2.1,1.67,1.1,1.2,2.63,15.0,1.3,BRAZIL - COPA PAULISTA,ROUND 10
03.09.2023,13:00,BRAZIL,COPA PAULISTA - ROUND 10,Oeste,Bragantino,1.45,4.33,7.5,1.98,1.88,2.1,1.67,1.1,1.2,2.63,15.0,1.3,BRAZIL - COPA PAULISTA,ROUND 10
03.09.2023,13:00,BRAZIL,COPA PAULISTA - ROUND 10,Piracicaba,Primavera,1.45,4.33,7.5,1.98,1.88,2.1,1.67,1.1,1.2,2.63,15.0,1.3,BRAZIL - COPA PAULISTA,ROUND 10
03.09.2023,13:00,BRAZIL,COPA PAULISTA - ROUND 10,Ponte Preta,Juventus-SP,1.45,4.33,7.5,1.98,1.88,2.1,1.67,1.1,1.2,2.63,15.0,1.3,BRAZIL - COPA PAULISTA,ROUND 10
03.09.2023,13:00,BRAZIL,COPA PAULISTA - ROUND 10,Portuguesa,Sao Caetano,1.45,4.33,7.5,1.98,1.88,2.1,1.67,1.1,1.2,2.63,15.0,1.3,BRAZIL - COPA PAULISTA,ROUND 10
03.09.2023,13:00,BRAZIL,COPA PAULISTA - ROUND 10,Santo Andre,Sao Jose EC,1.45,4.33,7.5,1.98,1.88,2.1,1.67,1.1,1.2,2.63,15.0,1.3,BRAZIL - COPA PAULISTA,ROUND 10
03.09.2023,13:00,BRAZIL,COPA PAULISTA - ROUND 10,Sao Bento,Gremio Prudente,1.45,4.33,7.5,1.98,1.88,2.1,1.67,1.1,1.2,2.63,15.0,1.3,BRAZIL - COPA PAULISTA,ROUND 10
03.09.2023,13:00,BRAZIL,COPA PAULISTA - ROUND 10,Sao Bernardo,Portuguesa Santista,1.45,4.33,7.5,1.98,1.88,2.1,1.67,1.1,1.2,2.63,15.0,1.3,BRAZIL - COPA PAULISTA,ROUND 10
03.09.2023,20:00,BRAZIL,COPA SANTA CATARINA - ROUND 1,Avai,Concordia,1.45,4.33,7.5,1.98,1.88,2.1,1.67,1.1,1.2,2.63,15.0,1.3,BRAZIL - COPA SANTA CATARINA,ROUND 1
03.09.2023,13:30,BRAZIL,BRASILEIRO WOMEN - PLAY OFFS - SEMI-FINALS,Ferroviaria W,Sao Paulo W,1.45,4.33,7.5,1.98,1.88,2.1,1.67,1.1,1.2,2.63,15.0,1.3,BRAZIL - BRASILEIRO WOMEN - PLAY OFFS,SEMI-FINALS
03.09.2023,16:00,BULGARIA,PARVA LIGA - ROUND 8,Lok. Plovdiv,Krumovgrad,1.6,4.0,6.0,2.0,1.85,2.0,1.73,1.13,1.22,2.3,13.0,1.4,BULGARIA - PARVA LIGA,ROUND 8
03.09.2023,18:15,BULGARIA,PARVA LIGA - ROUND 8,Levski Sofia,Hebar,1.36,5.25,8.0,1.8,2.0,2.2,1.62,1.08,1.17,3.0,17.0,1.24,BULGARIA - PARVA LIGA,ROUND 8
03.09.2023,16:00,BURKINA FASO,PREMIER LEAGUE,Etoile Filante,Sporting Cascades,1.36,5.25,8.0,1.8,2.0,2.2,1.62,1.08,1.17,3.0,17.0,1.24,BURKINA FASO,PREMIER LEAGUE
03.09.2023,16:00,BURKINA FASO,PREMIER LEAGUE,Rahimo,ASEC Koudougou,1.36,5.25,8.0,1.8,2.0,2.2,1.62,1.08,1.17,3.0,17.0,1.24,BURKINA FASO,PREMIER LEAGUE
03.09.2023,13:00,BURUNDI,PRIMUS LEAGUE - ROUND 3,Flambeau du Centre,Olympic S.,1.36,5.25,8.0,1.8,2.0,2.2,1.62,1.08,1.17,3.0,17.0,1.24,BURUNDI - PRIMUS LEAGUE,ROUND 3
03.09.2023,13:00,BURUNDI,PRIMUS LEAGUE - ROUND 3,Kayanza,Telaviv,1.36,5.25,8.0,1.8,2.0,2.2,1.62,1.08,1.17,3.0,17.0,1.24,BURUNDI - PRIMUS LEAGUE,ROUND 3
03.09.2023,13:00,BURUNDI,PRIMUS LEAGUE - ROUND 3,Tigre Noir,Bumamuru,1.36,5.25,8.0,1.8,2.0,2.2,1.62,1.08,1.17,3.0,17.0,1.24,BURUNDI - PRIMUS LEAGUE,ROUND 3
03.09.2023,13:00,BURUNDI,PRIMUS LEAGUE - ROUND 3,Vital'O,Rukinzo,1.36,5.25,8.0,1.8,2.0,2.2,1.62,1.08,1.17,3.0,17.0,1.24,BURUNDI - PRIMUS LEAGUE,ROUND 3
03.09.2023,21:00,CANADA,CANADIAN PREMIER LEAGUE,Vancouver FC,Forge,1.36,5.25,8.0,1.8,2.0,2.2,1.62,1.08,1.17,3.0,17.0,1.24,CANADA,CANADIAN PREMIER LEAGUE
03.09.2023,15:30,CHILE,PRIMERA DIVISION - ROUND 23,Magallanes,Palestino,3.3,3.4,2.2,1.93,1.93,1.73,2.0,1.67,1.3,1.33,8.5,2.75,CHILE - PRIMERA DIVISION,ROUND 23
03.09.2023,18:00,CHILE,PRIMERA DIVISION - ROUND 23,Cobresal,Coquimbo,1.83,3.6,4.33,1.95,1.9,1.73,2.0,1.2,1.29,1.91,13.0,1.6,CHILE - PRIMERA DIVISION,ROUND 23
03.09.2023,20:30,CHILE,PRIMERA DIVISION - ROUND 23,O'Higgins,A. Italiano,2.3,3.1,3.4,2.1,1.78,1.73,2.0,1.3,1.36,1.57,10.0,1.95,CHILE - PRIMERA DIVISION,ROUND 23
03.09.2023,23:00,CHILE,PRIMERA DIVISION - ROUND 23,Nublense,Everton,2.75,3.3,2.6,2.1,1.78,1.8,1.91,1.5,1.33,1.4,8.0,2.38,CHILE - PRIMERA DIVISION,ROUND 23
03.09.2023,18:30,CHILE,SEGUNDA DIVISION - ROUND 21,D. Concepcion,Limache,2.75,3.3,2.6,2.1,1.78,1.8,1.91,1.5,1.33,1.4,8.0,2.38,CHILE - SEGUNDA DIVISION,ROUND 21
03.09.2023,18:30,CHILE,SEGUNDA DIVISION - ROUND 21,Melipilla,Linares Unido,2.75,3.3,2.6,2.1,1.78,1.8,1.91,1.5,1.33,1.4,8.0,2.38,CHILE - SEGUNDA DIVISION,ROUND 21
03.09.2023,19:00,CHILE,SEGUNDA DIVISION - ROUND 21,Trasandino,General Velasquez,2.75,3.3,2.6,2.1,1.78,1.8,1.91,1.5,1.33,1.4,8.0,2.38,CHILE - SEGUNDA DIVISION,ROUND 21
03.09.2023,01:20,COLOMBIA,PRIMERA A - CLAUSURA - ROUND 9,Petrolera,America De Cali,2.75,3.3,2.6,2.1,1.78,1.8,1.91,1.5,1.33,1.4,8.0,2.38,COLOMBIA - PRIMERA A - CLAUSURA,ROUND 9
03.09.2023,21:00,COLOMBIA,PRIMERA A - CLAUSURA - ROUND 9,Atl. Nacional,Pereira,2.75,3.3,2.6,2.1,1.78,1.8,1.91,1.5,1.33,1.4,8.0,2.38,COLOMBIA - PRIMERA A - CLAUSURA,ROUND 9
03.09.2023,23:10,COLOMBIA,PRIMERA A - CLAUSURA - ROUND 9,Aguilas,Millonarios,2.75,3.3,2.6,2.1,1.78,1.8,1.91,1.5,1.33,1.4,8.0,2.38,COLOMBIA - PRIMERA A - CLAUSURA,ROUND 9
03.09.2023,00:00,COSTA RICA,PRIMERA DIVISION - APERTURA - ROUND 7,AD Santos,Guanacasteca,2.25,3.25,3.1,2.08,1.73,1.83,1.83,1.36,1.33,1.62,9.0,2.0,COSTA RICA - PRIMERA DIVISION - APERTURA,ROUND 7
03.09.2023,02:00,COSTA RICA,PRIMERA DIVISION - APERTURA - ROUND 7,Herediano,Grecia,1.36,4.75,7.0,1.67,2.15,1.91,1.8,1.1,1.18,3.0,19.0,1.25,COSTA RICA - PRIMERA DIVISION - APERTURA,ROUND 7
03.09.2023,23:00,COSTA RICA,PRIMERA DIVISION - APERTURA - ROUND 7,Alajuelense,Saprissa,2.0,3.4,3.4,2.03,1.78,1.8,1.91,1.3,1.3,1.8,10.0,1.75,COSTA RICA - PRIMERA DIVISION - APERTURA,ROUND 7
03.09.2023,16:30,CROATIA,HNL - ROUND 7,Rijeka,Varazdin,1.45,4.33,5.5,1.65,2.2,1.8,1.91,1.13,1.18,2.5,17.0,1.33,CROATIA - HNL,ROUND 7
03.09.2023,19:05,CROATIA,HNL - ROUND 7,Osijek,D. Zagreb,4.33,3.5,1.7,1.98,1.88,1.83,1.83,2.0,1.25,1.18,7.0,3.8,CROATIA - HNL,ROUND 7
03.09.2023,17:00,CYPRUS,CYTA CHAMPIONSHIP - ROUND 3,Apollon,Karmiotissa,4.33,3.5,1.7,1.98,1.88,1.83,1.83,2.0,1.25,1.18,7.0,3.8,CYPRUS - CYTA CHAMPIONSHIP,ROUND 3
03.09.2023,17:00,CYPRUS,CYTA CHAMPIONSHIP - ROUND 3,Zakakiou,Aris,4.33,3.5,1.7,1.98,1.88,1.83,1.83,2.0,1.25,1.18,7.0,3.8,CYPRUS - CYTA CHAMPIONSHIP,ROUND 3
03.09.2023,18:00,CYPRUS,CYTA CHAMPIONSHIP - ROUND 3,Omonia,APOEL,4.33,3.5,1.7,1.98,1.88,1.83,1.83,2.0,1.25,1.18,7.0,3.8,CYPRUS - CYTA CHAMPIONSHIP,ROUND 3
03.09.2023,13:00,CZECH REPUBLIC,FORTUNA:LIGA - ROUND 7,Liberec,Sparta Prague,4.5,3.8,1.65,1.62,2.25,1.67,2.1,2.2,1.25,1.18,9.0,3.8,CZECH REPUBLIC - FORTUNA:LIGA,ROUND 7
03.09.2023,13:00,CZECH REPUBLIC,FORTUNA:LIGA - ROUND 7,Plzen,Bohemians,1.4,4.5,6.0,1.57,2.35,1.75,2.0,1.11,1.17,2.63,19.0,1.3,CZECH REPUBLIC - FORTUNA:LIGA,ROUND 7
03.09.2023,16:00,CZECH REPUBLIC,FORTUNA:LIGA - ROUND 7,Slavia Prague,Karvina,1.1,9.0,23.0,1.33,3.4,2.38,1.53,1.01,1.07,7.0,41.0,1.3,CZECH REPUBLIC - FORTUNA:LIGA,ROUND 7
03.09.2023,18:00,CZECH REPUBLIC,FORTUNA:LIGA - ROUND 7,Hradec Kralove,Sigma Olomouc,2.45,3.3,2.63,1.88,1.98,1.7,2.05,1.44,1.33,1.53,10.0,2.08,CZECH REPUBLIC - FORTUNA:LIGA,ROUND 7
03.09.2023,08:15,CZECH REPUBLIC,FNL - ROUND 8,Sigma Olomouc B,Pribram,2.1,3.3,3.0,1.83,1.98,1.67,2.1,1.33,1.3,1.62,11.0,1.83,CZECH REPUBLIC - FNL,ROUND 8
03.09.2023,08:15,CZECH REPUBLIC,FNL - ROUND 8,Sparta Prague B,Opava,2.1,3.3,3.0,1.83,1.98,1.67,2.1,1.33,1.3,1.62,11.0,1.83,CZECH REPUBLIC - FNL,ROUND 8
03.09.2023,12:00,DENMARK,SUPERLIGA - ROUND 7,Lyngby,Nordsjaelland,4.5,3.6,1.8,1.73,2.08,1.67,2.1,1.95,1.29,1.18,8.5,3.7,DENMARK - SUPERLIGA,ROUND 7
03.09.2023,12:00,DENMARK,SUPERLIGA - ROUND 7,Silkeborg,Hvidovre IF,1.44,4.5,7.5,1.62,2.25,1.8,1.95,1.1,1.18,2.63,19.0,1.3,DENMARK - SUPERLIGA,ROUND 7
03.09.2023,14:00,DENMARK,SUPERLIGA - ROUND 7,Brondby,Randers FC,1.7,3.8,5.0,1.7,2.1,1.7,2.05,1.17,1.25,2.1,15.0,1.48,DENMARK - SUPERLIGA,ROUND 7
03.09.2023,16:00,DENMARK,SUPERLIGA - ROUND 7,FC Copenhagen,Viborg,1.57,4.2,5.5,1.67,2.15,1.75,2.0,1.14,1.22,2.3,17.0,1.38,DENMARK - SUPERLIGA,ROUND 7
03.09.2023,18:00,DENMARK,SUPERLIGA - ROUND 7,Midtjylland,Aarhus,2.5,3.4,2.8,2.08,1.73,1.91,1.91,1.4,1.3,1.5,8.0,2.08,DENMARK - SUPERLIGA,ROUND 7
03.09.2023,12:00,DENMARK,1ST DIVISION - ROUND 8,Helsingor,Hobro,2.25,3.75,2.9,1.7,2.1,1.62,2.2,1.4,1.25,1.62,11.0,1.95,DENMARK - 1ST DIVISION,ROUND 8
03.09.2023,13:00,DENMARK,1ST DIVISION - ROUND 8,Aalborg,Kolding IF,1.57,4.0,6.0,1.67,2.15,1.73,2.0,1.13,1.22,2.3,17.0,1.4,DENMARK - 1ST DIVISION,ROUND 8
03.09.2023,11:00,DENMARK,ELITEDIVISIONEN WOMEN - ROUND 3,Fortuna Hjorring W,Thisted FC W,1.57,4.0,6.0,1.67,2.15,1.73,2.0,1.13,1.22,2.3,17.0,1.4,DENMARK - ELITEDIVISIONEN WOMEN,ROUND 3
03.09.2023,22:00,DOMINICAN REPUBLIC,LDF - WINNERS STAGE - ROUND 9,Universidad O&M,Atletico Pantoja,1.57,4.0,6.0,1.67,2.15,1.73,2.0,1.13,1.22,2.3,17.0,1.4,DOMINICAN REPUBLIC - LDF - WINNERS STAGE,ROUND 9
03.09.2023,13:30,DR CONGO,LIGUE 1 - ROUND 3,Dauphins Noirs,AC Kuya,1.57,4.0,6.0,1.67,2.15,1.73,2.0,1.13,1.22,2.3,17.0,1.4,DR CONGO - LIGUE 1,ROUND 3
03.09.2023,13:30,DR CONGO,LIGUE 1 - ROUND 1,Maniema,Renaissance,1.57,4.0,6.0,1.67,2.15,1.73,2.0,1.13,1.22,2.3,17.0,1.4,DR CONGO - LIGUE 1,ROUND 1
03.09.2023,13:30,DR CONGO,LIGUE 1 - ROUND 4,Sanga Balende,Lubumbashi Sport,1.57,4.0,6.0,1.67,2.15,1.73,2.0,1.13,1.22,2.3,17.0,1.4,DR CONGO - LIGUE 1,ROUND 4
03.09.2023,13:30,DR CONGO,LIGUE 1 - ROUND 1,Tshinkunku,St Eloi Lupopo,1.57,4.0,6.0,1.67,2.15,1.73,2.0,1.13,1.22,2.3,17.0,1.4,DR CONGO - LIGUE 1,ROUND 1
03.09.2023,14:30,DR CONGO,LIGUE 1 - ROUND 3,Motema Pembe,Aigles du Congo,1.57,4.0,6.0,1.67,2.15,1.73,2.0,1.13,1.22,2.3,17.0,1.4,DR CONGO - LIGUE 1,ROUND 3
03.09.2023,18:00,ECUADOR,LIGA PRO - SECOND STAGE - ROUND 20,Dep. Cuenca,Orense,1.95,3.1,4.0,2.1,1.7,1.83,1.83,1.22,1.36,1.8,11.0,1.73,ECUADOR - LIGA PRO - SECOND STAGE,ROUND 20
03.09.2023,20:30,ECUADOR,LIGA PRO - SECOND STAGE - ROUND 20,Tecnico U.,Gualaceo,1.7,3.4,5.0,2.2,1.65,2.1,1.67,1.17,1.3,2.1,12.0,1.48,ECUADOR - LIGA PRO - SECOND STAGE,ROUND 20
03.09.2023,23:00,ECUADOR,LIGA PRO - SECOND STAGE - ROUND 20,Cumbaya,Barcelona SC,4.0,3.2,1.91,2.2,1.65,1.91,1.8,1.83,1.36,1.22,6.5,3.45,ECUADOR - LIGA PRO - SECOND STAGE,ROUND 20
03.09.2023,00:00,EL SALVADOR,PRIMERA DIVISION - APERTURA - ROUND 5,Municipal Limeno,Aguila,4.0,3.2,1.91,2.2,1.65,1.91,1.8,1.83,1.36,1.22,6.5,3.45,EL SALVADOR - PRIMERA DIVISION - APERTURA,ROUND 5
03.09.2023,00:00,EL SALVADOR,PRIMERA DIVISION - APERTURA - ROUND 5,Santa Tecla,FAS,4.0,3.2,1.91,2.2,1.65,1.91,1.8,1.83,1.36,1.22,6.5,3.45,EL SALVADOR - PRIMERA DIVISION - APERTURA,ROUND 5
03.09.2023,21:00,EL SALVADOR,PRIMERA DIVISION - APERTURA - ROUND 5,11 Deportivo,Metapan,4.0,3.2,1.91,2.2,1.65,1.91,1.8,1.83,1.36,1.22,6.5,3.45,EL SALVADOR - PRIMERA DIVISION - APERTURA,ROUND 5
03.09.2023,21:00,EL SALVADOR,PRIMERA DIVISION - APERTURA - ROUND 5,Dragon,Alianza FC,4.0,3.2,1.91,2.2,1.65,1.91,1.8,1.83,1.36,1.22,6.5,3.45,EL SALVADOR - PRIMERA DIVISION - APERTURA,ROUND 5
03.09.2023,21:00,EL SALVADOR,PRIMERA DIVISION - APERTURA - ROUND 5,Fuerte San Francisco,Luis Angel Firpo,4.0,3.2,1.91,2.2,1.65,1.91,1.8,1.83,1.36,1.22,6.5,3.45,EL SALVADOR - PRIMERA DIVISION - APERTURA,ROUND 5
03.09.2023,21:30,EL SALVADOR,PRIMERA DIVISION - APERTURA - ROUND 5,Platense Municipal,Jocoro,4.0,3.2,1.91,2.2,1.65,1.91,1.8,1.83,1.36,1.22,6.5,3.45,EL SALVADOR - PRIMERA DIVISION - APERTURA,ROUND 5
03.09.2023,14:00,ENGLAND,FA CUP - QUALIFICATION - 1/8-FINALS,Biggleswade FC,Maldon & Tiptree,4.0,3.2,1.91,2.2,1.65,1.91,1.8,1.83,1.36,1.22,6.5,3.45,ENGLAND - FA CUP - QUALIFICATION,1/8-FINALS
03.09.2023,14:00,ENGLAND,FA CUP - QUALIFICATION - 1/8-FINALS,Kingstonian,Lydd Town,4.0,3.2,1.91,2.2,1.65,1.91,1.8,1.83,1.36,1.22,6.5,3.45,ENGLAND - FA CUP - QUALIFICATION,1/8-FINALS
03.09.2023,14:00,ENGLAND,FA CUP - QUALIFICATION - 1/8-FINALS,Uxbridge,Cray Valley,4.0,3.2,1.91,2.2,1.65,1.91,1.8,1.83,1.36,1.22,6.5,3.45,ENGLAND - FA CUP - QUALIFICATION,1/8-FINALS
03.09.2023,14:00,ENGLAND,FA CUP - QUALIFICATION - 1/8-FINALS,Whickham,Macclesfield,4.0,3.2,1.91,2.2,1.65,1.91,1.8,1.83,1.36,1.22,6.5,3.45,ENGLAND - FA CUP - QUALIFICATION,1/8-FINALS
03.09.2023,11:30,ESTONIA,MEISTRILIIGA - ROUND 26,Paide,Kalju,4.0,3.2,1.91,2.2,1.65,1.91,1.8,1.83,1.36,1.22,6.5,3.45,ESTONIA - MEISTRILIIGA,ROUND 26
03.09.2023,14:00,ESTONIA,MEISTRILIIGA - ROUND 26,Flora,Levadia,4.0,3.2,1.91,2.2,1.65,1.91,1.8,1.83,1.36,1.22,6.5,3.45,ESTONIA - MEISTRILIIGA,ROUND 26
03.09.2023,16:00,FAROE ISLANDS,FAROE ISLANDS CUP - SEMI-FINALS,Toftir,Streymur,4.0,3.2,1.91,2.2,1.65,1.91,1.8,1.83,1.36,1.22,6.5,3.45,FAROE ISLANDS - FAROE ISLANDS CUP,SEMI-FINALS
03.09.2023,01:00,FIJI,PREMIER LEAGUE - ROUND 16,Tailevu Naitasiri,Nadroga,4.0,3.2,1.91,2.2,1.65,1.91,1.8,1.83,1.36,1.22,6.5,3.45,FIJI - PREMIER LEAGUE,ROUND 16
03.09.2023,03:00,FIJI,PREMIER LEAGUE - ROUND 16,Lautoka,Suva,4.0,3.2,1.91,2.2,1.65,1.91,1.8,1.83,1.36,1.22,6.5,3.45,FIJI - PREMIER LEAGUE,ROUND 16
03.09.2023,03:00,FIJI,PREMIER LEAGUE - ROUND 16,Rewa,Nadi,4.0,3.2,1.91,2.2,1.65,1.91,1.8,1.83,1.36,1.22,6.5,3.45,FIJI - PREMIER LEAGUE,ROUND 16
03.09.2023,13:00,FINLAND,VEIKKAUSLIIGA,Haka,SJK,2.8,3.4,2.25,1.75,2.05,1.62,2.2,1.53,1.29,1.36,9.5,2.43,FINLAND,VEIKKAUSLIIGA
03.09.2023,13:00,FINLAND,VEIKKAUSLIIGA,HJK,KuPS,2.05,3.4,3.25,2.15,1.67,1.95,1.8,1.33,1.3,1.73,9.0,1.85,FINLAND,VEIKKAUSLIIGA
03.09.2023,13:00,FINLAND,VEIKKAUSLIIGA,Inter Turku,AC Oulu,1.7,3.8,4.2,1.67,2.15,1.7,2.05,1.22,1.25,2.1,15.0,1.53,FINLAND,VEIKKAUSLIIGA
03.09.2023,13:00,FINLAND,VEIKKAUSLIIGA,KTP,Honka,3.8,3.6,1.8,1.93,1.93,1.8,1.95,1.83,1.25,1.22,7.0,3.3,FINLAND,VEIKKAUSLIIGA
03.09.2023,13:00,FINLAND,VEIKKAUSLIIGA,Lahti,Ilves,2.75,3.4,2.3,2.1,1.7,1.91,1.91,1.57,1.3,1.4,7.5,2.38,FINLAND,VEIKKAUSLIIGA
03.09.2023,13:00,FINLAND,VEIKKAUSLIIGA,Mariehamn,VPS,3.5,3.4,1.91,1.85,2.0,1.75,2.0,1.73,1.29,1.25,8.0,3.1,FINLAND,VEIKKAUSLIIGA
03.09.2023,11:00,FINLAND,KANSALLINEN LIIGA WOMEN - RELEGATION GROUP,Ilves W,ONS Oulu W,3.5,3.4,1.91,1.85,2.0,1.75,2.0,1.73,1.29,1.25,8.0,3.1,FINLAND - KANSALLINEN LIIGA WOMEN,RELEGATION GROUP
03.09.2023,11:30,GERMANY,2. BUNDESLIGA - ROUND 5,Greuther Furth,Hannover,2.0,4.0,3.3,1.57,2.35,1.53,2.38,1.33,1.22,1.8,13.0,1.75,GERMANY - 2. BUNDESLIGA,ROUND 5
03.09.2023,11:30,GERMANY,2. BUNDESLIGA - ROUND 5,Hamburger SV,Hansa Rostock,1.45,4.75,6.5,1.44,2.7,1.57,2.25,1.11,1.18,2.63,21.0,1.33,GERMANY - 2. BUNDESLIGA,ROUND 5
03.09.2023,11:30,GERMANY,2. BUNDESLIGA - ROUND 5,VfL Osnabruck,Elversberg,2.4,3.75,2.7,1.53,2.4,1.5,2.5,1.44,1.25,1.53,13.0,2.05,GERMANY - 2. BUNDESLIGA,ROUND 5
03.09.2023,11:30,GERMANY,3. LIGA - ROUND 5,Hallescher,Sandhausen,2.4,3.75,2.7,1.53,2.4,1.5,2.5,1.44,1.25,1.53,13.0,2.05,GERMANY - 3. LIGA,ROUND 5
03.09.2023,14:30,GERMANY,3. LIGA - ROUND 5,Regensburg,Duisburg,2.4,3.75,2.7,1.53,2.4,1.5,2.5,1.44,1.25,1.53,13.0,2.05,GERMANY - 3. LIGA,ROUND 5
03.09.2023,17:30,GERMANY,3. LIGA - ROUND 5,Viktoria Koln,Arminia Bielefeld,2.4,3.75,2.7,1.53,2.4,1.5,2.5,1.44,1.25,1.53,13.0,2.05,GERMANY - 3. LIGA,ROUND 5
03.09.2023,18:00,GHANA,SUPER CUP - FINAL,Medeama,Dreams,2.4,3.75,2.7,1.53,2.4,1.5,2.5,1.44,1.25,1.53,13.0,2.05,GHANA - SUPER CUP,FINAL
03.09.2023,17:00,GREECE,SUPER LEAGUE - ROUND 3,Aris,Asteras Tripolis,1.53,3.8,7.0,2.08,1.73,2.1,1.67,1.1,1.25,2.38,15.0,1.35,GREECE - SUPER LEAGUE,ROUND 3
03.09.2023,17:00,GREECE,SUPER LEAGUE - ROUND 3,OFI Crete,PAOK,5.5,3.75,1.67,1.95,1.9,1.91,1.91,2.15,1.25,1.14,7.0,1.35,GREECE - SUPER LEAGUE,ROUND 3
03.09.2023,17:00,GREECE,SUPER LEAGUE - ROUND 3,Olympiacos Piraeus,Lamia,1.25,5.5,13.0,1.73,2.08,2.25,1.57,1.04,1.14,3.75,26.0,1.15,GREECE - SUPER LEAGUE,ROUND 3
03.09.2023,18:30,GREECE,SUPER LEAGUE - ROUND 3,Volos,AEK Athens FC,13.0,6.0,1.22,1.57,2.35,2.2,1.62,4.0,1.13,1.04,7.5,1.15,GREECE - SUPER LEAGUE,ROUND 3
03.09.2023,18:45,GREECE,SUPER LEAGUE - ROUND 3,Giannina,Panathinaikos,7.0,4.0,1.53,2.3,1.6,2.38,1.53,2.38,1.22,1.1,5.0,5.5,GREECE - SUPER LEAGUE,ROUND 3
03.09.2023,13:00,GREECE,GREEK CUP - 1/128-FINALS,Pamisos,Zakynthos,7.0,4.0,1.53,2.3,1.6,2.38,1.53,2.38,1.22,1.1,5.0,5.5,GREECE - GREEK CUP,1/128-FINALS
03.09.2023,14:00,GREECE,GREEK CUP - 1/128-FINALS,Anagennisi Arta,Apollon Paralimniou,7.0,4.0,1.53,2.3,1.6,2.38,1.53,2.38,1.22,1.1,5.0,5.5,GREECE - GREEK CUP,1/128-FINALS
03.09.2023,14:00,GREECE,GREEK CUP - 1/128-FINALS,Asteras Petriti,Chaniotis,7.0,4.0,1.53,2.3,1.6,2.38,1.53,2.38,1.22,1.1,5.0,5.5,GREECE - GREEK CUP,1/128-FINALS
03.09.2023,14:00,GREECE,GREEK CUP - 1/128-FINALS,Asteras Stavrou,Atromitos Palamas,7.0,4.0,1.53,2.3,1.6,2.38,1.53,2.38,1.22,1.1,5.0,5.5,GREECE - GREEK CUP,1/128-FINALS
03.09.2023,14:00,GREECE,GREEK CUP - 1/128-FINALS,Byron Kavala,Pierikos,7.0,4.0,1.53,2.3,1.6,2.38,1.53,2.38,1.22,1.1,5.0,5.5,GREECE - GREEK CUP,1/128-FINALS
03.09.2023,14:00,GREECE,GREEK CUP - 1/128-FINALS,Ialisos,Ethnikos Piraeus,7.0,4.0,1.53,2.3,1.6,2.38,1.53,2.38,1.22,1.1,5.0,5.5,GREECE - GREEK CUP,1/128-FINALS
03.09.2023,14:00,GREECE,GREEK CUP - 1/128-FINALS,Ipato,Panargiakos,7.0,4.0,1.53,2.3,1.6,2.38,1.53,2.38,1.22,1.1,5.0,5.5,GREECE - GREEK CUP,1/128-FINALS
03.09.2023,14:00,GREECE,GREEK CUP - 1/128-FINALS,Nea Artaki,Acharnaikos,7.0,4.0,1.53,2.3,1.6,2.38,1.53,2.38,1.22,1.1,5.0,5.5,GREECE - GREEK CUP,1/128-FINALS
03.09.2023,14:00,GREECE,GREEK CUP - 1/128-FINALS,Panthrakikos,Thiseas Agria,7.0,4.0,1.53,2.3,1.6,2.38,1.53,2.38,1.22,1.1,5.0,5.5,GREECE - GREEK CUP,1/128-FINALS
03.09.2023,14:00,GREECE,GREEK CUP - 1/128-FINALS,PAO Varda,Pangytheatikos,7.0,4.0,1.53,2.3,1.6,2.38,1.53,2.38,1.22,1.1,5.0,5.5,GREECE - GREEK CUP,1/128-FINALS
03.09.2023,21:00,GUATEMALA,LIGA NACIONAL - APERTURA - ROUND 6,Coban Imperial,Coatepeque,7.0,4.0,1.53,2.3,1.6,2.38,1.53,2.38,1.22,1.1,5.0,5.5,GUATEMALA - LIGA NACIONAL - APERTURA,ROUND 6
03.09.2023,00:00,HONDURAS,LIGA NACIONAL - APERTURA - ROUND 6,Victoria,UPNFM,7.0,4.0,1.53,2.3,1.6,2.38,1.53,2.38,1.22,1.1,5.0,5.5,HONDURAS - LIGA NACIONAL - APERTURA,ROUND 6
03.09.2023,02:00,HONDURAS,LIGA NACIONAL - APERTURA - ROUND 6,Olimpia,Vida,7.0,4.0,1.53,2.3,1.6,2.38,1.53,2.38,1.22,1.1,5.0,5.5,HONDURAS - LIGA NACIONAL - APERTURA,ROUND 6
03.09.2023,21:00,HONDURAS,LIGA NACIONAL - APERTURA - ROUND 6,Real Sociedad,Marathon,7.0,4.0,1.53,2.3,1.6,2.38,1.53,2.38,1.22,1.1,5.0,5.5,HONDURAS - LIGA NACIONAL - APERTURA,ROUND 6
03.09.2023,23:00,HONDURAS,LIGA NACIONAL - APERTURA - ROUND 6,Real Espana,Motagua,7.0,4.0,1.53,2.3,1.6,2.38,1.53,2.38,1.22,1.1,5.0,5.5,HONDURAS - LIGA NACIONAL - APERTURA,ROUND 6
03.09.2023,07:00,HONG KONG,PREMIER LEAGUE - ROUND 3,Sham Shui Po,North District,7.0,4.0,1.53,2.3,1.6,2.38,1.53,2.38,1.22,1.1,5.0,5.5,HONG KONG - PREMIER LEAGUE,ROUND 3
03.09.2023,07:00,HONG KONG,PREMIER LEAGUE - ROUND 3,Tai Po,Hong Kong Rangers,7.0,4.0,1.53,2.3,1.6,2.38,1.53,2.38,1.22,1.1,5.0,5.5,HONG KONG - PREMIER LEAGUE,ROUND 3
03.09.2023,10:00,HONG KONG,PREMIER LEAGUE - ROUND 3,Resources Capital,HK U23,7.0,4.0,1.53,2.3,1.6,2.38,1.53,2.38,1.22,1.1,5.0,5.5,HONG KONG - PREMIER LEAGUE,ROUND 3
03.09.2023,12:15,HUNGARY,OTP BANK LIGA - ROUND 6,Mezokovesd-Zsory,Puskas Academy,4.0,3.75,1.85,1.73,2.08,1.67,2.1,1.91,1.25,1.22,8.5,3.3,HUNGARY - OTP BANK LIGA,ROUND 6
03.09.2023,15:15,HUNGARY,OTP BANK LIGA - ROUND 6,Zalaegerszegi,Ferencvaros,5.0,4.0,1.65,1.65,2.2,1.67,2.1,2.2,1.22,1.17,8.5,4.25,HUNGARY - OTP BANK LIGA,ROUND 6
03.09.2023,17:30,HUNGARY,OTP BANK LIGA - ROUND 6,Debrecen,Kecskemeti TE,2.6,3.4,2.7,1.83,2.03,1.62,2.2,1.44,1.3,1.5,10.0,2.2,HUNGARY - OTP BANK LIGA,ROUND 6
03.09.2023,14:00,HUNGARY,MERKANTIL BANK LIGA - ROUND 7,BVSC-Zuglo,Pecsi MFC,2.6,3.4,2.7,1.83,2.03,1.62,2.2,1.44,1.3,1.5,10.0,2.2,HUNGARY - MERKANTIL BANK LIGA,ROUND 7
03.09.2023,14:00,HUNGARY,MERKANTIL BANK LIGA - ROUND 7,Gyirmot,Kazincbarcikai,2.6,3.4,2.7,1.83,2.03,1.62,2.2,1.44,1.3,1.5,10.0,2.2,HUNGARY - MERKANTIL BANK LIGA,ROUND 7
03.09.2023,14:00,HUNGARY,MERKANTIL BANK LIGA - ROUND 7,Honved,Gyor,2.6,3.4,2.7,1.83,2.03,1.62,2.2,1.44,1.3,1.5,10.0,2.2,HUNGARY - MERKANTIL BANK LIGA,ROUND 7
03.09.2023,14:00,HUNGARY,MERKANTIL BANK LIGA - ROUND 7,Nyiregyhaza,Budafoki,2.6,3.4,2.7,1.83,2.03,1.62,2.2,1.44,1.3,1.5,10.0,2.2,HUNGARY - MERKANTIL BANK LIGA,ROUND 7
03.09.2023,14:00,HUNGARY,MERKANTIL BANK LIGA - ROUND 7,Tiszakecske,Soroksar,2.6,3.4,2.7,1.83,2.03,1.62,2.2,1.44,1.3,1.5,10.0,2.2,HUNGARY - MERKANTIL BANK LIGA,ROUND 7
03.09.2023,15:00,HUNGARY,MERKANTIL BANK LIGA - ROUND 7,Ajka,Vasas,2.6,3.4,2.7,1.83,2.03,1.62,2.2,1.44,1.3,1.5,10.0,2.2,HUNGARY - MERKANTIL BANK LIGA,ROUND 7
03.09.2023,15:00,HUNGARY,MERKANTIL BANK LIGA - ROUND 7,Csakvari,Mosonmagyarovari TE,2.6,3.4,2.7,1.83,2.03,1.62,2.2,1.44,1.3,1.5,10.0,2.2,HUNGARY - MERKANTIL BANK LIGA,ROUND 7
03.09.2023,15:00,HUNGARY,MERKANTIL BANK LIGA - ROUND 7,Kozarmisleny SE,Szeged,2.6,3.4,2.7,1.83,2.03,1.62,2.2,1.44,1.3,1.5,10.0,2.2,HUNGARY - MERKANTIL BANK LIGA,ROUND 7
03.09.2023,15:00,HUNGARY,MERKANTIL BANK LIGA - ROUND 7,Siofok,Haladas,2.6,3.4,2.7,1.83,2.03,1.62,2.2,1.44,1.3,1.5,10.0,2.2,HUNGARY - MERKANTIL BANK LIGA,ROUND 7
03.09.2023,14:00,ICELAND,BESTA DEILD KARLA - ROUND 22,Breidablik,Hafnarfjordur,2.6,3.4,2.7,1.83,2.03,1.62,2.2,1.44,1.3,1.5,10.0,2.2,ICELAND - BESTA DEILD KARLA,ROUND 22
03.09.2023,14:00,ICELAND,BESTA DEILD KARLA - ROUND 22,Fram,Vikingur Reykjavik,2.6,3.4,2.7,1.83,2.03,1.62,2.2,1.44,1.3,1.5,10.0,2.2,ICELAND - BESTA DEILD KARLA,ROUND 22
03.09.2023,14:00,ICELAND,BESTA DEILD KARLA - ROUND 22,Fylkir,KA Akureyri,2.6,3.4,2.7,1.83,2.03,1.62,2.2,1.44,1.3,1.5,10.0,2.2,ICELAND - BESTA DEILD KARLA,ROUND 22
03.09.2023,14:00,ICELAND,BESTA DEILD KARLA - ROUND 22,Stjarnan,Keflavik,2.6,3.4,2.7,1.83,2.03,1.62,2.2,1.44,1.3,1.5,10.0,2.2,ICELAND - BESTA DEILD KARLA,ROUND 22
03.09.2023,14:00,ICELAND,BESTA DEILD KARLA - ROUND 22,Valur,Kopavogur,2.6,3.4,2.7,1.83,2.03,1.62,2.2,1.44,1.3,1.5,10.0,2.2,ICELAND - BESTA DEILD KARLA,ROUND 22
03.09.2023,14:00,ICELAND,BESTA DEILD KARLA - ROUND 22,Vestmannaeyjar,KR Reykjavik,2.6,3.4,2.7,1.83,2.03,1.62,2.2,1.44,1.3,1.5,10.0,2.2,ICELAND - BESTA DEILD KARLA,ROUND 22
03.09.2023,15:00,ICELAND,DIVISION 2 - ROUND 20,Olafsvik,Fjallabyggd,2.6,3.4,2.7,1.83,2.03,1.62,2.2,1.44,1.3,1.5,10.0,2.2,ICELAND - DIVISION 2,ROUND 20
03.09.2023,16:15,ICELAND,BESTA DEILD WOMEN - RELEGATION GROUP - ROUND 1,Tindastoll W,Keflavik W,2.6,3.4,2.7,1.83,2.03,1.62,2.2,1.44,1.3,1.5,10.0,2.2,ICELAND - BESTA DEILD WOMEN - RELEGATION GROUP,ROUND 1
03.09.2023,10:30,INDIA,DURAND CUP - PLAY OFFS - FINAL,East Bengal,Mohun Bagan,2.6,3.4,2.7,1.83,2.03,1.62,2.2,1.44,1.3,1.5,10.0,2.2,INDIA - DURAND CUP - PLAY OFFS,FINAL
03.09.2023,08:00,INDONESIA,LIGA 1 - ROUND 11,Persebaya,Borneo,2.6,3.4,2.7,1.83,2.03,1.62,2.2,1.44,1.3,1.5,10.0,2.2,INDONESIA - LIGA 1,ROUND 11
03.09.2023,08:00,INDONESIA,LIGA 1 - ROUND 11,Persikabo 1973,Dewa United,2.6,3.4,2.7,1.83,2.03,1.62,2.2,1.44,1.3,1.5,10.0,2.2,INDONESIA - LIGA 1,ROUND 11
03.09.2023,12:00,INDONESIA,LIGA 1 - ROUND 11,Barito Putera,Persis Solo,2.6,3.4,2.7,1.83,2.03,1.62,2.2,1.44,1.3,1.5,10.0,2.2,INDONESIA - LIGA 1,ROUND 11
03.09.2023,12:00,INDONESIA,LIGA 1 - ROUND 11,PSS Sleman,PSM Makassar,2.6,3.4,2.7,1.83,2.03,1.62,2.2,1.44,1.3,1.5,10.0,2.2,INDONESIA - LIGA 1,ROUND 11
03.09.2023,17:00,ISRAEL,LIGAT HA'AL - ROUND 2,Hapoel Jerusalem,Maccabi Haifa,6.0,4.33,1.44,1.67,2.15,1.8,1.91,2.63,1.2,1.13,8.0,5.25,ISRAEL - LIGAT HA'AL,ROUND 2
03.09.2023,17:30,ISRAEL,LIGAT HA'AL - ROUND 2,Hapoel Hadera,Maccabi Tel Aviv,6.5,5.5,1.33,1.65,2.2,2.0,1.73,3.25,1.14,1.11,7.0,6.0,ISRAEL - LIGAT HA'AL,ROUND 2
03.09.2023,14:15,ITALY,SERIE B - ROUND 4,Brescia,Cosenza,2.1,3.4,3.6,2.3,1.6,2.0,1.75,1.29,1.3,1.7,8.5,1.8,ITALY - SERIE B,ROUND 4
03.09.2023,16:30,ITALY,SERIE B - ROUND 4,Cremonese,Sampdoria,2.0,3.3,4.0,2.05,1.75,1.8,1.95,1.22,1.33,1.8,11.0,1.78,ITALY - SERIE B,ROUND 4
03.09.2023,16:30,ITALY,SERIE B - ROUND 4,Lecco,Catanzaro,2.4,3.25,3.1,2.15,1.67,1.91,1.91,1.36,1.33,1.53,8.0,2.2,ITALY - SERIE B,ROUND 4
03.09.2023,16:30,ITALY,SERIE B - ROUND 4,Spezia,Como,1.73,3.6,5.25,2.0,1.85,1.91,1.91,1.17,1.29,2.05,13.0,1.53,ITALY - SERIE B,ROUND 4
03.09.2023,16:30,ITALY,SERIE B - ROUND 4,Ternana,Bari,2.75,3.1,2.75,2.2,1.65,1.91,1.91,1.4,1.36,1.4,8.0,2.25,ITALY - SERIE B,ROUND 4
03.09.2023,18:45,ITALY,SERIE B - ROUND 4,Cittadella,Venezia,2.5,3.2,3.0,2.25,1.62,1.95,1.8,1.36,1.36,1.5,8.0,2.08,ITALY - SERIE B,ROUND 4
03.09.2023,14:15,ITALY,SERIE C - GROUP A - ROUND 1,Atalanta U23,Virtus Verona,2.5,3.2,3.0,2.25,1.62,1.95,1.8,1.36,1.36,1.5,8.0,2.08,ITALY - SERIE C - GROUP A,ROUND 1
03.09.2023,14:15,ITALY,SERIE C - GROUP A - ROUND 1,Legnago Salus,Arzignano,2.5,3.2,3.0,2.25,1.62,1.95,1.8,1.36,1.36,1.5,8.0,2.08,ITALY - SERIE C - GROUP A,ROUND 1
03.09.2023,14:15,ITALY,SERIE C - GROUP A - ROUND 1,Pro Patria,Giana Erminio,2.5,3.2,3.0,2.25,1.62,1.95,1.8,1.36,1.36,1.5,8.0,2.08,ITALY - SERIE C - GROUP A,ROUND 1
03.09.2023,18:45,ITALY,SERIE C - GROUP B - ROUND 1,Olbia,Cesena,2.5,3.2,3.0,2.25,1.62,1.95,1.8,1.36,1.36,1.5,8.0,2.08,ITALY - SERIE C - GROUP B,ROUND 1
03.09.2023,18:45,ITALY,SERIE C - GROUP C - ROUND 1,Monterosi,Juve Stabia,2.5,3.2,3.0,2.25,1.62,1.95,1.8,1.36,1.36,1.5,8.0,2.08,ITALY - SERIE C - GROUP C,ROUND 1
03.09.2023,18:45,ITALY,SERIE C - GROUP C - ROUND 1,Potenza,Brindisi,2.5,3.2,3.0,2.25,1.62,1.95,1.8,1.36,1.36,1.5,8.0,2.08,ITALY - SERIE C - GROUP C,ROUND 1
03.09.2023,18:45,ITALY,SERIE C - GROUP C - ROUND 1,Taranto,Foggia,2.5,3.2,3.0,2.25,1.62,1.95,1.8,1.36,1.36,1.5,8.0,2.08,ITALY - SERIE C - GROUP C,ROUND 1
03.09.2023,18:45,ITALY,SERIE C - GROUP C - ROUND 1,Turris,Benevento,2.5,3.2,3.0,2.25,1.62,1.95,1.8,1.36,1.36,1.5,8.0,2.08,ITALY - SERIE C - GROUP C,ROUND 1
03.09.2023,18:45,ITALY,SERIE C - GROUP C - ROUND 1,Virtus Francavilla,Picerno,2.5,3.2,3.0,2.25,1.62,1.95,1.8,1.36,1.36,1.5,8.0,2.08,ITALY - SERIE C - GROUP C,ROUND 1
03.09.2023,09:00,ITALY,PRIMAVERA 1 - ROUND 2,Empoli U19,AS Roma U19,2.5,3.2,3.0,2.25,1.62,1.95,1.8,1.36,1.36,1.5,8.0,2.08,ITALY - PRIMAVERA 1,ROUND 2
03.09.2023,09:00,ITALY,PRIMAVERA 1 - ROUND 2,Lecce U19,Juventus U19,2.5,3.2,3.0,2.25,1.62,1.95,1.8,1.36,1.36,1.5,8.0,2.08,ITALY - PRIMAVERA 1,ROUND 2
03.09.2023,14:00,ITALY,PRIMAVERA 1 - ROUND 2,Torino U19,Sassuolo U19,2.5,3.2,3.0,2.25,1.62,1.95,1.8,1.36,1.36,1.5,8.0,2.08,ITALY - PRIMAVERA 1,ROUND 2
03.09.2023,14:30,ITALY,PRIMAVERA 1 - ROUND 2,Fiorentina U19,Genoa U19,2.5,3.2,3.0,2.25,1.62,1.95,1.8,1.36,1.36,1.5,8.0,2.08,ITALY - PRIMAVERA 1,ROUND 2
03.09.2023,13:30,ITALY,COPPA ITALIA WOMEN - 1/32-FINALS,RES Roma W,Freedom W,2.5,3.2,3.0,2.25,1.62,1.95,1.8,1.36,1.36,1.5,8.0,2.08,ITALY - COPPA ITALIA WOMEN,1/32-FINALS
03.09.2023,15:00,ITALY,COPPA ITALIA WOMEN - 1/32-FINALS,Pavia W,Tavagnacco W,2.5,3.2,3.0,2.25,1.62,1.95,1.8,1.36,1.36,1.5,8.0,2.08,ITALY - COPPA ITALIA WOMEN,1/32-FINALS
03.09.2023,10:00,JAPAN,J1 LEAGUE - ROUND 26,FC Tokyo,Avispa Fukuoka,2.0,3.3,4.0,2.3,1.6,2.0,1.75,1.22,1.33,1.8,9.0,1.73,JAPAN - J1 LEAGUE,ROUND 26
03.09.2023,10:00,JAPAN,J1 LEAGUE - ROUND 26,Vissel Kobe,Kyoto,1.6,4.0,5.5,1.83,2.03,1.8,1.95,1.14,1.22,2.3,15.0,1.4,JAPAN - J1 LEAGUE,ROUND 26
03.09.2023,08:00,JAPAN,J2 LEAGUE - ROUND 33,V-Varen Nagasaki,Oita Trinita,2.5,3.4,2.8,1.95,1.9,1.73,2.0,1.4,1.3,1.5,9.5,2.08,JAPAN - J2 LEAGUE,ROUND 33
03.09.2023,09:00,JAPAN,J2 LEAGUE - ROUND 33,Iwaki,Okayama,2.38,3.25,3.1,2.1,1.7,1.83,1.83,1.36,1.33,1.53,9.0,2.05,JAPAN - J2 LEAGUE,ROUND 33
03.09.2023,09:00,JAPAN,J2 LEAGUE - ROUND 33,Shimizu S-Pulse,Tokushima,1.4,4.75,7.5,1.67,2.15,1.83,1.83,1.1,1.18,2.75,21.0,1.26,JAPAN - J2 LEAGUE,ROUND 33
03.09.2023,10:00,JAPAN,J2 LEAGUE - ROUND 33,Chiba,Kumamoto,1.85,3.6,4.33,1.93,1.93,1.73,2.0,1.2,1.29,1.91,12.0,1.63,JAPAN - J2 LEAGUE,ROUND 33
03.09.2023,10:00,JAPAN,J2 LEAGUE - ROUND 33,Kusatsu,Machida,5.75,3.5,1.7,2.1,1.7,2.0,1.73,2.1,1.29,1.14,6.0,4.5,JAPAN - J2 LEAGUE,ROUND 33
03.09.2023,10:00,JAPAN,J2 LEAGUE - ROUND 33,Montedio Yamagata,Omiya Ardija,2.05,3.6,3.4,1.67,2.15,1.62,2.2,1.3,1.29,1.73,12.0,1.8,JAPAN - J2 LEAGUE,ROUND 33
03.09.2023,10:00,JAPAN,J2 LEAGUE - ROUND 33,Renofa Yamaguchi,Mito,2.9,3.3,2.5,2.0,1.85,1.73,2.0,1.5,1.33,1.4,8.5,2.38,JAPAN - J2 LEAGUE,ROUND 33
03.09.2023,10:00,JAPAN,J2 LEAGUE - ROUND 33,Tochigi SC,Fujieda MYFC,2.1,3.5,3.6,2.03,1.83,1.8,1.91,1.29,1.29,1.7,10.0,1.8,JAPAN - J2 LEAGUE,ROUND 33
03.09.2023,10:00,JAPAN,J2 LEAGUE - ROUND 33,Vegalta Sendai,Kofu,2.4,3.4,2.9,1.75,2.05,1.62,2.2,1.4,1.3,1.53,12.0,1.98,JAPAN - J2 LEAGUE,ROUND 33
03.09.2023,12:00,KENYA,PREMIER LEAGUE - ROUND 2,Bidco United,Nairobi City,2.4,3.4,2.9,1.75,2.05,1.62,2.2,1.4,1.3,1.53,12.0,1.98,KENYA - PREMIER LEAGUE,ROUND 2
03.09.2023,14:00,KOSOVO,SUPERLIGA - ROUND 4,Drita,Dukagjini,2.4,3.4,2.9,1.75,2.05,1.62,2.2,1.4,1.3,1.53,12.0,1.98,KOSOVO - SUPERLIGA,ROUND 4
03.09.2023,14:00,KOSOVO,SUPERLIGA - ROUND 4,FC Ballkani,Gjilani,2.4,3.4,2.9,1.75,2.05,1.62,2.2,1.4,1.3,1.53,12.0,1.98,KOSOVO - SUPERLIGA,ROUND 4
03.09.2023,14:00,KOSOVO,SUPERLIGA - ROUND 4,KF Llapi,Prishtina,2.4,3.4,2.9,1.75,2.05,1.62,2.2,1.4,1.3,1.53,12.0,1.98,KOSOVO - SUPERLIGA,ROUND 4
03.09.2023,14:55,LITHUANIA,A LYGA - ROUND 29,Siauliai FA,Kauno Zalgiris,2.4,3.4,2.9,1.75,2.05,1.62,2.2,1.4,1.3,1.53,12.0,1.98,LITHUANIA - A LYGA,ROUND 29
03.09.2023,15:00,LITHUANIA,A LYGA - ROUND 29,Zalgiris,Banga,2.4,3.4,2.9,1.75,2.05,1.62,2.2,1.4,1.3,1.53,12.0,1.98,LITHUANIA - A LYGA,ROUND 29
03.09.2023,14:00,LUXEMBOURG,BGL LIGUE - ROUND 5,Differdange,Mondorf,2.4,3.4,2.9,1.75,2.05,1.62,2.2,1.4,1.3,1.53,12.0,1.98,LUXEMBOURG - BGL LIGUE,ROUND 5
03.09.2023,14:00,LUXEMBOURG,BGL LIGUE - ROUND 5,Dudelange,Kaerjeng,2.4,3.4,2.9,1.75,2.05,1.62,2.2,1.4,1.3,1.53,12.0,1.98,LUXEMBOURG - BGL LIGUE,ROUND 5
03.09.2023,14:00,LUXEMBOURG,BGL LIGUE - ROUND 5,Jeunesse Esch,Mondercange,2.4,3.4,2.9,1.75,2.05,1.62,2.2,1.4,1.3,1.53,12.0,1.98,LUXEMBOURG - BGL LIGUE,ROUND 5
03.09.2023,14:00,LUXEMBOURG,BGL LIGUE - ROUND 5,Marisca Mersch,Racing Luxembourg,2.4,3.4,2.9,1.75,2.05,1.62,2.2,1.4,1.3,1.53,12.0,1.98,LUXEMBOURG - BGL LIGUE,ROUND 5
03.09.2023,14:00,LUXEMBOURG,BGL LIGUE - ROUND 5,Schifflange,Fola,2.4,3.4,2.9,1.75,2.05,1.62,2.2,1.4,1.3,1.53,12.0,1.98,LUXEMBOURG - BGL LIGUE,ROUND 5
03.09.2023,14:00,LUXEMBOURG,BGL LIGUE - ROUND 5,Union Titus Petange,Niedercorn,2.4,3.4,2.9,1.75,2.05,1.62,2.2,1.4,1.3,1.53,12.0,1.98,LUXEMBOURG - BGL LIGUE,ROUND 5
03.09.2023,14:00,LUXEMBOURG,BGL LIGUE - ROUND 5,Victoria Rosport,UNA Strassen,2.4,3.4,2.9,1.75,2.05,1.62,2.2,1.4,1.3,1.53,12.0,1.98,LUXEMBOURG - BGL LIGUE,ROUND 5
03.09.2023,16:30,LUXEMBOURG,BGL LIGUE - ROUND 5,Hesperange,Wiltz,2.4,3.4,2.9,1.75,2.05,1.62,2.2,1.4,1.3,1.53,12.0,1.98,LUXEMBOURG - BGL LIGUE,ROUND 5
03.09.2023,12:30,MALAWI,SUPER LEAGUE,Karonga United,Blue Eagles,2.4,3.4,2.9,1.75,2.05,1.62,2.2,1.4,1.3,1.53,12.0,1.98,MALAWI,SUPER LEAGUE
03.09.2023,12:30,MALAWI,SUPER LEAGUE,Mighty Tigers,Chitipa United,2.4,3.4,2.9,1.75,2.05,1.62,2.2,1.4,1.3,1.53,12.0,1.98,MALAWI,SUPER LEAGUE
03.09.2023,12:30,MALAWI,SUPER LEAGUE,Moyale Barracks,Kamuzu Barracks,2.4,3.4,2.9,1.75,2.05,1.62,2.2,1.4,1.3,1.53,12.0,1.98,MALAWI,SUPER LEAGUE
03.09.2023,01:00,MEXICO,LIGA MX - APERTURA - ROUND 7,Santos Laguna,U.N.A.M.- Pumas,2.05,4.0,3.3,1.57,2.35,1.53,2.38,1.33,1.22,1.73,13.0,1.78,MEXICO - LIGA MX - APERTURA,ROUND 7
03.09.2023,01:05,MEXICO,LIGA MX - APERTURA - ROUND 7,U.A.N.L.- Tigres,Queretaro,1.5,4.0,7.5,1.85,2.0,1.95,1.8,1.1,1.22,2.5,17.0,1.33,MEXICO - LIGA MX - APERTURA,ROUND 7
03.09.2023,03:10,MEXICO,LIGA MX - APERTURA - ROUND 7,Cruz Azul,Club America,3.5,3.6,2.05,1.67,2.15,1.57,2.25,1.73,1.29,1.29,9.5,3.0,MEXICO - LIGA MX - APERTURA,ROUND 7
03.09.2023,18:00,MEXICO,LIGA MX - APERTURA - ROUND 7,Toluca,Pachuca,1.83,3.75,4.2,1.62,2.25,1.53,2.38,1.22,1.25,1.91,15.0,1.65,MEXICO - LIGA MX - APERTURA,ROUND 7
03.09.2023,23:05,MEXICO,LIGA MX - APERTURA - ROUND 7,Guadalajara Chivas,Monterrey,2.6,3.3,2.75,2.08,1.73,1.8,1.95,1.4,1.33,1.5,8.5,2.15,MEXICO - LIGA MX - APERTURA,ROUND 7
03.09.2023,18:00,MEXICO,LIGA MX WOMEN - APERTURA - ROUND 9,Guadalajara Chivas W,Juarez W,2.6,3.3,2.75,2.08,1.73,1.8,1.95,1.4,1.33,1.5,8.5,2.15,MEXICO - LIGA MX WOMEN - APERTURA,ROUND 9
03.09.2023,22:06,MEXICO,LIGA MX WOMEN - APERTURA - ROUND 9,Puebla W,Atl. San Luis W,2.6,3.3,2.75,2.08,1.73,1.8,1.95,1.4,1.33,1.5,8.5,2.15,MEXICO - LIGA MX WOMEN - APERTURA,ROUND 9
03.09.2023,15:00,MONTENEGRO,PRVA CRNOGORSKA LIGA - ROUND 7,Arsenal Tivat,Petrovac,2.6,3.3,2.75,2.08,1.73,1.8,1.95,1.4,1.33,1.5,8.5,2.15,MONTENEGRO - PRVA CRNOGORSKA LIGA,ROUND 7
03.09.2023,15:00,MONTENEGRO,PRVA CRNOGORSKA LIGA - ROUND 7,Rudar,Mornar Bar,2.6,3.3,2.75,2.08,1.73,1.8,1.95,1.4,1.33,1.5,8.5,2.15,MONTENEGRO - PRVA CRNOGORSKA LIGA,ROUND 7
03.09.2023,17:00,MONTENEGRO,PRVA CRNOGORSKA LIGA - ROUND 7,Jedinstvo,Buducnost,2.6,3.3,2.75,2.08,1.73,1.8,1.95,1.4,1.33,1.5,8.5,2.15,MONTENEGRO - PRVA CRNOGORSKA LIGA,ROUND 7
03.09.2023,17:30,MONTENEGRO,PRVA CRNOGORSKA LIGA - ROUND 7,Jezero,Decic,2.6,3.3,2.75,2.08,1.73,1.8,1.95,1.4,1.33,1.5,8.5,2.15,MONTENEGRO - PRVA CRNOGORSKA LIGA,ROUND 7
03.09.2023,18:00,MONTENEGRO,PRVA CRNOGORSKA LIGA - ROUND 7,Sutjeska,Mladost DG,2.6,3.3,2.75,2.08,1.73,1.8,1.95,1.4,1.33,1.5,8.5,2.15,MONTENEGRO - PRVA CRNOGORSKA LIGA,ROUND 7
03.09.2023,16:00,MOROCCO,BOTOLA PRO - ROUND 2,Raja Casablanca,FAR Rabat,2.6,3.3,2.75,2.08,1.73,1.8,1.95,1.4,1.33,1.5,8.5,2.15,MOROCCO - BOTOLA PRO,ROUND 2
03.09.2023,18:15,MOROCCO,BOTOLA PRO - ROUND 2,Berkane,IR Tanger,2.6,3.3,2.75,2.08,1.73,1.8,1.95,1.4,1.33,1.5,8.5,2.15,MOROCCO - BOTOLA PRO,ROUND 2
03.09.2023,18:15,MOROCCO,BOTOLA PRO - ROUND 2,FUS Rabat,Maghreb Fez,2.6,3.3,2.75,2.08,1.73,1.8,1.95,1.4,1.33,1.5,8.5,2.15,MOROCCO - BOTOLA PRO,ROUND 2
03.09.2023,20:30,MOROCCO,BOTOLA PRO - ROUND 2,Chabab Mohammedia,Wydad,2.6,3.3,2.75,2.08,1.73,1.8,1.95,1.4,1.33,1.5,8.5,2.15,MOROCCO - BOTOLA PRO,ROUND 2
03.09.2023,12:30,NETHERLANDS,EERSTE DIVISIE - ROUND 4,Willem II,Breda,1.85,4.0,4.0,1.73,2.08,1.67,2.1,1.22,1.22,1.91,13.0,1.63,NETHERLANDS - EERSTE DIVISIE,ROUND 4
03.09.2023,14:45,NETHERLANDS,EERSTE DIVISIE - ROUND 4,Den Haag,Jong AZ,1.83,3.8,4.0,1.67,2.15,1.62,2.2,1.22,1.25,1.91,15.0,1.6,NETHERLANDS - EERSTE DIVISIE,ROUND 4
03.09.2023,12:30,NETHERLANDS,TWEEDE DIVISIE - ROUND 3,De Treffers,ADO 20 Heemskerk,1.83,3.8,4.0,1.67,2.15,1.62,2.2,1.22,1.25,1.91,15.0,1.6,NETHERLANDS - TWEEDE DIVISIE,ROUND 3
03.09.2023,01:00,NICARAGUA,LIGA PRIMERA - APERTURA - ROUND 7,Esteli,Managua FC,1.83,3.8,4.0,1.67,2.15,1.62,2.2,1.22,1.25,1.91,15.0,1.6,NICARAGUA - LIGA PRIMERA - APERTURA,ROUND 7
03.09.2023,02:00,NICARAGUA,LIGA PRIMERA - APERTURA - ROUND 7,UNAN-Managua,Diriangen,1.83,3.8,4.0,1.67,2.15,1.62,2.2,1.22,1.25,1.91,15.0,1.6,NICARAGUA - LIGA PRIMERA - APERTURA,ROUND 7
03.09.2023,15:00,NORWAY,ELITESERIEN - ROUND 21,Aalesund,Lillestrom,3.8,4.2,1.8,1.57,2.35,1.57,2.25,1.95,1.22,1.25,9.5,3.45,NORWAY - ELITESERIEN,ROUND 21
03.09.2023,15:00,NORWAY,ELITESERIEN - ROUND 21,Brann,Sarpsborg 08,1.83,4.5,3.5,1.36,3.1,1.4,2.75,1.29,1.18,1.91,19.0,1.63,NORWAY - ELITESERIEN,ROUND 21
03.09.2023,15:00,NORWAY,ELITESERIEN - ROUND 21,Haugesund,Molde,5.25,4.2,1.62,1.6,2.3,1.62,2.2,2.25,1.22,1.17,9.0,4.15,NORWAY - ELITESERIEN,ROUND 21
03.09.2023,15:00,NORWAY,ELITESERIEN - ROUND 21,Odd,Sandefjord,1.73,4.0,4.5,1.67,2.15,1.67,2.1,1.18,1.22,2.05,15.0,1.53,NORWAY - ELITESERIEN,ROUND 21
03.09.2023,15:00,NORWAY,ELITESERIEN - ROUND 21,Stromsgodset,Stabaek,2.3,3.6,3.0,1.88,1.98,1.7,2.05,1.36,1.29,1.57,10.0,2.01,NORWAY - ELITESERIEN,ROUND 21
03.09.2023,15:00,NORWAY,ELITESERIEN - ROUND 21,Tromso,Rosenborg,2.15,3.5,3.4,1.88,1.98,1.7,2.05,1.3,1.29,1.67,11.0,1.88,NORWAY - ELITESERIEN,ROUND 21
03.09.2023,17:15,NORWAY,ELITESERIEN - ROUND 21,Ham-Kam,Bodo/Glimt,6.0,4.5,1.5,1.44,2.7,1.53,2.38,2.5,1.18,1.13,12.0,5.25,NORWAY - ELITESERIEN,ROUND 21
03.09.2023,13:00,NORWAY,OBOS-LIGAEN - ROUND 22,Bryne,Sandnes,2.05,3.75,3.4,1.65,2.2,1.57,2.25,1.3,1.25,1.73,13.0,1.75,NORWAY - OBOS-LIGAEN,ROUND 22
03.09.2023,13:00,NORWAY,OBOS-LIGAEN - ROUND 22,KFUM Oslo,Jerv,1.55,4.5,5.25,1.48,2.6,1.57,2.25,1.17,1.18,2.38,21.0,1.35,NORWAY - OBOS-LIGAEN,ROUND 22
03.09.2023,13:00,NORWAY,OBOS-LIGAEN - ROUND 22,Raufoss,Moss,1.91,3.6,4.0,1.7,2.1,1.62,2.2,1.22,1.29,1.83,15.0,1.63,NORWAY - OBOS-LIGAEN,ROUND 22
03.09.2023,13:00,NORWAY,OBOS-LIGAEN - ROUND 22,Start,Fredrikstad,2.8,3.6,2.38,1.8,2.0,1.67,2.1,1.53,1.29,1.4,9.0,2.38,NORWAY - OBOS-LIGAEN,ROUND 22
03.09.2023,01:30,PANAMA,LPF - CLAUSURA - ROUND 7,Deportivo Universitario,Arabe Unido,2.8,3.6,2.38,1.8,2.0,1.67,2.1,1.53,1.29,1.4,9.0,2.38,PANAMA - LPF - CLAUSURA,ROUND 7
03.09.2023,21:00,PANAMA,LPF - CLAUSURA - ROUND 7,Plaza Amador,Chiriqui,2.8,3.6,2.38,1.8,2.0,1.67,2.1,1.53,1.29,1.4,9.0,2.38,PANAMA - LPF - CLAUSURA,ROUND 7
03.09.2023,23:15,PANAMA,LPF - CLAUSURA - ROUND 7,UMECIT,Miguelito,2.8,3.6,2.38,1.8,2.0,1.67,2.1,1.53,1.29,1.4,9.0,2.38,PANAMA - LPF - CLAUSURA,ROUND 7
03.09.2023,20:30,PARAGUAY,PRIMERA DIVISION - CLAUSURA - ROUND 9,Guarani,Resistencia,2.8,3.6,2.38,1.8,2.0,1.67,2.1,1.53,1.29,1.4,9.0,2.38,PARAGUAY - PRIMERA DIVISION - CLAUSURA,ROUND 9
03.09.2023,23:00,PARAGUAY,PRIMERA DIVISION - CLAUSURA - ROUND 9,Nacional Asuncion,Sportivo Trinidense,2.8,3.6,2.38,1.8,2.0,1.67,2.1,1.53,1.29,1.4,9.0,2.38,PARAGUAY - PRIMERA DIVISION - CLAUSURA,ROUND 9
03.09.2023,18:00,PERU,LIGA 1 - CLAUSURA - ROUND 12,Sport Huancayo,Binacional,2.8,3.6,2.38,1.8,2.0,1.67,2.1,1.53,1.29,1.4,9.0,2.38,PERU - LIGA 1 - CLAUSURA,ROUND 12
03.09.2023,20:15,PERU,LIGA 1 - CLAUSURA - ROUND 12,Cajamarca,Deportivo Garcilaso,2.8,3.6,2.38,1.8,2.0,1.67,2.1,1.53,1.29,1.4,9.0,2.38,PERU - LIGA 1 - CLAUSURA,ROUND 12
03.09.2023,08:00,PHILIPPINES,COPA PAULINO ALCANTARA,Pilipinas Dragons,Cebu FC,2.8,3.6,2.38,1.8,2.0,1.67,2.1,1.53,1.29,1.4,9.0,2.38,PHILIPPINES,COPA PAULINO ALCANTARA
03.09.2023,10:30,PHILIPPINES,COPA PAULINO ALCANTARA,Kaya,CF Manila,2.8,3.6,2.38,1.8,2.0,1.67,2.1,1.53,1.29,1.4,9.0,2.38,PHILIPPINES,COPA PAULINO ALCANTARA
03.09.2023,10:30,POLAND,EKSTRAKLASA - ROUND 7,Slask Wroclaw,Jagiellonia,2.3,3.5,2.9,1.98,1.88,1.75,2.0,1.4,1.29,1.57,9.5,2.0,POLAND - EKSTRAKLASA,ROUND 7
03.09.2023,13:00,POLAND,EKSTRAKLASA - ROUND 7,Zaglebie,Pogon Szczecin,2.55,3.5,2.55,1.7,2.1,1.62,2.2,1.5,1.29,1.5,10.0,2.25,POLAND - EKSTRAKLASA,ROUND 7
03.09.2023,15:30,POLAND,EKSTRAKLASA - ROUND 7,Legia,Widzew Lodz,1.53,4.2,5.75,1.67,2.15,1.8,1.95,1.14,1.22,2.38,17.0,1.38,POLAND - EKSTRAKLASA,ROUND 7
03.09.2023,18:00,POLAND,EKSTRAKLASA - ROUND 7,Rakow,Puszcza,1.3,5.0,11.0,1.7,2.1,2.1,1.67,1.05,1.17,3.4,21.0,1.19,POLAND - EKSTRAKLASA,ROUND 7
03.09.2023,10:40,POLAND,DIVISION 1 - ROUND 7,Zaglebie Sosnowiec,Lechia Gdansk,2.55,3.25,2.6,2.0,1.85,1.73,2.0,1.5,1.33,1.5,9.0,2.2,POLAND - DIVISION 1,ROUND 7
03.09.2023,13:00,POLAND,DIVISION 1 - ROUND 7,Podbeskidzie,GKS Katowice,2.3,3.3,2.8,1.88,1.98,1.73,2.0,1.4,1.33,1.57,10.0,2.05,POLAND - DIVISION 1,ROUND 7
03.09.2023,16:00,POLAND,DIVISION 1 - ROUND 7,Chrobry Glogow,Tychy,3.4,3.4,2.0,1.8,2.05,1.67,2.1,1.8,1.3,1.3,8.5,3.1,POLAND - DIVISION 1,ROUND 7
03.09.2023,16:00,POLAND,DIVISION 1 - ROUND 7,Motor Lublin,S. Rzeszow,2.15,3.4,3.1,1.85,2.0,1.73,2.0,1.36,1.3,1.67,11.0,1.95,POLAND - DIVISION 1,ROUND 7
03.09.2023,09:00,POLAND,CENTRAL YOUTH LEAGUE - ROUND 4,Arka Gdynia U19,Odra Opole U19,2.15,3.4,3.1,1.85,2.0,1.73,2.0,1.36,1.3,1.67,11.0,1.95,POLAND - CENTRAL YOUTH LEAGUE,ROUND 4
03.09.2023,10:00,POLAND,CENTRAL YOUTH LEAGUE - ROUND 4,Jagiellonia U19,Sandecja U19,2.15,3.4,3.1,1.85,2.0,1.73,2.0,1.36,1.3,1.67,11.0,1.95,POLAND - CENTRAL YOUTH LEAGUE,ROUND 4
03.09.2023,10:00,POLAND,CENTRAL YOUTH LEAGUE - ROUND 4,Zaglebie U19,Rakow Czestochowa U19,2.15,3.4,3.1,1.85,2.0,1.73,2.0,1.36,1.3,1.67,11.0,1.95,POLAND - CENTRAL YOUTH LEAGUE,ROUND 4
03.09.2023,14:30,PORTUGAL,LIGA PORTUGAL - ROUND 4,Chaves,Moreirense,2.4,3.25,2.88,2.1,1.7,1.95,1.8,1.4,1.33,1.53,8.0,2.08,PORTUGAL - LIGA PORTUGAL,ROUND 4
03.09.2023,14:30,PORTUGAL,LIGA PORTUGAL - ROUND 4,Estoril,Boavista,2.4,3.25,2.9,2.05,1.75,1.8,1.95,1.4,1.33,1.53,9.0,2.1,PORTUGAL - LIGA PORTUGAL,ROUND 4
03.09.2023,17:00,PORTUGAL,LIGA PORTUGAL - ROUND 4,FC Porto,Arouca,1.25,6.0,10.0,1.57,2.35,2.0,1.75,1.06,1.13,3.75,21.0,1.18,PORTUGAL - LIGA PORTUGAL,ROUND 4
03.09.2023,19:30,PORTUGAL,LIGA PORTUGAL - ROUND 4,Braga,Sporting CP,2.9,3.8,2.2,1.75,2.05,1.62,2.2,1.67,1.25,1.4,9.5,2.43,PORTUGAL - LIGA PORTUGAL,ROUND 4
03.09.2023,10:00,PORTUGAL,LIGA PORTUGAL 2 - ROUND 4,Torreense,Oliveirense,1.91,3.3,3.8,1.98,1.88,1.8,1.91,1.25,1.33,1.83,11.0,1.68,PORTUGAL - LIGA PORTUGAL 2,ROUND 4
03.09.2023,13:00,PORTUGAL,LIGA PORTUGAL 2 - ROUND 4,Leixoes,Benfica B,2.3,3.4,2.7,1.88,1.98,1.73,2.0,1.4,1.29,1.53,9.5,2.05,PORTUGAL - LIGA PORTUGAL 2,ROUND 4
03.09.2023,14:30,PORTUGAL,LIGA PORTUGAL 2 - ROUND 4,Vilaverdense,Nacional,2.05,3.3,3.3,2.03,1.83,1.8,1.91,1.33,1.33,1.73,10.0,1.83,PORTUGAL - LIGA PORTUGAL 2,ROUND 4
03.09.2023,14:00,PORTUGAL,LIGA 3 - ROUND 5,Sanjoanense,Felgueiras,2.05,3.3,3.3,2.03,1.83,1.8,1.91,1.33,1.33,1.73,10.0,1.83,PORTUGAL - LIGA 3,ROUND 5
03.09.2023,16:00,PORTUGAL,LIGA 3 - ROUND 5,AD Fafe,Lusitania FC,2.05,3.3,3.3,2.03,1.83,1.8,1.91,1.33,1.33,1.73,10.0,1.83,PORTUGAL - LIGA 3,ROUND 5
03.09.2023,16:00,PORTUGAL,LIGA 3 - ROUND 5,Atletico CP,1 Dezembro,2.05,3.3,3.3,2.03,1.83,1.8,1.91,1.33,1.33,1.73,10.0,1.83,PORTUGAL - LIGA 3,ROUND 5
03.09.2023,16:00,PORTUGAL,LIGA 3 - ROUND 5,Caldas,Oliveira Hospital,2.05,3.3,3.3,2.03,1.83,1.8,1.91,1.33,1.33,1.73,10.0,1.83,PORTUGAL - LIGA 3,ROUND 5
03.09.2023,16:00,PORTUGAL,LIGA 3 - ROUND 5,Canelas 2010,SC Vianense,2.05,3.3,3.3,2.03,1.83,1.8,1.91,1.33,1.33,1.73,10.0,1.83,PORTUGAL - LIGA 3,ROUND 5
03.09.2023,16:00,PORTUGAL,LIGA 3 - ROUND 5,Covilha,Alverca,2.05,3.3,3.3,2.03,1.83,1.8,1.91,1.33,1.33,1.73,10.0,1.83,PORTUGAL - LIGA 3,ROUND 5
03.09.2023,16:00,PORTUGAL,LIGA 3 - ROUND 5,Pero Pinheiro,Amora,2.05,3.3,3.3,2.03,1.83,1.8,1.91,1.33,1.33,1.73,10.0,1.83,PORTUGAL - LIGA 3,ROUND 5
03.09.2023,16:00,PORTUGAL,LIGA 3 - ROUND 5,Sporting CP B,Academica,2.05,3.3,3.3,2.03,1.83,1.8,1.91,1.33,1.33,1.73,10.0,1.83,PORTUGAL - LIGA 3,ROUND 5
03.09.2023,19:00,PORTUGAL,LIGA 3 - ROUND 5,Trofense,Varzim,2.05,3.3,3.3,2.03,1.83,1.8,1.91,1.33,1.33,1.73,10.0,1.83,PORTUGAL - LIGA 3,ROUND 5
03.09.2023,14:00,PORTUGAL,SUPER CUP WOMEN - SEMI-FINALS,Famalicao W,Sporting W,2.05,3.3,3.3,2.03,1.83,1.8,1.91,1.33,1.33,1.73,10.0,1.83,PORTUGAL - SUPER CUP WOMEN,SEMI-FINALS
03.09.2023,10:30,ROMANIA,LIGA 1 - ROUND 8,U. Cluj,Poli Iasi,1.85,3.4,4.0,2.15,1.67,2.0,1.73,1.22,1.3,1.91,10.0,1.6,ROMANIA - LIGA 1,ROUND 8
03.09.2023,18:30,ROMANIA,LIGA 1 - ROUND 8,U Craiova 1948,Farul Constanta,2.7,3.4,2.3,1.88,1.98,1.73,2.0,1.53,1.29,1.4,9.0,2.38,ROMANIA - LIGA 1,ROUND 8
03.09.2023,08:00,ROMANIA,LIGA 2 - ROUND 5,Chindia Targoviste,Unirea Slobozia,2.7,3.4,2.3,1.88,1.98,1.73,2.0,1.53,1.29,1.4,9.0,2.38,ROMANIA - LIGA 2,ROUND 5
03.09.2023,08:00,ROMANIA,LIGA 2 - ROUND 5,Metaloglobus Bucharest,FC Arges,2.7,3.4,2.3,1.88,1.98,1.73,2.0,1.53,1.29,1.4,9.0,2.38,ROMANIA - LIGA 2,ROUND 5
03.09.2023,08:00,ROMANIA,LIGA 2 - ROUND 5,Mioveni,CSC Dumbravita,2.7,3.4,2.3,1.88,1.98,1.73,2.0,1.53,1.29,1.4,9.0,2.38,ROMANIA - LIGA 2,ROUND 5
03.09.2023,08:00,ROMANIA,LIGA 2 - ROUND 5,Tunari,Ceahlaul,2.7,3.4,2.3,1.88,1.98,1.73,2.0,1.53,1.29,1.4,9.0,2.38,ROMANIA - LIGA 2,ROUND 5
03.09.2023,08:00,ROMANIA,LIGA 1 WOMEN - ROUND 2,CSM Alexandria W,Gloria 2018 Bistrita W,2.7,3.4,2.3,1.88,1.98,1.73,2.0,1.53,1.29,1.4,9.0,2.38,ROMANIA - LIGA 1 WOMEN,ROUND 2
03.09.2023,10:00,RUSSIA,PREMIER LEAGUE - ROUND 7,Orenburg,Sochi,2.7,3.4,2.3,1.88,1.98,1.73,2.0,1.53,1.29,1.4,9.0,2.38,RUSSIA - PREMIER LEAGUE,ROUND 7
03.09.2023,12:15,RUSSIA,PREMIER LEAGUE - ROUND 7,Lokomotiv Moscow,Baltika,2.7,3.4,2.3,1.88,1.98,1.73,2.0,1.53,1.29,1.4,9.0,2.38,RUSSIA - PREMIER LEAGUE,ROUND 7
03.09.2023,14:30,RUSSIA,PREMIER LEAGUE - ROUND 7,CSKA Moscow,Zenit,2.7,3.4,2.3,1.88,1.98,1.73,2.0,1.53,1.29,1.4,9.0,2.38,RUSSIA - PREMIER LEAGUE,ROUND 7
03.09.2023,17:00,RUSSIA,PREMIER LEAGUE - ROUND 7,FK Rostov,Dynamo Moscow,2.7,3.4,2.3,1.88,1.98,1.73,2.0,1.53,1.29,1.4,9.0,2.38,RUSSIA - PREMIER LEAGUE,ROUND 7
03.09.2023,07:00,RUSSIA,FNL - ROUND 8,SKA Khabarovsk,Dynamo Makhachkala,2.7,3.4,2.3,1.88,1.98,1.73,2.0,1.53,1.29,1.4,9.0,2.38,RUSSIA - FNL,ROUND 8
03.09.2023,11:00,RUSSIA,FNL - ROUND 8,Shinnik Yaroslavl,Neftekhimik,2.7,3.4,2.3,1.88,1.98,1.73,2.0,1.53,1.29,1.4,9.0,2.38,RUSSIA - FNL,ROUND 8
03.09.2023,12:00,RUSSIA,FNL - ROUND 8,Akron Togliatti,Chernomorets Novorossijsk,2.7,3.4,2.3,1.88,1.98,1.73,2.0,1.53,1.29,1.4,9.0,2.38,RUSSIA - FNL,ROUND 8
03.09.2023,14:00,RUSSIA,FNL - ROUND 8,Kamaz,Leningradets,2.7,3.4,2.3,1.88,1.98,1.73,2.0,1.53,1.29,1.4,9.0,2.38,RUSSIA - FNL,ROUND 8
03.09.2023,13:00,RWANDA,PREMIER LEAGUE - ROUND 3,Police,Mukura Victory Sports,2.7,3.4,2.3,1.88,1.98,1.73,2.0,1.53,1.29,1.4,9.0,2.38,RWANDA - PREMIER LEAGUE,ROUND 3
03.09.2023,13:00,RWANDA,PREMIER LEAGUE - ROUND 3,Rwamagana City,Gorilla,2.7,3.4,2.3,1.88,1.98,1.73,2.0,1.53,1.29,1.4,9.0,2.38,RWANDA - PREMIER LEAGUE,ROUND 3
03.09.2023,16:05,SAUDI ARABIA,DIVISION 1 - ROUND 4,Al Arabi,Al-Qaisumah,2.7,3.4,2.3,1.88,1.98,1.73,2.0,1.53,1.29,1.4,9.0,2.38,SAUDI ARABIA - DIVISION 1,ROUND 4
03.09.2023,16:05,SAUDI ARABIA,DIVISION 1 - ROUND 4,Al Jabalain,Hajer,2.7,3.4,2.3,1.88,1.98,1.73,2.0,1.53,1.29,1.4,9.0,2.38,SAUDI ARABIA - DIVISION 1,ROUND 4
03.09.2023,17:30,SAUDI ARABIA,DIVISION 1 - ROUND 4,Al Batin,Al Kholood,2.7,3.4,2.3,1.88,1.98,1.73,2.0,1.53,1.29,1.4,9.0,2.38,SAUDI ARABIA - DIVISION 1,ROUND 4
03.09.2023,11:00,SCOTLAND,PREMIERSHIP - ROUND 4,Rangers,Celtic,2.3,3.75,2.8,1.57,2.38,1.53,2.38,1.4,1.25,1.57,13.0,2.1,SCOTLAND - PREMIERSHIP,ROUND 4
03.09.2023,14:00,SCOTLAND,PREMIERSHIP - ROUND 4,Aberdeen,Hibernian,2.3,3.4,3.1,1.98,1.88,1.75,2.0,1.36,1.3,1.57,10.0,1.98,SCOTLAND - PREMIERSHIP,ROUND 4
03.09.2023,14:00,SCOTLAND,PREMIERSHIP - ROUND 4,Hearts,Motherwell,2.0,3.5,3.75,1.9,1.95,1.7,2.05,1.25,1.29,1.8,12.0,1.73,SCOTLAND - PREMIERSHIP,ROUND 4
03.09.2023,12:00,SCOTLAND,SWPL 1 WOMEN - ROUND 5,Spartans W,Aberdeen W,2.0,3.5,3.75,1.9,1.95,1.7,2.05,1.25,1.29,1.8,12.0,1.73,SCOTLAND - SWPL 1 WOMEN,ROUND 5
03.09.2023,15:00,SCOTLAND,SWPL 1 WOMEN - ROUND 5,Hamilton W,Dundee Utd W,2.0,3.5,3.75,1.9,1.95,1.7,2.05,1.25,1.29,1.8,12.0,1.73,SCOTLAND - SWPL 1 WOMEN,ROUND 5
03.09.2023,15:00,SCOTLAND,SWPL 1 WOMEN - ROUND 5,Motherwell W,Montrose W,2.0,3.5,3.75,1.9,1.95,1.7,2.05,1.25,1.29,1.8,12.0,1.73,SCOTLAND - SWPL 1 WOMEN,ROUND 5
03.09.2023,15:00,SCOTLAND,SWPL 1 WOMEN - ROUND 5,Rangers W,Partick Thistle W,2.0,3.5,3.75,1.9,1.95,1.7,2.05,1.25,1.29,1.8,12.0,1.73,SCOTLAND - SWPL 1 WOMEN,ROUND 5
03.09.2023,15:10,SCOTLAND,SWPL 1 WOMEN - ROUND 5,Hibernian W,Celtic W,2.0,3.5,3.75,1.9,1.95,1.7,2.05,1.25,1.29,1.8,12.0,1.73,SCOTLAND - SWPL 1 WOMEN,ROUND 5
03.09.2023,12:00,SCOTLAND,SWPL CUP WOMEN,St Johnstone W,Livingston W,2.0,3.5,3.75,1.9,1.95,1.7,2.05,1.25,1.29,1.8,12.0,1.73,SCOTLAND,SWPL CUP WOMEN
03.09.2023,13:00,SCOTLAND,SWPL CUP WOMEN,Gartcairn W,Kilmarnock W,2.0,3.5,3.75,1.9,1.95,1.7,2.05,1.25,1.29,1.8,12.0,1.73,SCOTLAND,SWPL CUP WOMEN
03.09.2023,13:00,SCOTLAND,SWPL CUP WOMEN,Stirling University W,Boroughmuir W,2.0,3.5,3.75,1.9,1.95,1.7,2.05,1.25,1.29,1.8,12.0,1.73,SCOTLAND,SWPL CUP WOMEN
03.09.2023,14:00,SCOTLAND,SWPL CUP WOMEN,Queen's Park W,Glasgow W,2.0,3.5,3.75,1.9,1.95,1.7,2.05,1.25,1.29,1.8,12.0,1.73,SCOTLAND,SWPL CUP WOMEN
03.09.2023,17:30,SERBIA,SUPER LIGA - ROUND 6,Mladost,Sp. Subotica,2.0,3.5,3.75,1.9,1.95,1.7,2.05,1.25,1.29,1.8,12.0,1.73,SERBIA - SUPER LIGA,ROUND 6
03.09.2023,18:00,SERBIA,SUPER LIGA - ROUND 6,IMT Novi Beograd,Partizan,2.0,3.5,3.75,1.9,1.95,1.7,2.05,1.25,1.29,1.8,12.0,1.73,SERBIA - SUPER LIGA,ROUND 6
03.09.2023,15:00,SERBIA,PRVA LIGA - ROUND 5,Radnicki Beograd,Tekstilac Odzaci,2.0,3.5,3.75,1.9,1.95,1.7,2.05,1.25,1.29,1.8,12.0,1.73,SERBIA - PRVA LIGA,ROUND 5
03.09.2023,15:00,SERBIA,PRVA LIGA - ROUND 5,RFK Novi Sad,Graficar Beograd,2.0,3.5,3.75,1.9,1.95,1.7,2.05,1.25,1.29,1.8,12.0,1.73,SERBIA - PRVA LIGA,ROUND 5
03.09.2023,17:00,SERBIA,PRVA LIGA - ROUND 5,Dubocica,OFK Beograd,2.0,3.5,3.75,1.9,1.95,1.7,2.05,1.25,1.29,1.8,12.0,1.73,SERBIA - PRVA LIGA,ROUND 5
03.09.2023,17:00,SERBIA,PRVA LIGA - ROUND 5,Metalac,Radnicki S. Mitrovica,2.0,3.5,3.75,1.9,1.95,1.7,2.05,1.25,1.29,1.8,12.0,1.73,SERBIA - PRVA LIGA,ROUND 5
03.09.2023,15:30,SLOVAKIA,NIKE LIGA - ROUND 6,Trnava,Zilina,2.0,3.5,3.75,1.9,1.95,1.7,2.05,1.25,1.29,1.8,12.0,1.73,SLOVAKIA - NIKE LIGA,ROUND 6
03.09.2023,16:00,SLOVAKIA,NIKE LIGA - ROUND 6,Slovan Bratislava,Podbrezova,2.0,3.5,3.75,1.9,1.95,1.7,2.05,1.25,1.29,1.8,12.0,1.73,SLOVAKIA - NIKE LIGA,ROUND 6
03.09.2023,08:30,SLOVAKIA,2. LIGA - ROUND 6,Samorin,FK Humenne,2.0,3.5,3.75,1.9,1.95,1.7,2.05,1.25,1.29,1.8,12.0,1.73,SLOVAKIA - 2. LIGA,ROUND 6
03.09.2023,08:30,SLOVAKIA,2. LIGA - ROUND 6,Zilina B,Komarno,2.0,3.5,3.75,1.9,1.95,1.7,2.05,1.25,1.29,1.8,12.0,1.73,SLOVAKIA - 2. LIGA,ROUND 6
03.09.2023,13:00,SLOVENIA,PRVA LIGA - ROUND 7,Rogaska,Radomlje,2.0,3.5,3.75,1.9,1.95,1.7,2.05,1.25,1.29,1.8,12.0,1.73,SLOVENIA - PRVA LIGA,ROUND 7
03.09.2023,15:30,SLOVENIA,PRVA LIGA - ROUND 7,Celje,Maribor,2.0,3.5,3.75,1.9,1.95,1.7,2.05,1.25,1.29,1.8,12.0,1.73,SLOVENIA - PRVA LIGA,ROUND 7
03.09.2023,18:15,SLOVENIA,PRVA LIGA - ROUND 7,Mura,O. Ljubljana,2.0,3.5,3.75,1.9,1.95,1.7,2.05,1.25,1.29,1.8,12.0,1.73,SLOVENIA - PRVA LIGA,ROUND 7
03.09.2023,14:30,SLOVENIA,2. SNL - ROUND 6,Beltinci,Bilje,2.0,3.5,3.75,1.9,1.95,1.7,2.05,1.25,1.29,1.8,12.0,1.73,SLOVENIA - 2. SNL,ROUND 6
03.09.2023,14:30,SLOVENIA,2. SNL - ROUND 6,Ilirija,NK Krka,2.0,3.5,3.75,1.9,1.95,1.7,2.05,1.25,1.29,1.8,12.0,1.73,SLOVENIA - 2. SNL,ROUND 6
03.09.2023,14:30,SLOVENIA,2. SNL - ROUND 6,Triglav,NK Bistrica,2.0,3.5,3.75,1.9,1.95,1.7,2.05,1.25,1.29,1.8,12.0,1.73,SLOVENIA - 2. SNL,ROUND 6
03.09.2023,13:00,SOUTH AFRICA,MOTSEPE FOUNDATION CHAMPIONSHIP - ROUND 2,Pretoria U.,Maritzburg Utd,2.0,3.5,3.75,1.9,1.95,1.7,2.05,1.25,1.29,1.8,12.0,1.73,SOUTH AFRICA - MOTSEPE FOUNDATION CHAMPIONSHIP,ROUND 2
03.09.2023,13:00,SOUTH AFRICA,MTN 8 CUP - SEMI-FINALS,Stellenbosch,Orlando Pirates,2.0,3.5,3.75,1.9,1.95,1.7,2.05,1.25,1.29,1.8,12.0,1.73,SOUTH AFRICA - MTN 8 CUP,SEMI-FINALS
03.09.2023,07:30,SOUTH KOREA,K LEAGUE 1 - ROUND 29,Ulsan Hyundai,Gwangju FC,1.8,3.6,3.8,1.9,1.95,1.8,1.91,1.22,1.25,1.83,12.0,1.6,SOUTH KOREA - K LEAGUE 1,ROUND 29
03.09.2023,10:00,SOUTH KOREA,K LEAGUE 1 - ROUND 29,Jeju Utd,Jeonbuk,2.88,3.25,2.3,1.88,1.98,1.67,2.1,1.57,1.33,1.4,9.0,2.5,SOUTH KOREA - K LEAGUE 1,ROUND 29
03.09.2023,07:00,SOUTH KOREA,K LEAGUE 2 - ROUND 30,Gimpo FC,Seoul E-Land,2.2,3.0,3.0,2.5,1.5,2.1,1.67,1.33,1.33,1.57,7.5,1.95,SOUTH KOREA - K LEAGUE 2,ROUND 30
03.09.2023,09:30,SOUTH KOREA,K LEAGUE 2 - ROUND 30,Jeonnam,Seongnam,2.15,3.2,2.9,1.9,1.9,1.73,2.0,1.36,1.33,1.62,10.0,1.93,SOUTH KOREA - K LEAGUE 2,ROUND 30
03.09.2023,11:00,SOUTH KOREA,K LEAGUE 2 - ROUND 30,Anyang,Busan,2.38,3.1,2.8,2.1,1.7,1.83,1.83,1.36,1.33,1.5,8.5,2.05,SOUTH KOREA - K LEAGUE 2,ROUND 30
03.09.2023,08:00,SOUTH KOREA,WK LEAGUE WOMEN - ROUND 21,Sejong Sportstoto W,Changnyeong W,2.38,3.1,2.8,2.1,1.7,1.83,1.83,1.36,1.33,1.5,8.5,2.05,SOUTH KOREA - WK LEAGUE WOMEN,ROUND 21
03.09.2023,12:00,SPAIN,LALIGA2 - ROUND 4,Andorra,Tenerife,2.2,3.1,3.5,2.7,1.44,2.2,1.62,1.29,1.36,1.67,7.5,1.95,SPAIN - LALIGA2,ROUND 4
03.09.2023,14:15,SPAIN,LALIGA2 - ROUND 4,Eibar,Leganes,2.0,3.2,4.2,2.6,1.48,2.25,1.57,1.22,1.36,1.8,8.5,1.7,SPAIN - LALIGA2,ROUND 4
03.09.2023,16:30,SPAIN,LALIGA2 - ROUND 4,Espanyol,Amorebieta,1.62,3.75,6.0,2.1,1.7,2.1,1.67,1.13,1.25,2.25,13.0,1.4,SPAIN - LALIGA2,ROUND 4
03.09.2023,16:30,SPAIN,LALIGA2 - ROUND 4,Zaragoza,Eldense,1.8,3.4,5.0,2.5,1.5,2.38,1.53,1.17,1.3,1.95,10.0,1.48,SPAIN - LALIGA2,ROUND 4
03.09.2023,19:00,SPAIN,LALIGA2 - ROUND 4,Huesca,Mirandes,2.05,3.4,3.75,2.4,1.53,2.1,1.67,1.25,1.3,1.73,8.5,1.75,SPAIN - LALIGA2,ROUND 4
03.09.2023,18:30,SPAIN,PRIMERA RFEF - GROUP 1 - ROUND 2,Arenteiro,SD Logrones,2.05,3.4,3.75,2.4,1.53,2.1,1.67,1.25,1.3,1.73,8.5,1.75,SPAIN - PRIMERA RFEF - GROUP 1,ROUND 2
03.09.2023,18:30,SPAIN,PRIMERA RFEF - GROUP 1 - ROUND 2,Barcelona B,R. Union,2.05,3.4,3.75,2.4,1.53,2.1,1.67,1.25,1.3,1.73,8.5,1.75,SPAIN - PRIMERA RFEF - GROUP 1,ROUND 2
03.09.2023,18:30,SPAIN,PRIMERA RFEF - GROUP 1 - ROUND 2,Sestao,Ponferradina,2.05,3.4,3.75,2.4,1.53,2.1,1.67,1.25,1.3,1.73,8.5,1.75,SPAIN - PRIMERA RFEF - GROUP 1,ROUND 2
03.09.2023,19:30,SPAIN,PRIMERA RFEF - GROUP 1 - ROUND 2,Cornella,Fuenlabrada,2.05,3.4,3.75,2.4,1.53,2.1,1.67,1.25,1.3,1.73,8.5,1.75,SPAIN - PRIMERA RFEF - GROUP 1,ROUND 2
03.09.2023,19:30,SPAIN,PRIMERA RFEF - GROUP 1 - ROUND 2,Sabadell,Osasuna B,2.05,3.4,3.75,2.4,1.53,2.1,1.67,1.25,1.3,1.73,8.5,1.75,SPAIN - PRIMERA RFEF - GROUP 1,ROUND 2
03.09.2023,19:30,SPAIN,PRIMERA RFEF - GROUP 1 - ROUND 2,Teruel,R. Sociedad B,2.05,3.4,3.75,2.4,1.53,2.1,1.67,1.25,1.3,1.73,8.5,1.75,SPAIN - PRIMERA RFEF - GROUP 1,ROUND 2
03.09.2023,18:30,SPAIN,PRIMERA RFEF - GROUP 2 - ROUND 2,Ceuta,Recreativo Huelva,2.05,3.4,3.75,2.4,1.53,2.1,1.67,1.25,1.3,1.73,8.5,1.75,SPAIN - PRIMERA RFEF - GROUP 2,ROUND 2
03.09.2023,18:30,SPAIN,PRIMERA RFEF - GROUP 2 - ROUND 2,Melilla,Castellon,2.05,3.4,3.75,2.4,1.53,2.1,1.67,1.25,1.3,1.73,8.5,1.75,SPAIN - PRIMERA RFEF - GROUP 2,ROUND 2
03.09.2023,19:30,SPAIN,PRIMERA RFEF - GROUP 2 - ROUND 2,Algeciras,San Fernando,2.05,3.4,3.75,2.4,1.53,2.1,1.67,1.25,1.3,1.73,8.5,1.75,SPAIN - PRIMERA RFEF - GROUP 2,ROUND 2
03.09.2023,19:30,SPAIN,PRIMERA RFEF - GROUP 2 - ROUND 2,Antequera,Real Madrid B,2.05,3.4,3.75,2.4,1.53,2.1,1.67,1.25,1.3,1.73,8.5,1.75,SPAIN - PRIMERA RFEF - GROUP 2,ROUND 2
03.09.2023,19:30,SPAIN,PRIMERA RFEF - GROUP 2 - ROUND 2,CF Intercity,Alcoyano,2.05,3.4,3.75,2.4,1.53,2.1,1.67,1.25,1.3,1.73,8.5,1.75,SPAIN - PRIMERA RFEF - GROUP 2,ROUND 2
03.09.2023,13:00,SWEDEN,ALLSVENSKAN - ROUND 22,Degerfors,Hacken,5.5,4.2,1.6,1.44,2.7,1.5,2.5,2.3,1.22,1.14,11.0,4.5,SWEDEN - ALLSVENSKAN,ROUND 22
03.09.2023,13:00,SWEDEN,ALLSVENSKAN - ROUND 22,Hammarby,AIK,2.0,3.6,3.75,1.95,1.9,1.75,2.0,1.25,1.29,1.8,11.0,1.73,SWEDEN - ALLSVENSKAN,ROUND 22
03.09.2023,13:00,SWEDEN,ALLSVENSKAN - ROUND 22,Kalmar,Mjallby,2.38,3.3,3.1,2.3,1.6,2.0,1.75,1.36,1.33,1.53,8.0,2.06,SWEDEN - ALLSVENSKAN,ROUND 22
03.09.2023,15:30,SWEDEN,ALLSVENSKAN - ROUND 22,Malmo FF,Goteborg,1.4,5.25,6.5,1.62,2.25,1.91,1.91,1.11,1.17,2.75,17.0,1.28,SWEDEN - ALLSVENSKAN,ROUND 22
03.09.2023,15:30,SWEDEN,ALLSVENSKAN - ROUND 22,Norrkoping,Djurgarden,2.88,3.4,2.45,1.83,2.03,1.67,2.1,1.53,1.3,1.4,9.5,2.35,SWEDEN - ALLSVENSKAN,ROUND 22
03.09.2023,15:30,SWEDEN,ALLSVENSKAN - ROUND 22,Varberg,Brommapojkarna,3.3,3.4,2.2,1.8,2.0,1.62,2.2,1.67,1.3,1.33,9.0,2.85,SWEDEN - ALLSVENSKAN,ROUND 22
03.09.2023,13:00,SWEDEN,SUPERETTAN - ROUND 21,Helsingborg,Sundsvall,1.91,3.5,3.4,1.73,2.08,1.67,2.1,1.29,1.25,1.73,12.0,1.7,SWEDEN - SUPERETTAN,ROUND 21
03.09.2023,13:00,SWEDEN,SUPERETTAN - ROUND 21,Trelleborg,AFC Eskilstuna,1.95,3.4,3.5,1.9,1.95,1.75,2.0,1.29,1.3,1.8,11.0,1.73,SWEDEN - SUPERETTAN,ROUND 21
03.09.2023,13:00,SWEDEN,ALLSVENSKAN WOMEN - ROUND 18,Uppsala W,IF Brommapojkarna W,1.95,3.4,3.5,1.9,1.95,1.75,2.0,1.29,1.3,1.8,11.0,1.73,SWEDEN - ALLSVENSKAN WOMEN,ROUND 18
03.09.2023,12:15,SWITZERLAND,SUPER LEAGUE - ROUND 6,Servette,Young Boys,3.0,3.6,2.3,1.6,2.3,1.5,2.5,1.57,1.29,1.36,11.0,2.6,SWITZERLAND - SUPER LEAGUE,ROUND 6
03.09.2023,14:30,SWITZERLAND,SUPER LEAGUE - ROUND 6,Basel,Zurich,2.8,3.5,2.45,1.65,2.2,1.57,2.25,1.53,1.29,1.4,10.0,2.35,SWITZERLAND - SUPER LEAGUE,ROUND 6
03.09.2023,14:30,SWITZERLAND,SUPER LEAGUE - ROUND 6,Luzern,Lugano,2.1,3.6,3.4,1.6,2.3,1.5,2.5,1.3,1.29,1.7,15.0,1.88,SWITZERLAND - SUPER LEAGUE,ROUND 6
03.09.2023,12:15,SWITZERLAND,CHALLENGE LEAGUE - ROUND 6,Vaduz,Schaffhausen,2.1,3.6,3.4,1.6,2.3,1.5,2.5,1.3,1.29,1.7,15.0,1.88,SWITZERLAND - CHALLENGE LEAGUE,ROUND 6
03.09.2023,13:00,SWITZERLAND,PROMOTION LEAGUE,Biel,St. Gallen II,2.1,3.6,3.4,1.6,2.3,1.5,2.5,1.3,1.29,1.7,15.0,1.88,SWITZERLAND,PROMOTION LEAGUE
03.09.2023,14:00,SWITZERLAND,PROMOTION LEAGUE,Bruhl,Bulle,2.1,3.6,3.4,1.6,2.3,1.5,2.5,1.3,1.29,1.7,15.0,1.88,SWITZERLAND,PROMOTION LEAGUE
03.09.2023,14:00,SWITZERLAND,PROMOTION LEAGUE,Etoile-Carouge,Kriens,2.1,3.6,3.4,1.6,2.3,1.5,2.5,1.3,1.29,1.7,15.0,1.88,SWITZERLAND,PROMOTION LEAGUE
03.09.2023,14:00,SWITZERLAND,PROMOTION LEAGUE,Servette U21,Bavois,2.1,3.6,3.4,1.6,2.3,1.5,2.5,1.3,1.29,1.7,15.0,1.88,SWITZERLAND,PROMOTION LEAGUE
03.09.2023,15:00,TUNISIA,LIGUE PROFESSIONNELLE 1 - ROUND 3,Ben Guerdane,Stade Tunisien,2.1,3.6,3.4,1.6,2.3,1.5,2.5,1.3,1.29,1.7,15.0,1.88,TUNISIA - LIGUE PROFESSIONNELLE 1,ROUND 3
03.09.2023,15:00,TUNISIA,LIGUE PROFESSIONNELLE 1 - ROUND 3,Gafsa,Etoile Sahel,2.1,3.6,3.4,1.6,2.3,1.5,2.5,1.3,1.29,1.7,15.0,1.88,TUNISIA - LIGUE PROFESSIONNELLE 1,ROUND 3
03.09.2023,15:00,TUNISIA,LIGUE PROFESSIONNELLE 1 - ROUND 3,Olympique Beja,Soliman,2.1,3.6,3.4,1.6,2.3,1.5,2.5,1.3,1.29,1.7,15.0,1.88,TUNISIA - LIGUE PROFESSIONNELLE 1,ROUND 3
03.09.2023,16:15,TURKEY,SUPER LIG - ROUND 4,Besiktas,Sivasspor,1.44,4.5,5.5,1.6,2.3,1.8,1.91,1.13,1.17,2.5,17.0,1.33,TURKEY - SUPER LIG,ROUND 4
03.09.2023,16:15,TURKEY,SUPER LIG - ROUND 4,Samsunspor,Istanbulspor AS,1.83,3.6,3.75,1.8,2.0,1.73,2.0,1.25,1.29,1.91,12.0,1.65,TURKEY - SUPER LIG,ROUND 4
03.09.2023,18:45,TURKEY,SUPER LIG - ROUND 4,Ankaragucu,Fenerbahce,4.2,4.0,1.67,1.6,2.3,1.62,2.2,2.15,1.22,1.22,9.5,3.8,TURKEY - SUPER LIG,ROUND 4
03.09.2023,18:45,TURKEY,SUPER LIG - ROUND 4,Hatayspor,Adana Demirspor,3.0,4.0,2.0,1.57,2.35,1.5,2.5,1.8,1.22,1.36,11.0,2.6,TURKEY - SUPER LIG,ROUND 4
03.09.2023,14:00,TURKEY,1. LIG - ROUND 4,Bodrumspor,Umraniyespor,1.91,3.4,3.75,1.8,2.0,1.67,2.1,1.25,1.3,1.83,13.0,1.65,TURKEY - 1. LIG,ROUND 4
03.09.2023,16:15,TURKEY,1. LIG - ROUND 4,Corum,Genclerbirligi,1.91,3.4,3.5,1.78,2.03,1.67,2.1,1.25,1.29,1.73,13.0,1.73,TURKEY - 1. LIG,ROUND 4
03.09.2023,18:45,TURKEY,1. LIG - ROUND 4,Altay,Goztepe,3.3,3.4,2.0,1.93,1.88,1.73,2.0,1.67,1.29,1.3,8.0,2.85,TURKEY - 1. LIG,ROUND 4
03.09.2023,18:45,TURKEY,1. LIG - ROUND 4,Sanliurfaspor,Erzurumspor,1.67,3.6,4.33,1.88,1.93,1.83,1.83,1.18,1.25,2.0,13.0,1.53,TURKEY - 1. LIG,ROUND 4
03.09.2023,10:00,UKRAINE,PREMIER LEAGUE - ROUND 6,Dnipro-1,LNZ Cherkasy,1.67,3.6,4.33,1.88,1.93,1.83,1.83,1.18,1.25,2.0,13.0,1.53,UKRAINE - PREMIER LEAGUE,ROUND 6
03.09.2023,14:00,UKRAINE,PREMIER LEAGUE - ROUND 6,Kolos Kovalivka,Kryvbas,1.67,3.6,4.33,1.88,1.93,1.83,1.83,1.18,1.25,2.0,13.0,1.53,UKRAINE - PREMIER LEAGUE,ROUND 6
03.09.2023,16:00,UKRAINE,PREMIER LEAGUE - ROUND 6,Rukh Lviv,Metalist 1925,1.67,3.6,4.33,1.88,1.93,1.83,1.83,1.18,1.25,2.0,13.0,1.53,UKRAINE - PREMIER LEAGUE,ROUND 6
03.09.2023,11:00,UKRAINE,PERSHA LIGA - ROUND 6,Dinaz Vyshgorod,Hirnyk-Sport,1.67,3.6,4.33,1.88,1.93,1.83,1.83,1.18,1.25,2.0,13.0,1.53,UKRAINE - PERSHA LIGA,ROUND 6
03.09.2023,11:30,UKRAINE,PERSHA LIGA - ROUND 6,Khust,Podillya Khmelnytskyi,1.67,3.6,4.33,1.88,1.93,1.83,1.83,1.18,1.25,2.0,13.0,1.53,UKRAINE - PERSHA LIGA,ROUND 6
03.09.2023,12:00,UKRAINE,PERSHA LIGA - ROUND 6,Prykarpattya,Nyva Buzova,1.67,3.6,4.33,1.88,1.93,1.83,1.83,1.18,1.25,2.0,13.0,1.53,UKRAINE - PERSHA LIGA,ROUND 6
03.09.2023,13:00,UKRAINE,PERSHA LIGA - ROUND 6,Inhulets,MFC Metalurh,1.67,3.6,4.33,1.88,1.93,1.83,1.83,1.18,1.25,2.0,13.0,1.53,UKRAINE - PERSHA LIGA,ROUND 6
03.09.2023,13:30,UKRAINE,PERSHA LIGA - ROUND 6,SC Poltava,Viktoria,1.67,3.6,4.33,1.88,1.93,1.83,1.83,1.18,1.25,2.0,13.0,1.53,UKRAINE - PERSHA LIGA,ROUND 6
03.09.2023,14:00,UKRAINE,PERSHA LIGA - ROUND 6,Nyva Ternopil,Ahrobiznes Volochysk,1.67,3.6,4.33,1.88,1.93,1.83,1.83,1.18,1.25,2.0,13.0,1.53,UKRAINE - PERSHA LIGA,ROUND 6
03.09.2023,13:00,URUGUAY,PRIMERA DIVISION - CLAUSURA - ROUND 3,Fenix,Liverpool M.,3.25,3.2,2.15,2.08,1.73,1.83,1.83,1.67,1.36,1.33,7.5,2.75,URUGUAY - PRIMERA DIVISION - CLAUSURA,ROUND 3
03.09.2023,18:00,URUGUAY,PRIMERA DIVISION - CLAUSURA - ROUND 3,River Plate,Racing Montevideo,2.2,3.1,3.25,2.3,1.6,2.0,1.73,1.33,1.36,1.67,8.5,1.95,URUGUAY - PRIMERA DIVISION - CLAUSURA,ROUND 3
03.09.2023,21:00,URUGUAY,PRIMERA DIVISION - CLAUSURA - ROUND 3,Nacional,Plaza Colonia,1.33,4.75,7.5,1.75,2.05,2.1,1.67,1.1,1.18,3.25,17.0,1.24,URUGUAY - PRIMERA DIVISION - CLAUSURA,ROUND 3
03.09.2023,23:30,URUGUAY,PRIMERA DIVISION - CLAUSURA - ROUND 3,Maldonado,CA Cerro,2.05,3.3,3.4,2.15,1.67,1.91,1.8,1.3,1.33,1.73,9.0,1.8,URUGUAY - PRIMERA DIVISION - CLAUSURA,ROUND 3
03.09.2023,00:30,USA,MLS,FC Dallas,Atlanta Utd,2.3,3.5,3.0,1.75,2.05,1.62,2.2,1.36,1.29,1.57,11.0,2.0,USA,MLS
03.09.2023,00:30,USA,MLS,Nashville SC,Charlotte,1.73,3.6,5.0,1.85,2.0,1.75,2.0,1.17,1.29,2.05,15.0,1.5,USA,MLS
03.09.2023,00:30,USA,MLS,Sporting Kansas City,St. Louis City,1.83,3.6,4.5,1.67,2.15,1.62,2.2,1.18,1.29,1.91,15.0,1.58,USA,MLS
03.09.2023,01:30,USA,MLS,Real Salt Lake,Colorado Rapids,1.65,4.0,5.0,1.7,2.1,1.7,2.05,1.17,1.22,2.2,17.0,1.43,USA,MLS
03.09.2023,02:30,USA,MLS,Los Angeles Galaxy,Houston Dynamo,2.1,3.6,3.4,1.62,2.25,1.53,2.38,1.3,1.29,1.7,15.0,1.83,USA,MLS
03.09.2023,02:30,USA,MLS,San Jose Earthquakes,Minnesota United,2.0,3.6,3.6,1.67,2.15,1.57,2.25,1.29,1.29,1.8,13.0,1.75,USA,MLS
03.09.2023,02:30,USA,MLS,Seattle Sounders,Portland Timbers,1.67,4.0,5.0,1.73,2.08,1.7,2.05,1.17,1.22,2.15,15.0,1.5,USA,MLS
03.09.2023,23:30,USA,MLS,Philadelphia Union,New York Red Bulls,1.85,3.5,4.5,2.05,1.8,1.91,1.91,1.18,1.29,1.91,11.0,1.65,USA,MLS
03.09.2023,01:00,USA,USL CHAMPIONSHIP,Colorado Springs,Louisville City,1.85,3.5,4.5,2.05,1.8,1.91,1.91,1.18,1.29,1.91,11.0,1.65,USA,USL CHAMPIONSHIP
03.09.2023,01:00,USA,USL CHAMPIONSHIP,New Mexico,Charleston,1.85,3.5,4.5,2.05,1.8,1.91,1.91,1.18,1.29,1.91,11.0,1.65,USA,USL CHAMPIONSHIP
03.09.2023,01:30,USA,USL CHAMPIONSHIP,El Paso,Monterey Bay,1.85,3.5,4.5,2.05,1.8,1.91,1.91,1.18,1.29,1.91,11.0,1.65,USA,USL CHAMPIONSHIP
03.09.2023,02:00,USA,USL CHAMPIONSHIP,Oakland Roots,Sacramento Republic,1.85,3.5,4.5,2.05,1.8,1.91,1.91,1.18,1.29,1.91,11.0,1.65,USA,USL CHAMPIONSHIP
03.09.2023,02:30,USA,USL CHAMPIONSHIP,Las Vegas Lights,Orange County SC,1.85,3.5,4.5,2.05,1.8,1.91,1.91,1.18,1.29,1.91,11.0,1.65,USA,USL CHAMPIONSHIP
03.09.2023,02:30,USA,USL CHAMPIONSHIP,Phoenix Rising,Rio Grande,1.85,3.5,4.5,2.05,1.8,1.91,1.91,1.18,1.29,1.91,11.0,1.65,USA,USL CHAMPIONSHIP
03.09.2023,22:00,USA,USL CHAMPIONSHIP,San Diego Loyal,Birmingham,1.85,3.5,4.5,2.05,1.8,1.91,1.91,1.18,1.29,1.91,11.0,1.65,USA,USL CHAMPIONSHIP
03.09.2023,21:00,USA,NWSL WOMEN,Washington Spirit W,Chicago W,1.85,3.5,4.5,2.05,1.8,1.91,1.91,1.18,1.29,1.91,11.0,1.65,USA,NWSL WOMEN
03.09.2023,22:00,USA,NWSL WOMEN,Reign W,Orlando Pride W,1.85,3.5,4.5,2.05,1.8,1.91,1.91,1.18,1.29,1.91,11.0,1.65,USA,NWSL WOMEN
03.09.2023,00:20,VENEZUELA,LIGA FUTVE - ROUND 26,Metropolitanos,Puerto Cabello,1.85,3.5,4.5,2.05,1.8,1.91,1.91,1.18,1.29,1.91,11.0,1.65,VENEZUELA - LIGA FUTVE,ROUND 26
03.09.2023,19:30,VENEZUELA,LIGA FUTVE - ROUND 26,Rayo Zuliano,Dep. Tachira,1.85,3.5,4.5,2.05,1.8,1.91,1.91,1.18,1.29,1.91,11.0,1.65,VENEZUELA - LIGA FUTVE,ROUND 26
03.09.2023,22:10,VENEZUELA,LIGA FUTVE - ROUND 26,Hermanos Colmenarez,Monagas,1.85,3.5,4.5,2.05,1.8,1.91,1.91,1.18,1.29,1.91,11.0,1.65,VENEZUELA - LIGA FUTVE,ROUND 26
03.09.2023,11:00,WORLD,FRIENDLY INTERNATIONAL,Sweden U17,Estonia U17,1.85,3.5,4.5,2.05,1.8,1.91,1.91,1.18,1.29,1.91,11.0,1.65,WORLD,FRIENDLY INTERNATIONAL
03.09.2023,22:00,WORLD,FRIENDLY INTERNATIONAL,Guatemala,Honduras,1.85,3.5,4.5,2.05,1.8,1.91,1.91,1.18,1.29,1.91,11.0,1.65,WORLD,FRIENDLY INTERNATIONAL
03.09.2023,12:00,WORLD,CLUB FRIENDLY WOMEN,Wolfsburg W (Ger),PSV W (Ned),1.85,3.5,4.5,2.05,1.8,1.91,1.91,1.18,1.29,1.91,11.0,1.65,WORLD,CLUB FRIENDLY WOMEN
03.09.2023,19:00,WORLD,CLUB FRIENDLY WOMEN,Chelsea W (Eng),AS Roma W (Ita),1.85,3.5,4.5,2.05,1.8,1.91,1.91,1.18,1.29,1.91,11.0,1.65,WORLD,CLUB FRIENDLY WOMEN
03.09.2023,20:00,WORLD,CLUB FRIENDLY WOMEN,Club America W (Mex),Real Madrid W (Esp),1.85,3.5,4.5,2.05,1.8,1.91,1.91,1.18,1.29,1.91,11.0,1.65,WORLD,CLUB FRIENDLY WOMEN
03.09.2023,13:00,ZAMBIA,SUPER LEAGUE - ROUND 3,Forest Rangers,Red Arrows,1.85,3.5,4.5,2.05,1.8,1.91,1.91,1.18,1.29,1.91,11.0,1.65,ZAMBIA - SUPER LEAGUE,ROUND 3
03.09.2023,13:00,ZAMBIA,SUPER LEAGUE - ROUND 3,Prison Leopards,Green Buffaloes,1.85,3.5,4.5,2.05,1.8,1.91,1.91,1.18,1.29,1.91,11.0,1.65,ZAMBIA - SUPER LEAGUE,ROUND 3
03.09.2023,13:00,ZIMBABWE,PREMIER SOCCER LEAGUE - ROUND 21,CAPS Utd,Black Rhinos,1.85,3.5,4.5,2.05,1.8,1.91,1.91,1.18,1.29,1.91,11.0,1.65,ZIMBABWE - PREMIER SOCCER LEAGUE,ROUND 21
03.09.2023,13:00,ZIMBABWE,PREMIER SOCCER LEAGUE - ROUND 21,Highlanders,Chicken Inn,1.85,3.5,4.5,2.05,1.8,1.91,1.91,1.18,1.29,1.91,11.0,1.65,ZIMBABWE - PREMIER SOCCER LEAGUE,ROUND 21
03.09.2023,13:00,ZIMBABWE,PREMIER SOCCER LEAGUE - ROUND 21,Triangle,ZPC Kariba,1.85,3.5,4.5,2.05,1.8,1.91,1.91,1.18,1.29,1.91,11.0,1.65,ZIMBABWE - PREMIER SOCCER LEAGUE,ROUND 21
