,league,Home,0-15_mar,0-15_sofri,16-30_mar,16-30_sofri,31-45_mar,31-45_sofri,46-60_mar,46-60_sofri,61-75_mar,61-75_sofri,76-90_mar,76-90_sofri,1st H_marc,1st H_sofri,2nd H_marc,2nd H_sofri
0,portugal,Arouca,1,4,1,2,2,4,3,2,2,4,5,4,4,10,10,10
1,portugal,Benfica,4,1,6,0,4,4,5,0,6,1,9,2,14,5,20,3
2,portugal,Boavista,3,1,1,5,4,3,5,8,5,5,2,11,8,9,12,24
3,portugal,Casa Pia,1,1,4,1,3,7,2,4,2,3,1,7,8,9,5,14
4,portugal,Chaves,1,3,0,4,1,2,1,2,5,3,7,5,2,9,13,10
5,portugal,Estoril,0,2,5,4,1,5,1,3,3,5,3,6,6,11,7,14
6,portugal,Famalicao,2,1,2,6,1,4,5,6,4,5,4,6,5,11,13,17
7,portugal,FC Porto,4,1,1,1,7,5,5,1,4,0,8,3,12,7,17,4
8,portugal,Gil Vicente,1,5,4,5,1,7,4,7,3,1,4,2,6,17,11,10
9,portugal,Guimaraes,2,3,3,2,3,8,4,2,2,5,2,7,8,13,8,14
10,portugal,Maritimo,2,6,3,4,3,6,1,5,1,7,1,12,8,16,3,24
11,portugal,Pacos Ferreira,0,4,4,4,4,6,1,8,2,2,2,5,8,14,5,15
12,portugal,Portimonense,1,5,0,4,3,6,1,2,0,5,6,5,4,15,7,12
13,portugal,Rio Ave,3,5,1,1,4,7,2,2,5,5,3,9,8,13,10,16
14,portugal,Santa Clara,0,4,2,4,1,5,0,5,1,5,4,6,3,13,5,16
15,portugal,Sporting Braga,6,1,4,0,6,7,7,1,6,4,6,6,16,8,19,11
16,portugal,Sporting CP,5,3,5,0,4,6,4,2,3,2,8,7,14,9,15,11
17,portugal,Vizela,2,3,2,1,3,3,3,2,3,1,3,9,7,7,9,12
18,portugal2,Academico Viseu,7,8,6,1,5,4,1,3,2,3,3,7,18,13,6,13
19,portugal2,Benfica B,0,3,8,3,3,10,4,8,5,3,5,6,11,16,14,17
20,portugal2,BSAD,3,2,3,5,4,3,2,1,5,5,5,11,10,10,12,17
21,portugal2,Covilha,2,6,5,5,2,6,3,6,2,2,4,7,9,17,9,15
22,portugal2,Estrela Amadora,4,1,4,3,3,3,7,3,4,2,5,5,11,7,16,10
23,portugal2,Farense,1,4,3,2,1,3,4,1,3,5,8,5,5,9,15,11
24,portugal2,FC Porto B,4,2,1,3,5,4,3,5,2,4,6,9,10,9,11,18
25,portugal2,Feirense,1,3,2,3,5,2,5,2,3,1,5,6,8,8,13,9
26,portugal2,Leixoes,1,6,1,2,3,2,6,6,1,6,8,9,5,10,15,21
27,portugal2,Mafra,4,3,2,3,7,3,4,5,3,3,3,10,13,9,10,18
28,portugal2,Moreirense,5,1,1,4,5,2,3,3,4,4,10,3,11,7,17,10
29,portugal2,Nacional,1,3,5,3,2,6,5,4,2,4,2,5,8,12,9,13
30,portugal2,Oliveirense,3,4,7,2,8,7,3,3,0,3,3,10,18,13,6,16
31,portugal2,Penafiel,4,3,2,4,0,1,4,6,3,3,4,9,6,8,11,18
32,portugal2,Tondela,4,1,3,1,4,3,0,5,5,3,2,4,11,5,7,12
33,portugal2,Torreense,0,4,3,5,6,4,2,4,1,3,4,6,9,13,7,13
34,portugal2,Trofense,1,2,0,2,4,4,2,4,3,4,2,5,5,8,7,13
35,portugal2,Vilafranquense,4,2,2,2,1,1,2,4,3,1,7,7,7,5,12,12
36,peru,AD Cantolao,0,4,1,4,0,2,0,3,1,4,0,8,1,10,1,15
37,peru,ADT,1,1,2,2,3,2,2,0,1,5,1,3,6,5,4,8
38,peru,Alianza A.,5,4,3,4,0,4,2,5,2,4,2,1,8,12,6,10
39,peru,Alianza Lima,0,1,2,2,3,2,4,1,2,1,1,2,5,5,7,4
40,peru,Atletico Grau,3,0,0,2,1,3,3,3,2,6,2,2,4,5,7,11
41,peru,Binacional,0,3,3,0,1,5,0,4,2,1,0,5,4,8,2,10
42,peru,Cajamarca,0,3,0,1,4,1,2,2,1,8,1,4,4,5,4,14
43,peru,Carlos Manucci,0,2,0,2,1,1,2,4,1,2,1,2,1,5,4,8
44,peru,Cesar Vallejo,0,3,0,3,1,0,2,4,2,4,2,2,1,6,6,10
45,peru,Cienciano,3,1,2,3,1,6,0,5,0,2,3,2,6,10,3,9
46,peru,Cusco,2,2,0,1,1,3,3,4,1,2,1,2,3,6,5,8
47,peru,D. Garcilaso,4,1,2,2,1,2,2,3,1,2,4,4,7,5,7,9
48,peru,D. Municipal,1,0,1,3,0,0,2,1,3,3,1,2,2,3,6,6
49,peru,FBC Melgar,0,1,1,0,1,1,2,2,1,0,2,4,2,2,5,6
50,peru,S. Cristal,2,2,0,0,2,2,1,2,4,1,7,4,4,4,12,7
51,peru,Sport Boys,0,1,1,2,0,4,0,1,2,3,0,2,1,7,2,6
52,peru,Sport Huancayo,0,6,2,1,0,2,3,1,4,1,1,3,2,9,8,5
53,peru,Union Comercio,0,2,1,1,1,3,2,0,2,9,2,7,2,6,6,16
54,peru,Universitario,0,1,2,2,0,1,3,2,0,0,3,4,2,4,6,6
55,bolivia,A. Palmaflor,0,2,0,1,1,1,2,0,4,2,1,2,1,4,7,4
56,bolivia,Always Ready,1,1,2,0,0,0,0,0,0,0,1,0,3,1,1,0
57,bolivia,Aurora,0,1,1,0,1,2,1,1,1,0,0,1,2,3,2,2
58,bolivia,Blooming,0,2,0,1,0,2,1,1,1,0,3,5,0,5,5,6
59,bolivia,Bolivar,1,1,3,0,2,3,1,0,2,3,2,1,6,4,5,4
60,bolivia,Guabira,0,0,0,1,0,1,1,1,0,1,0,1,0,2,1,3
61,bolivia,I. Petrolero,2,1,0,1,0,1,1,1,0,1,0,2,2,3,1,4
62,bolivia,Libertad,1,3,0,5,1,3,0,4,1,4,1,2,2,11,2,10
63,bolivia,Nacional Potosi,0,0,0,0,2,1,0,0,1,2,0,2,2,1,1,4
64,bolivia,Oriente P.,1,0,3,1,0,1,0,3,0,0,1,3,4,2,1,6
65,bolivia,Real Tomayapo,2,1,0,0,1,0,0,2,0,1,1,3,3,1,1,6
66,bolivia,Royal Pari,1,1,1,2,1,1,1,4,2,0,1,2,3,4,4,6
67,bolivia,Santa Cruz,0,0,0,0,1,2,0,2,1,0,1,1,1,2,2,3
68,bolivia,The Strongest,1,0,3,0,1,2,1,0,2,0,3,1,5,2,6,1
69,bolivia,U. de Vinto,1,0,0,1,1,2,2,0,1,4,3,1,2,3,6,5
70,bolivia,Vaca Diez,0,2,0,2,1,1,1,1,2,2,2,5,1,5,5,8
71,bolivia,Wilstermann,1,1,1,1,3,2,0,0,2,1,1,0,5,4,3,1
72,greece,AEK Athens,2,2,4,1,6,4,6,2,6,1,5,0,12,7,17,3
73,greece,Aris,1,3,5,4,3,4,2,3,3,3,7,7,9,11,12,13
74,greece,Asteras T.,0,5,1,2,2,4,3,2,1,3,1,10,3,11,5,15
75,greece,Atromitos,1,2,1,2,1,4,3,5,2,3,6,6,3,8,11,14
76,greece,Ionikos,1,4,2,7,3,4,2,5,1,5,3,4,6,15,6,14
77,greece,Lamia,1,2,1,6,1,7,2,4,4,1,1,7,3,15,7,12
78,greece,Levadiakos,3,5,0,0,4,6,2,3,1,8,0,6,7,11,3,17
79,greece,OFI Crete,3,2,4,5,2,5,4,2,3,1,7,4,9,12,14,7
80,greece,Olympiakos,3,0,1,1,9,3,6,0,3,3,5,5,13,4,14,8
81,greece,Panaitolikos,3,6,4,2,3,5,3,4,3,5,3,6,10,13,9,15
82,greece,Panathinaikos,1,1,2,1,6,0,3,0,7,2,5,4,9,2,15,6
83,greece,PAOK,4,2,6,2,3,2,7,1,3,2,2,8,13,6,12,11
84,greece,PAS Giannina,1,5,1,3,4,6,1,5,5,4,4,5,6,14,10,14
85,greece,Volos,0,4,3,8,3,5,5,5,2,6,5,2,6,17,12,13
86,argentina,A. Tucuman,0,1,1,4,1,6,2,0,4,1,0,2,2,11,6,3
87,argentina,Argentinos Jrs,2,0,0,1,2,2,2,3,0,2,1,1,4,3,3,6
88,argentina,Arsenal Sarandi,2,3,0,4,0,3,0,2,2,0,1,5,2,10,3,7
89,argentina,Banfield,2,3,2,3,1,6,3,1,2,3,2,5,5,12,7,9
90,argentina,Barracas C.,4,1,0,4,0,4,1,3,4,3,4,2,4,9,9,8
91,argentina,Belgrano,0,4,0,3,5,2,1,4,0,1,2,4,5,9,3,9
92,argentina,Boca Juniors,0,1,1,5,4,1,0,2,2,3,5,2,5,7,7,7
93,argentina,Central Cordoba,3,3,1,2,2,3,1,5,1,3,3,3,6,8,5,11
94,argentina,Colon Santa Fe,2,0,0,3,0,1,2,1,0,3,2,4,2,4,4,8
95,argentina,Defensa y J.,3,1,0,2,1,1,2,4,6,2,3,0,4,4,11,6
96,argentina,Estudiantes,3,1,1,2,2,4,1,2,1,1,2,2,6,7,4,5
97,argentina,Gimnasia,2,1,2,7,3,4,1,7,2,2,1,5,7,12,4,14
98,argentina,Godoy Cruz,0,2,1,4,0,2,1,3,3,4,5,4,1,8,9,11
99,argentina,Huracan,2,1,0,1,1,7,0,4,3,1,2,2,3,9,5,7
100,argentina,Independiente,1,3,0,4,2,1,3,1,1,1,1,5,3,8,5,7
101,argentina,Instituto,2,3,1,1,3,3,1,4,3,4,1,5,6,7,5,13
102,argentina,Lanus,4,1,0,4,5,2,2,1,4,2,2,6,9,7,8,9
103,argentina,Newells,3,3,1,7,0,4,0,3,5,1,2,1,4,14,7,5
104,argentina,Platense,2,3,3,3,1,2,1,1,2,3,1,4,6,8,4,8
105,argentina,Racing Club,1,5,3,2,4,2,0,2,5,2,2,3,8,9,7,7
106,argentina,River Plate,3,1,4,2,1,2,3,2,3,4,10,2,8,5,16,8
107,argentina,Rosario Central,3,3,1,2,2,0,1,4,1,5,1,4,6,5,3,13
108,argentina,San Lorenzo,2,1,1,7,2,0,3,0,0,0,3,1,5,8,6,1
109,argentina,Sarmiento,1,1,1,1,1,4,1,4,1,1,2,2,3,6,4,7
110,argentina,T. de Cordoba,8,1,1,0,1,4,2,3,4,3,7,1,10,5,13,7
111,argentina,Tigre,1,4,1,0,3,1,1,5,2,2,2,2,5,5,5,9
112,argentina,Union Santa Fe,0,2,2,4,1,1,1,3,1,0,2,3,3,7,4,6
113,argentina,Velez Sarsfield,0,1,2,2,2,4,1,1,1,2,2,5,4,7,4,8
114,belgium2,Anderlecht B,1,2,5,4,3,4,4,4,6,4,6,9,9,10,16,17
115,belgium2,Beerschot,3,5,2,3,3,6,6,3,4,2,4,7,8,14,14,12
116,belgium2,Beveren,2,2,4,6,5,1,4,4,4,5,13,2,11,9,21,11
117,belgium2,Club Brugge B,7,5,4,2,3,6,4,7,2,5,3,6,14,13,9,18
118,belgium2,Deinze,0,3,4,3,1,3,2,4,1,1,6,7,5,9,9,12
119,belgium2,Dender,2,3,2,5,2,4,2,2,6,4,8,3,6,12,16,9
120,belgium2,E. Virton,1,5,1,4,5,5,4,7,5,4,4,6,7,14,13,17
121,belgium2,KRC Genk B,3,4,2,3,1,6,1,2,4,6,6,9,6,13,11,17
122,belgium2,Lierse K.,3,3,4,6,7,5,2,7,4,3,3,8,14,14,9,18
123,belgium2,Lommel SK,5,2,3,2,5,8,3,2,4,5,6,5,13,12,13,12
124,belgium2,RWDM,5,0,4,2,0,2,8,5,6,3,5,4,9,4,19,12
125,belgium2,Standard L. B,3,13,3,8,0,1,0,4,5,2,2,4,6,22,7,10
126,belgium,Anderlecht,2,4,0,2,7,3,3,5,5,3,6,4,9,9,14,12
127,belgium,Antwerp,4,4,3,1,2,6,4,1,2,2,8,1,9,11,14,4
128,belgium,Cercle Brugge,5,3,4,1,2,6,2,6,2,6,4,6,11,10,8,18
129,belgium,Charleroi,3,6,1,2,3,4,1,3,6,4,8,6,7,12,15,13
130,belgium,Club Brugge,3,3,6,4,5,4,3,2,4,2,0,6,14,11,7,10
131,belgium,Eupen,2,4,2,8,4,11,2,4,1,3,7,12,8,23,10,19
132,belgium,Gent,1,3,6,1,9,4,7,4,9,5,4,5,16,8,20,14
133,belgium,Kortrijk,1,5,1,4,4,8,5,5,6,6,4,4,6,17,15,15
134,belgium,KRC Genk,5,3,10,3,4,6,5,4,5,2,5,4,19,12,15,10
135,belgium,KV Mechelen,3,6,0,2,5,7,3,8,1,5,3,8,8,15,7,21
136,belgium,OH Leuven,1,1,5,2,5,6,7,1,4,5,5,9,11,9,16,15
137,belgium,Oostende,2,4,1,3,1,10,3,8,5,6,7,12,4,17,15,26
138,belgium,Royale Union SG,4,2,6,6,5,5,1,3,10,4,11,5,15,13,22,12
139,belgium,Seraing,4,7,2,11,5,7,5,5,2,4,2,5,11,25,9,14
140,belgium,Sint-Truiden,2,2,2,1,2,3,3,2,3,5,5,8,6,6,11,15
141,belgium,Standard Liege,3,2,5,5,4,6,1,1,2,8,9,6,12,13,12,15
142,belgium,Westerlo,6,4,2,0,4,9,3,2,2,3,4,9,12,13,9,14
143,belgium,Zulte-Waregem,2,5,3,4,3,7,2,5,7,5,6,6,8,16,15,16
144,austria,A. Klagenfurt,5,8,1,5,5,3,6,8,2,6,9,8,11,16,17,22
145,austria,A. Lustenau,1,3,6,7,3,3,3,6,3,2,4,4,10,13,10,12
146,austria,Altach,3,6,1,2,2,5,2,5,3,3,3,9,6,13,8,17
147,austria,Austria Wien,2,3,4,4,6,5,6,3,3,7,7,9,12,12,16,19
148,austria,Hartberg,3,3,2,1,2,7,2,6,2,6,5,6,7,11,9,18
149,austria,LASK Linz,4,1,3,3,3,4,1,2,5,4,7,3,10,8,13,9
150,austria,Rapid Wien,1,4,4,3,3,6,4,4,3,4,6,4,8,13,13,12
151,austria,Ried,1,1,1,3,2,5,3,1,0,8,3,5,4,9,6,14
152,austria,Salzburg,5,0,5,1,2,3,9,2,9,0,8,5,12,4,26,7
153,austria,Sturm Graz,5,2,2,1,5,2,3,3,3,3,7,3,12,5,13,9
154,austria,Tirol,2,6,2,2,7,8,5,3,3,4,5,4,11,16,13,11
155,austria,Wolfsberger AC,4,5,4,6,3,3,4,4,4,1,10,3,11,14,18,8
156,austria2,Admira Wacker,3,3,2,5,4,5,4,3,2,2,3,4,9,13,9,9
157,austria2,Amstetten,3,4,1,4,4,3,8,6,3,6,8,6,8,11,19,18
158,austria2,Austria Wien B,2,8,1,7,3,3,4,6,1,7,5,7,6,18,10,20
159,austria2,BW Linz,6,1,4,3,6,1,4,6,0,0,11,5,16,5,15,11
160,austria2,Dornbirn,6,2,4,2,2,3,6,3,4,5,5,4,12,7,15,12
161,austria2,First Vienna,3,0,4,2,4,2,2,3,1,2,2,8,11,4,5,13
162,austria2,Floridsdorfer,2,2,2,1,1,1,1,0,4,0,7,4,5,4,12,4
163,austria2,Grazer AK,4,4,5,3,2,4,7,1,3,5,6,4,11,11,16,10
164,austria2,Kapfenberger,1,4,2,3,3,2,4,2,0,3,5,9,6,9,9,14
165,austria2,Lafnitz,5,3,1,5,3,2,3,1,5,5,4,8,9,10,12,14
166,austria2,Liefering,2,3,3,3,2,6,3,7,4,3,2,6,7,12,9,16
167,austria2,Rapid Wien B,2,4,1,3,5,5,4,9,1,6,3,7,8,12,8,22
168,austria2,St. Polten,5,1,3,3,3,1,4,1,5,3,6,1,11,5,15,5
169,austria2,Sturm Graz B,2,2,4,5,4,7,4,6,3,3,7,7,10,14,14,16
170,austria2,SV Horn,2,3,3,2,0,3,3,1,0,1,9,4,5,8,12,6
171,austria2,Vorwarts Steyr,2,7,0,2,3,4,5,6,0,5,6,9,5,13,11,20
172,serbia,Backa Topola,3,2,5,2,7,3,8,1,5,4,7,3,15,7,20,8
173,serbia,Cukaricki,3,4,6,5,4,4,4,2,6,3,5,5,13,13,15,10
174,serbia,Javor Ivanjica,2,4,7,9,1,2,3,5,4,3,4,10,10,15,11,18
175,serbia,Kolubara,0,6,4,5,0,4,1,7,1,8,1,3,4,15,3,18
176,serbia,Mladost Lucani,2,3,1,4,4,4,1,4,2,4,5,12,7,11,8,20
177,serbia,Mladost Novi S.,3,3,2,4,2,5,5,3,1,4,0,4,7,12,6,11
178,serbia,Napredak,4,2,2,3,0,6,1,3,3,2,2,7,6,11,6,12
179,serbia,Novi Pazar,2,6,5,4,2,5,5,6,3,5,3,7,9,15,11,18
180,serbia,Partizan,5,4,5,3,4,1,5,6,6,0,10,2,14,8,21,8
181,serbia,Rad. Surdulica,2,3,3,3,2,6,2,5,1,5,3,10,7,12,6,20
182,serbia,Radnicki 1923,0,4,3,4,5,3,0,4,5,1,4,7,8,11,9,12
183,serbia,Radnicki Nis,2,6,4,2,1,3,1,5,3,4,2,7,7,11,6,16
184,serbia,Red Star,5,2,5,0,6,0,5,2,7,2,10,3,16,2,22,7
185,serbia,Sp. Subotica,1,3,0,4,3,6,4,6,3,3,2,4,4,13,9,13
186,serbia,Vojvodina,1,3,4,9,3,0,7,2,5,2,6,6,8,12,18,10
187,serbia,Vozdovac,1,3,2,3,2,3,0,2,5,5,4,13,5,9,9,20
188,serbia2,Graficar,3,1,6,5,0,4,5,5,3,2,8,6,9,10,16,13
189,serbia2,IMT N. Beograd,4,1,5,0,1,2,4,5,1,3,6,6,10,3,11,14
190,serbia2,Indija,3,3,4,3,5,4,2,5,1,2,5,4,12,10,8,11
191,serbia2,Jedinstvo Ub,1,2,2,5,2,4,4,5,4,2,2,2,5,11,10,9
192,serbia2,Loznica,1,2,4,3,0,4,3,7,3,7,5,6,5,9,11,20
193,serbia2,Macva Sabac,1,5,2,4,2,5,1,4,7,0,2,3,5,14,10,7
194,serbia2,Metalac GM,1,1,2,3,2,8,3,6,0,2,3,5,5,12,6,13
195,serbia2,Novi Sad,2,4,4,4,2,4,4,5,3,4,4,6,8,12,11,15
196,serbia2,OFK VrÂšac,2,3,1,5,3,6,1,1,1,1,4,9,6,14,6,11
197,serbia2,Rad Beograd,1,4,3,5,1,4,5,5,3,6,3,8,5,13,11,19
198,serbia2,Radnicki B.,1,4,1,4,2,5,3,6,3,3,3,10,4,13,9,19
199,serbia2,S. Mitrovica,3,5,2,6,2,0,3,2,1,4,4,5,7,11,8,11
200,serbia2,Sloboda Uzice,2,5,1,0,3,7,1,3,5,3,3,6,6,12,9,12
201,serbia2,Trajal Krusevac,3,2,0,3,1,7,0,3,2,3,5,7,4,12,7,13
202,serbia2,Z. Cajetina,0,1,3,4,2,4,2,4,4,5,3,10,5,9,9,19
203,serbia2,Z. Pancevo,3,2,2,4,2,0,2,6,3,2,4,0,7,6,9,8
204,germany,Bayern Munich,8,2,6,0,12,3,4,4,5,5,4,7,26,5,13,16
205,germany,Bochum,4,7,1,8,0,7,3,6,2,6,2,6,5,22,7,18
206,germany,Dortmund,2,7,3,6,7,2,4,5,2,1,10,6,12,15,16,12
207,germany,E. Frankfurt,4,8,4,3,4,8,5,3,5,5,1,7,12,19,11,15
208,germany,FC Augsburg,8,7,4,7,4,9,2,3,2,7,6,6,16,23,10,16
209,germany,FC Koln,3,6,3,4,8,6,1,5,1,7,5,6,14,16,7,18
210,germany,Freiburg,1,3,1,3,4,5,8,8,7,3,2,9,6,11,17,20
211,germany,FSV Mainz,2,5,4,4,5,8,4,5,2,2,6,6,11,17,12,13
212,germany,Hertha Berlin,0,6,3,8,2,8,3,7,4,3,6,10,5,22,13,20
213,germany,Hoffenheim,2,5,2,6,5,4,6,1,2,4,3,8,9,15,11,13
214,germany,Leverkusen,1,2,2,5,4,4,6,4,6,3,3,8,7,11,15,15
215,germany,Monchengladbach,3,7,1,7,3,3,2,3,4,4,6,13,7,17,12,20
216,germany,RB Leipzig,5,1,1,4,3,8,1,6,6,2,10,2,9,13,17,10
217,germany,Schalke 04,0,2,3,7,1,3,2,7,0,4,6,12,4,12,8,23
218,germany,Stuttgart,1,7,2,6,6,5,2,7,5,3,6,7,9,18,13,17
219,germany,Union Berlin,2,4,1,4,4,8,3,4,5,2,6,5,7,16,14,11
220,germany,Werder Bremen,2,6,6,5,1,3,2,6,3,2,11,14,9,14,16,22
221,germany,Wolfsburg,3,2,3,3,5,5,5,4,3,4,4,5,11,10,12,13
222,germany2,Bielefeld,7,5,2,5,3,4,4,4,1,9,5,6,12,14,10,19
223,germany2,Braunschweig,4,5,2,5,0,3,7,5,4,6,2,13,6,13,13,24
224,germany2,Darmstadt,5,3,3,1,3,1,6,3,0,5,6,7,11,5,12,15
225,germany2,Dusseldorf,2,1,3,4,3,3,6,5,3,5,5,6,8,8,14,16
226,germany2,FC Nurnberg,2,3,2,7,0,9,5,3,1,3,4,7,4,19,10,13
227,germany2,Greuther Furth,2,5,4,3,5,4,1,5,2,9,5,5,11,12,8,19
228,germany2,Hamburger SV,5,4,4,5,6,3,1,2,6,4,10,7,15,12,17,13
229,germany2,Hannover 96,5,5,2,5,5,3,4,5,2,5,5,6,12,13,11,16
230,germany2,Hansa Rostock,1,2,2,7,3,1,3,5,2,3,3,5,6,10,8,13
231,germany2,Heidenheim,1,0,4,2,7,3,6,6,4,2,4,7,12,5,14,15
232,germany2,Holstein Kiel,2,7,8,4,5,4,6,5,5,7,3,5,15,15,14,17
233,germany2,Kaiserslautern,0,3,1,3,2,5,7,4,3,4,8,3,3,11,18,11
234,germany2,Karlsruher SC,6,0,5,2,3,6,4,7,5,8,1,5,14,8,10,20
235,germany2,Magdeburg,5,4,3,2,3,5,4,4,4,13,6,5,11,11,14,22
236,germany2,Paderborn,1,4,6,1,4,7,3,5,3,2,5,5,11,12,11,12
237,germany2,Regensburg,3,2,1,7,3,4,5,3,1,4,4,10,7,13,10,17
238,germany2,Sandhausen,6,3,2,1,2,5,1,5,4,5,2,11,10,9,7,21
239,germany2,Sankt Pauli,2,4,5,4,9,5,2,6,6,1,7,8,16,13,15,15
240,australia,Adelaide Utd,6,2,2,2,5,6,4,11,3,2,7,6,13,10,14,19
241,australia,Brisbane Roar,1,3,1,3,2,3,3,4,1,2,6,7,4,9,10,13
242,australia,Central Coast,1,2,6,4,3,3,3,6,6,1,5,2,10,9,14,9
243,australia,Macarthur FC,2,4,1,3,2,4,2,3,3,12,3,6,5,11,8,21
244,australia,Melbourne City,2,1,8,5,1,3,3,3,6,2,4,3,11,9,13,8
245,australia,Melbourne V.,0,4,0,1,2,6,4,3,2,0,4,6,2,11,10,9
246,australia,Newcastle Jets,2,1,2,3,1,6,2,4,1,3,1,6,5,10,4,13
247,australia,Perth Glory,0,2,3,5,3,5,2,3,1,5,2,5,6,12,5,13
248,australia,Sydney FC,3,4,3,5,8,2,1,2,1,1,4,3,14,11,6,6
249,australia,Wellington,4,3,1,5,2,6,3,5,2,3,3,3,7,14,8,11
250,australia,Western Sydney,1,1,2,1,5,3,2,2,6,6,3,4,8,5,11,12
251,australia,Western United,2,3,5,4,2,3,3,5,3,3,5,6,9,10,11,14
252,brazil,America MG,3,2,1,3,0,6,2,1,1,3,2,4,4,11,5,8
253,brazil,Athletico PR,2,2,0,2,0,0,1,1,1,1,4,5,2,4,6,7
254,brazil,Atletico MG,1,2,1,1,2,1,1,2,1,1,3,0,4,4,5,3
255,brazil,Bahia,0,2,1,2,2,1,1,5,0,1,0,1,3,5,1,7
256,brazil,Botafogo,0,0,3,1,2,3,1,2,2,0,4,2,5,4,7,4
257,brazil,Bragantino,1,1,1,2,1,1,2,3,1,3,2,0,3,4,5,6
258,brazil,Corinthians,0,1,3,1,1,3,0,0,0,2,1,5,4,5,1,7
259,brazil,Coritiba,0,2,2,2,2,2,1,4,2,5,1,4,4,6,4,13
260,brazil,Cruzeiro,2,0,1,1,3,1,0,0,2,2,4,1,6,2,6,3
261,brazil,Cuiaba,0,3,1,0,2,0,2,1,0,1,2,2,3,3,4,4
262,brazil,Flamengo,2,0,4,2,3,3,2,4,1,1,1,4,9,5,4,9
263,brazil,Fluminense,1,0,0,3,2,2,4,2,2,1,0,4,3,5,6,7
264,brazil,Fortaleza,0,3,1,0,1,2,1,0,0,2,4,3,2,5,5,5
265,brazil,Goias,0,2,2,3,2,3,0,4,2,0,1,2,4,8,3,6
266,brazil,Gremio,2,0,0,4,2,1,1,1,1,4,1,1,4,5,3,6
267,brazil,Internacional,1,3,0,2,0,3,1,1,2,2,2,1,1,8,5,4
268,brazil,Palmeiras,2,0,1,1,1,2,3,0,1,2,4,1,4,3,8,3
269,brazil,Santos,0,0,1,2,0,3,1,1,0,3,1,3,1,5,2,7
270,brazil,Sao Paulo,3,3,0,0,0,3,0,0,0,1,2,2,3,6,2,3
271,brazil,Vasco da Gama,3,1,1,2,1,3,0,2,0,0,2,5,5,6,2,7
272,colombia,A. Bucaramanga,1,3,2,1,0,2,0,0,1,3,1,2,3,6,2,5
273,colombia,A. Nacional,2,0,0,0,3,1,2,1,0,1,1,1,5,1,3,3
274,colombia,A. Petrolera,1,0,2,0,0,2,0,2,0,1,1,2,3,2,1,5
275,colombia,America de Cali,1,1,1,1,3,4,1,2,2,2,3,2,5,6,6,6
276,colombia,Atletico Huila,0,1,1,2,3,5,2,1,0,4,2,3,4,8,4,8
277,colombia,Boyaca Chico,1,2,2,3,2,1,0,0,1,2,1,2,5,6,2,4
278,colombia,D. Pereira,3,3,1,1,1,1,1,3,2,2,0,2,5,5,3,7
279,colombia,Deportes Tolima,1,2,2,2,2,6,1,0,1,1,0,3,5,10,2,4
280,colombia,Deportivo Cali,0,2,1,4,2,2,3,1,0,2,1,2,3,8,4,5
281,colombia,Deportivo Pasto,0,2,1,1,0,3,1,2,2,1,5,3,1,6,8,6
282,colombia,Envigado,0,0,0,0,0,2,1,1,2,1,0,2,0,2,3,4
283,colombia,I. Medelin,0,2,4,0,2,3,2,4,0,2,3,2,6,5,5,8
284,colombia,Jaguares de C.,0,1,0,1,0,1,0,1,1,1,2,5,0,3,3,7
285,colombia,Junior,1,1,2,0,0,2,0,2,3,1,1,4,3,3,4,7
286,colombia,La Equidad,1,1,0,1,1,3,1,0,0,1,2,3,2,5,3,4
287,colombia,Millonarios,1,1,3,1,0,3,2,0,2,1,2,1,4,5,6,2
288,colombia,Once Caldas,1,0,0,3,0,1,1,2,0,2,2,2,1,4,3,6
289,colombia,R. Aguilas,0,2,4,2,2,3,2,2,0,1,2,3,6,7,4,6
290,colombia,Santa Fe,2,1,2,5,3,5,1,1,2,2,1,1,7,11,4,4
291,colombia,Union Magdalena,0,1,0,3,1,0,1,2,1,3,0,2,1,4,2,7
292,chile,Audax Italiano,1,0,1,3,2,0,2,0,2,1,1,7,4,3,5,8
293,chile,Cobresal,2,3,2,3,2,2,1,1,2,0,2,2,6,8,5,3
294,chile,Colo-Colo,3,1,0,0,0,2,1,1,3,2,1,4,3,3,5,7
295,chile,Copiapo,1,1,1,2,1,2,0,1,0,1,1,1,3,5,1,3
296,chile,Coquimbo Unido,1,0,2,3,0,1,0,2,1,1,4,2,3,4,5,5
297,chile,Curico Unido,0,0,1,2,1,2,1,1,3,0,1,6,2,4,5,7
298,chile,Everton,1,3,1,2,1,4,3,3,0,1,3,0,3,9,6,4
299,chile,Huachipato,1,1,2,1,2,1,1,0,3,1,2,2,5,3,6,3
300,chile,Magallanes,0,3,0,2,2,1,1,1,4,2,0,4,2,6,5,7
301,chile,Nublense,1,1,1,1,2,0,0,1,0,0,1,2,4,2,1,3
302,chile,O`Higgins,1,0,1,2,0,2,2,1,0,1,4,0,2,4,6,2
303,chile,Palestino,0,2,1,4,1,1,2,2,2,0,1,3,2,7,5,5
304,chile,U. Catolica,0,1,0,0,3,2,2,0,2,0,2,2,3,3,6,2
305,chile,U. de Chile,1,1,1,0,1,0,0,0,4,2,1,2,3,1,5,4
306,chile,Union Espanola,1,0,0,0,3,2,0,1,0,1,0,1,4,2,0,3
307,chile,Union La Calera,1,0,1,4,2,3,0,0,2,1,1,0,4,7,3,1
308,chile2,Antofagasta,0,0,1,0,0,1,1,1,0,1,0,5,1,1,1,7
309,chile2,Barnechea,0,2,0,2,0,0,2,2,1,0,1,3,0,4,4,5
310,chile2,CD Santa Cruz,0,0,2,0,0,1,0,0,0,0,1,0,2,1,1,0
311,chile2,Cobreloa,0,0,0,0,0,0,0,1,0,0,0,0,0,0,0,1
312,chile2,D. Iquique,0,1,0,0,3,0,0,1,1,0,0,1,3,1,1,2
313,chile2,Deportes Temuco,1,0,1,1,0,0,0,1,1,0,0,0,2,1,1,1
314,chile2,La Serena,0,1,1,0,1,0,0,0,1,1,1,0,2,1,2,1
315,chile2,Puerto Montt,1,1,0,0,0,2,2,0,0,1,0,0,1,3,2,1
316,chile2,Rangers,3,0,0,0,0,1,1,1,0,0,0,1,3,1,1,2
317,chile2,Recoleta,1,0,0,0,0,2,0,1,0,1,1,1,1,2,1,3
318,chile2,S. Morning,0,1,0,0,0,1,0,0,0,0,1,1,0,2,1,1
319,chile2,S. Wanderers,0,1,0,0,1,2,0,0,0,1,0,3,1,3,0,4
320,chile2,San Luis,2,0,0,0,0,1,1,1,2,1,0,2,2,1,3,4
321,chile2,San Marcos,1,1,1,2,1,1,1,1,1,0,0,4,3,4,2,5
322,chile2,U. Concepcion,1,2,0,0,0,1,0,0,0,0,1,3,1,3,1,3
323,chile2,U. San Felipe,1,0,1,1,1,4,0,2,1,0,3,1,3,5,4,3
324,denmark,Brondby IF,0,1,1,0,0,0,0,0,1,0,0,0,1,1,1,0
325,denmark,FC Kobenhavn,0,0,0,0,1,0,1,0,0,1,0,0,1,0,1,1
326,denmark,Hvidovre,0,0,0,0,0,0,0,1,0,0,0,0,0,0,0,1
327,denmark,Randers FC,1,0,0,1,0,1,0,0,0,0,1,0,1,2,1,0
328,denmark,Vejle BK,0,0,0,1,0,0,0,0,0,0,0,0,0,1,0,0
329,denmark,Viborg,1,0,0,1,0,1,0,1,0,0,0,1,1,2,0,2
330,egypt,Al Ahly,5,1,7,1,3,3,6,0,6,0,7,2,15,5,19,2
331,egypt,Al Ittihad,1,3,2,6,2,6,2,3,4,5,8,6,5,15,14,14
332,egypt,Al Masry,4,0,0,4,4,5,2,3,5,1,1,3,8,9,8,7
333,egypt,Al Mokawloon,5,4,3,1,3,6,3,3,3,2,4,2,11,11,10,7
334,egypt,Aswan,2,3,2,4,4,3,0,5,2,4,3,2,8,10,5,11
335,egypt,Ceramica C.,1,6,2,3,2,2,3,4,2,1,5,1,5,11,10,6
336,egypt,El Daklyeh,0,2,4,4,2,6,2,2,4,3,6,5,6,12,12,10
337,egypt,El Geish,3,2,2,5,2,3,4,4,1,5,2,5,7,10,7,14
338,egypt,ENPPI,6,2,5,4,1,6,1,3,3,4,1,5,12,12,5,12
339,egypt,Future FC,2,2,2,0,1,6,6,1,3,3,5,3,5,8,14,7
340,egypt,Ghazl El M.,1,4,1,2,2,4,0,5,1,5,6,4,4,10,7,14
341,egypt,Haras El Hodood,4,3,1,2,1,1,0,4,1,5,3,10,6,6,4,19
342,egypt,Ismaily,3,5,2,1,4,6,1,3,3,3,4,4,9,12,8,10
343,egypt,National Bank,1,2,0,2,4,7,1,3,2,4,2,3,5,11,5,10
344,egypt,Pharco,1,1,0,4,5,5,1,1,1,1,2,4,6,10,4,6
345,egypt,Pyramids FC,2,1,4,5,4,2,3,1,3,2,3,4,10,8,9,7
346,egypt,Smouha,1,2,6,2,3,3,2,2,0,1,4,7,10,7,6,10
347,egypt,Zamalek,3,5,2,5,9,3,3,2,2,0,5,6,14,13,10,8
348,england,Arsenal,9,2,7,1,4,5,6,3,5,4,4,3,20,8,15,10
349,england,Aston Villa,1,6,6,2,0,6,3,3,4,4,4,4,7,14,11,11
350,england,Bournemouth,3,5,2,6,2,9,6,6,2,6,2,11,7,20,10,23
351,england,Brentford,1,7,3,8,5,2,3,4,5,2,6,5,9,17,14,11
352,england,Brighton,4,4,5,4,8,7,8,3,4,8,6,6,17,15,18,17
353,england,Chelsea,3,5,3,5,3,9,2,1,2,5,5,3,9,19,9,9
354,england,Crystal Palace,1,4,2,4,5,3,3,3,4,8,4,4,8,11,11,15
355,england,Everton,3,0,4,5,1,10,3,5,2,3,5,7,8,15,10,15
356,england,Fulham,1,2,6,4,2,4,6,3,4,3,5,8,9,10,15,14
357,england,Leeds Utd,5,3,1,8,3,4,4,6,1,11,8,9,9,15,13,26
358,england,Leicester City,7,7,1,6,5,7,4,7,4,9,7,5,13,20,15,21
359,england,Liverpool,5,4,3,6,7,3,3,9,7,5,4,3,15,13,14,17
360,england,Manchester City,4,2,4,1,8,3,8,1,8,3,2,6,16,6,18,10
361,england,Manchester Utd,4,5,2,4,5,5,3,5,0,6,8,8,11,14,11,19
362,england,Newcastle Utd,6,3,1,3,10,3,4,1,5,3,6,6,17,9,15,10
363,england,Nottm Forest,2,2,1,9,2,4,1,11,2,7,3,11,5,15,6,29
364,england,Southampton,5,1,1,8,2,12,4,3,2,5,3,7,8,21,9,15
365,england,Tottenham,3,8,1,7,7,1,5,8,10,6,7,8,11,16,22,22
366,england,West Ham Utd,3,2,2,7,4,4,1,7,5,7,1,4,9,13,7,18
367,england,Wolverhampton,3,5,2,6,1,6,1,8,2,7,3,6,6,17,6,21
368,england2,Birmingham City,7,4,4,12,1,5,4,4,3,6,4,3,12,21,11,13
369,england2,Blackburn,4,3,5,5,2,6,5,3,1,10,8,8,11,14,14,21
370,england2,Blackpool,1,6,4,3,5,8,2,4,4,8,4,9,10,17,10,21
371,england2,Bristol City,4,7,5,2,6,3,2,6,5,8,3,6,15,12,10,20
372,england2,Burnley,4,1,8,4,5,3,7,3,9,3,5,6,17,8,21,12
373,england2,Cardiff City,5,3,3,5,6,7,2,3,1,8,4,8,14,15,7,19
374,england2,Coventry City,3,6,4,0,3,7,7,4,5,1,6,4,10,13,18,9
375,england2,Huddersfield,2,6,3,6,3,10,2,1,5,5,6,9,8,22,13,15
376,england2,Hull City,4,3,4,4,3,6,3,7,2,9,11,5,11,13,16,21
377,england2,Luton Town,6,4,0,2,4,3,9,3,4,0,3,6,10,9,16,9
378,england2,Middlesbrough,3,8,3,6,6,4,13,10,8,5,5,4,12,18,26,19
379,england2,Millwall,5,6,4,3,3,1,2,6,4,8,5,4,12,10,11,18
380,england2,Norwich City,6,2,7,5,4,6,5,6,6,5,2,3,17,13,13,14
381,england2,Preston,2,4,4,2,2,5,6,7,6,5,5,8,8,11,17,20
382,england2,QP Rangers,1,10,4,5,2,6,6,2,3,5,7,8,7,21,16,15
383,england2,Reading,1,9,2,3,2,7,2,9,3,4,5,12,5,19,10,25
384,england2,Rotherham,3,3,1,2,4,5,1,5,2,7,1,8,8,10,4,20
385,england2,Sheffield Utd,3,6,4,1,3,1,7,4,6,3,3,5,10,8,16,12
386,england2,Stoke City,2,6,4,2,7,6,5,3,6,6,6,4,13,14,17,13
387,england2,Sunderland,2,2,2,4,5,7,8,5,8,1,10,3,9,13,26,9
388,england2,Swansea City,4,4,2,9,6,5,3,7,5,2,10,5,12,18,18,14
389,england2,Watford,3,5,3,4,4,6,3,1,3,5,5,9,10,15,11,15
390,england2,West Brom,4,7,5,5,3,4,7,5,8,5,1,7,12,16,16,17
391,england2,Wigan Athletic,3,4,5,4,2,5,2,6,2,3,7,8,10,13,11,17
392,england3,Accrington,0,6,2,5,2,7,2,12,1,4,6,4,4,18,9,20
393,england3,Barnsley,7,2,5,4,5,3,2,5,8,7,8,2,17,9,18,14
394,england3,Bolton,6,4,3,3,4,4,6,3,5,2,6,7,13,11,17,12
395,england3,Bristol Rovers,5,8,7,8,6,3,2,10,8,2,3,6,18,19,13,18
396,england3,Burton Albion,3,5,2,5,4,8,5,10,6,7,9,11,9,18,20,28
397,england3,Cambridge Utd,1,4,2,5,5,7,3,8,2,8,4,10,8,16,9,26
398,england3,Charlton,5,6,6,3,4,5,1,5,5,7,5,9,15,14,11,21
399,england3,Cheltenham,2,4,2,6,5,7,3,4,3,6,5,7,9,17,11,17
400,england3,Derby County,5,4,3,1,5,5,4,3,2,4,8,9,13,10,14,16
401,england3,Exeter City,4,4,5,10,6,5,4,8,3,7,6,7,15,19,13,22
402,england3,Fleetwood,6,6,6,4,3,3,2,5,1,3,10,5,15,13,13,13
403,england3,Forest Green,1,10,3,5,3,8,5,8,2,6,2,10,7,23,9,24
404,england3,Ipswich Town,3,1,4,1,10,4,8,3,6,7,10,6,17,6,24,16
405,england3,Lincoln City,4,3,7,7,5,6,6,5,2,7,1,2,16,16,9,14
406,england3,Milton Keynes,4,5,3,10,5,4,2,6,6,5,4,3,12,19,12,14
407,england3,Morecambe,2,6,0,8,3,11,4,8,1,6,7,8,5,25,12,22
408,england3,Oxford Utd,4,1,2,3,3,7,4,3,4,5,3,6,9,11,11,14
409,england3,Peterborough,6,0,7,6,6,4,5,6,8,4,5,9,19,10,18,19
410,england3,Plymouth,4,4,5,4,6,7,3,6,10,2,10,8,15,15,23,16
411,england3,Port Vale,3,6,1,7,4,9,4,3,4,10,9,6,8,22,17,19
412,england3,Portsmouth,2,3,6,6,2,4,6,4,4,6,7,5,10,13,17,15
413,england3,Sheffield Wed,7,4,6,1,6,4,1,4,4,5,8,3,19,9,13,12
414,england3,Shrewsbury,2,3,5,4,1,7,4,3,3,7,5,5,8,14,12,15
415,england3,Wycombe,5,3,3,4,7,8,2,1,4,6,6,5,15,15,12,12
416,england4,AFC Wimbledon,6,6,3,1,4,4,4,4,2,9,3,6,13,11,9,19
417,england4,Barrow,3,4,4,6,4,3,3,5,0,8,4,8,11,13,7,21
418,england4,Bradford,5,0,3,4,2,3,7,2,6,5,5,6,10,7,18,13
419,england4,Carlisle Utd,7,1,3,6,4,2,7,6,4,3,7,4,14,9,18,13
420,england4,Colchester Utd,4,3,6,4,2,4,1,3,0,6,6,8,12,11,7,17
421,england4,Crawley Town,3,7,1,2,5,5,1,13,6,5,1,9,9,14,8,27
422,england4,Crewe Alexandra,1,2,2,6,3,6,3,9,3,3,4,8,6,14,10,20
423,england4,Doncaster,2,4,0,1,3,8,4,9,6,3,4,10,5,13,14,22
424,england4,Gillingham,6,4,1,4,2,4,0,7,2,4,4,6,9,12,6,17
425,england4,Grimsby,2,4,5,3,4,4,1,6,4,5,9,9,11,11,14,20
426,england4,Harrogate,6,9,2,3,2,12,8,1,3,4,7,7,10,24,18,12
427,england4,Hartlepool,0,6,4,8,5,9,0,11,8,5,8,3,9,23,16,19
428,england4,Leyton Orient,4,6,9,3,6,2,4,4,3,0,3,6,19,11,10,10
429,england4,Mansfield,3,5,7,7,7,4,5,3,6,2,7,3,17,16,18,8
430,england4,Newport,4,4,6,2,2,7,2,7,4,2,8,4,12,13,14,13
431,england4,Northampton,4,2,5,1,4,8,5,2,4,3,9,6,13,11,18,11
432,england4,Rochdale,2,6,4,3,2,10,3,3,3,6,3,4,8,19,9,13
433,england4,Salford City,5,4,7,4,4,5,9,2,3,8,16,8,16,13,28,18
434,england4,Stevenage,1,6,7,2,1,4,4,4,3,2,5,5,9,12,12,11
435,england4,Stockport,3,1,5,0,5,4,9,8,5,3,6,5,13,5,20,16
436,england4,Sutton Utd,5,5,3,6,5,8,1,5,5,6,1,7,13,19,7,18
437,england4,Swindon Town,7,5,5,6,4,3,5,3,4,1,5,13,16,14,14,17
438,england4,Tranmere,4,2,3,4,3,10,2,2,2,6,4,4,10,16,8,12
439,england4,Walsall,0,8,2,3,3,6,6,4,4,4,3,5,5,17,13,13
440,france,AC Ajaccio,1,8,2,10,1,6,3,5,3,7,3,8,4,24,9,20
441,france,Angers,0,9,4,5,3,12,2,8,2,6,2,5,7,26,6,19
442,france,Auxerre,2,7,2,4,4,4,1,6,4,6,4,8,8,15,9,20
443,france,Brest,4,1,3,3,2,5,3,6,6,6,2,7,9,9,11,19
444,france,Clermont,1,0,3,5,6,6,5,3,4,6,6,1,10,11,15,10
445,france,Lens,3,2,5,2,7,5,4,3,0,3,8,1,15,9,12,7
446,france,Lille,1,3,2,5,4,2,4,0,4,4,10,5,7,10,18,9
447,france,Lorient,5,3,3,5,5,5,4,6,2,6,7,7,13,13,13,19
448,france,Lyon,0,3,5,4,10,5,3,6,3,6,9,4,15,12,15,16
449,france,Marseille,4,2,3,0,8,3,8,2,1,4,8,5,15,5,17,11
450,france,Monaco,3,1,5,3,7,3,7,4,3,9,8,5,15,7,18,18
451,france,Montpellier,8,4,4,4,4,7,6,4,6,8,8,6,16,15,20,18
452,france,Nantes,2,4,1,7,4,4,2,3,1,4,7,7,7,15,10,14
453,france,Nice,4,6,5,5,4,2,3,2,5,0,3,4,13,13,11,6
454,france,Paris SG,9,2,8,2,6,2,7,4,3,1,11,4,23,6,21,9
455,france,Reims,2,5,2,1,3,5,3,4,1,3,6,4,7,11,10,11
456,france,Rennes,3,3,2,4,8,4,6,4,4,6,3,4,13,11,13,14
457,france,Strasbourg,3,6,5,6,6,8,5,5,2,4,5,4,14,20,12,13
458,france,Toulouse,3,5,2,2,5,3,5,8,5,4,4,8,10,10,14,20
459,france,Troyes,4,10,6,4,2,8,4,9,2,11,8,9,12,22,14,29
460,italy,AC Milan,4,4,2,3,4,5,2,2,5,4,6,5,10,12,13,11
461,italy,AS Roma,3,4,3,4,4,3,1,1,5,3,6,8,10,11,12,12
462,italy,Atalanta,1,4,2,4,8,2,8,4,3,3,6,5,11,10,17,12
463,italy,Bologna,4,5,3,6,4,6,6,7,4,7,8,4,11,17,18,18
464,italy,Cremonese,2,6,2,7,1,8,5,3,4,5,7,9,5,21,16,17
465,italy,Empoli,2,5,2,1,2,4,2,3,2,5,5,8,6,10,9,16
466,italy,Fiorentina,5,3,2,2,2,5,8,4,1,4,5,3,9,10,14,11
467,italy,Hellas Verona,3,3,0,6,2,4,1,2,4,5,1,7,5,13,6,14
468,italy,Inter Milan,6,2,3,3,7,2,4,7,7,2,7,12,16,7,18,21
469,italy,Juventus,1,2,2,3,4,3,3,5,5,4,3,1,7,8,11,10
470,italy,Lazio,5,0,5,2,4,1,5,3,3,1,6,5,14,3,14,9
471,italy,Lecce,1,3,0,3,7,7,2,4,2,3,3,2,8,13,7,9
472,italy,Monza,2,2,4,4,2,6,6,4,3,8,6,6,8,12,15,18
473,italy,Napoli,3,2,6,3,7,0,7,5,6,2,8,1,16,5,21,8
474,italy,Salernitana,4,4,2,5,2,8,4,7,2,5,4,7,8,17,10,19
475,italy,Sampdoria,2,5,3,6,3,9,1,5,2,9,1,9,8,20,4,23
476,italy,Sassuolo,5,5,5,8,4,5,3,8,3,2,3,10,14,18,9,20
477,italy,Spezia,2,2,3,6,2,6,3,5,3,4,0,9,7,14,6,18
478,italy,Torino,2,2,6,2,7,5,1,2,5,5,6,6,15,9,12,13
479,italy,Udinese,1,6,2,2,4,6,1,6,2,3,7,5,7,14,10,14
480,italy2,Ascoli,2,0,3,4,2,4,1,5,6,3,6,9,7,8,13,17
481,italy2,Bari,3,2,4,2,6,4,3,1,4,3,8,6,13,8,15,10
482,italy2,Benevento,1,4,6,3,3,4,2,3,1,1,4,9,10,11,7,13
483,italy2,Brescia,2,7,2,5,1,6,2,7,4,4,8,6,5,18,14,17
484,italy2,Cagliari,4,2,2,2,4,4,2,1,3,2,7,6,10,8,12,9
485,italy2,Cittadella,2,2,2,6,2,2,1,5,4,5,4,3,6,10,9,13
486,italy2,Como,3,3,4,6,2,5,1,6,1,4,8,4,9,14,10,14
487,italy2,Cosenza,1,5,2,6,0,4,2,8,0,7,5,5,3,15,7,20
488,italy2,Frosinone,2,1,3,5,5,5,3,1,7,2,8,1,10,11,18,4
489,italy2,Genoa,4,1,3,1,5,6,2,5,2,3,8,2,12,8,12,10
490,italy2,Modena,1,2,6,7,3,4,3,8,1,6,7,8,10,13,11,22
491,italy2,Palermo,3,6,3,4,8,5,5,4,1,8,3,5,14,15,9,17
492,italy2,Parma,3,6,6,3,6,2,1,6,4,2,2,4,15,11,7,12
493,italy2,Perugia,1,3,2,5,5,6,3,5,4,4,3,3,8,14,10,12
494,italy2,Pisa,2,3,3,0,2,5,2,4,3,7,9,2,7,8,14,13
495,italy2,Reggina,2,2,5,2,4,5,4,4,2,3,4,7,11,9,10,14
496,italy2,SPAL,1,5,2,3,3,5,4,2,5,4,1,5,6,13,10,11
497,italy2,Sudtirol,3,2,3,2,3,4,3,1,0,5,5,2,9,8,8,8
498,italy2,Ternana,1,6,1,3,4,9,3,4,2,5,5,4,6,18,10,13
499,italy2,Venezia,1,5,2,1,4,4,2,4,5,4,8,5,7,10,15,13
500,japan,Albirex Niigata,3,3,2,1,1,3,1,1,1,1,1,3,6,7,3,5
501,japan,Avispa Fukuoka,0,3,4,1,1,2,2,2,1,3,1,3,5,6,4,8
502,japan,C. Sapporo,5,3,3,1,6,2,1,5,4,5,5,5,14,6,10,15
503,japan,Cerezo Osaka,3,0,3,1,2,3,3,2,0,3,4,3,8,4,7,8
504,japan,FC Tokyo,1,2,2,5,1,4,1,2,1,2,2,3,4,11,4,7
505,japan,Gamba Osaka,1,1,2,3,3,5,3,5,1,4,0,4,6,9,4,13
506,japan,K. Frontale,1,3,3,4,3,2,2,5,2,2,5,1,7,9,9,8
507,japan,Kashima Antlers,4,2,3,2,4,2,1,2,2,2,3,0,11,6,6,4
508,japan,Kashiwa Reysol,0,2,2,2,1,4,2,2,2,1,0,4,3,8,4,7
509,japan,Kyoto Sanga,1,3,1,0,3,0,3,3,4,6,2,4,5,3,9,13
510,japan,Nagoya G.,3,1,0,2,3,1,3,1,2,1,2,5,6,4,7,7
511,japan,S. Hiroshima,2,0,0,3,1,1,2,3,2,3,4,2,3,4,8,8
512,japan,Sagan Tosu,1,0,2,1,2,1,3,4,5,1,3,3,5,2,11,8
513,japan,Shonan Bellmare,1,2,0,4,2,3,5,2,4,3,2,7,3,9,11,12
514,japan,Urawa RD,1,2,1,2,2,0,1,1,1,2,3,1,4,4,5,4
515,japan,Vissel Kobe,3,0,4,0,1,0,6,1,2,3,4,3,8,0,12,7
516,japan,Yokohama FC,1,3,0,3,2,3,0,3,2,4,2,6,3,9,4,13
517,japan,Yokohama M.,3,3,2,3,7,3,1,2,2,1,4,3,12,9,7,6
518,japan2,Blaublitz Akita,1,2,1,2,1,6,3,2,0,3,8,3,3,10,11,8
519,japan2,Fagiano Okayama,0,1,4,0,2,2,3,3,0,2,5,5,6,3,8,10
520,japan2,Fujieda MYFC,6,4,3,4,8,3,2,4,2,4,3,5,17,11,7,13
521,japan2,Iwaki,2,4,2,1,2,3,3,5,1,3,4,8,6,8,8,16
522,japan2,JEF Utd Chiba,2,3,3,3,2,3,2,3,2,6,4,4,7,9,8,13
523,japan2,Jubilo Iwata,6,2,2,0,3,1,4,2,2,3,4,4,11,3,10,9
524,japan2,Kusatsu,2,4,3,2,2,5,4,3,3,2,4,3,7,11,11,8
525,japan2,M. Yamagata,2,4,0,1,4,2,1,4,5,4,6,7,6,7,12,15
526,japan2,Machida Zelvia,2,0,2,1,3,2,2,0,1,2,7,2,7,3,10,4
527,japan2,Mito Hollyhock,2,1,1,2,2,5,3,1,1,6,3,3,5,8,7,10
528,japan2,Oita Trinita,1,2,1,2,2,4,3,2,5,2,2,5,4,8,10,9
529,japan2,Omiya Ardija,1,1,1,3,2,4,1,4,1,5,1,8,4,8,3,17
530,japan2,R. Kumamoto,4,1,4,2,3,0,3,2,3,2,3,4,11,3,9,8
531,japan2,R. Yamaguchi,2,4,2,1,0,3,0,0,5,5,1,5,4,8,6,10
532,japan2,Shimizu S-Pulse,3,2,4,0,3,4,2,2,3,2,8,3,10,6,13,7
533,japan2,Tochigi SC,2,1,0,2,2,2,0,2,2,2,0,7,4,5,2,11
534,japan2,Tokushima V.,4,0,3,1,1,3,4,5,0,5,2,5,8,4,6,15
535,japan2,Tokyo Verdy,7,1,2,2,2,3,3,2,7,2,6,1,11,6,16,5
536,japan2,Vegalta Sendai,0,2,2,1,3,4,5,4,6,2,1,5,5,7,12,11
537,japan2,Ventforet Kofu,1,0,2,2,6,4,4,2,3,3,4,6,9,6,11,11
538,japan2,V-V. Nagasaki,0,3,4,4,2,4,3,4,5,3,4,4,6,11,12,11
539,japan2,Z. Kanazawa,1,5,3,1,2,9,2,7,1,4,2,7,6,15,5,18
540,netherlands,Ajax Amsterdam,5,3,8,1,8,7,5,5,7,2,6,6,21,11,18,13
541,netherlands,AZ Alkmaar,2,4,8,0,7,4,5,1,4,1,6,5,17,8,15,7
542,netherlands,Cambuur,2,5,2,4,0,10,2,5,1,4,5,8,4,19,8,17
543,netherlands,Excelsior,3,8,0,7,2,6,1,7,1,7,3,10,5,21,5,24
544,netherlands,FC Emmen,1,8,0,8,3,6,7,6,3,4,3,10,4,22,13,20
545,netherlands,FC Groningen,2,5,0,4,2,3,1,6,5,9,1,14,4,12,7,29
546,netherlands,FC Twente,3,2,0,2,2,3,3,3,6,5,6,1,5,7,15,9
547,netherlands,FC Utrecht,5,4,2,3,7,9,2,4,9,5,10,10,14,16,21,19
548,netherlands,FC Volendam,3,5,2,6,2,8,3,7,3,7,0,6,7,19,6,20
549,netherlands,Feyenoord,5,4,10,5,8,3,4,3,9,2,8,3,23,12,21,8
550,netherlands,Fortuna Sittard,3,2,1,7,1,6,1,8,4,2,8,9,5,15,13,19
551,netherlands,Go Ahead Eagles,2,6,3,3,4,7,2,4,2,6,5,7,9,16,9,17
552,netherlands,Heerenveen,2,3,5,1,4,4,4,6,2,5,6,5,11,8,12,16
553,netherlands,NEC Nijmegen,0,3,4,2,3,3,1,3,2,2,4,4,7,8,7,9
554,netherlands,PSV Eindhoven,5,1,3,3,9,5,7,4,5,3,6,10,17,9,18,17
555,netherlands,RKC Waalwijk,2,3,1,2,2,8,2,7,5,7,4,11,5,13,11,25
556,netherlands,Sparta,2,4,4,2,5,3,6,2,4,4,7,4,11,9,17,10
557,netherlands,Vitesse Arnhem,1,5,5,4,5,3,2,2,3,3,5,8,11,12,10,13
558,netherlands2,ADO Den Haag,3,4,3,4,6,6,2,2,3,8,4,2,12,14,9,12
559,netherlands2,Almere City,0,6,6,2,6,4,6,1,6,6,5,1,12,12,17,8
560,netherlands2,De Graafschap,6,4,5,3,2,7,8,7,6,8,6,5,13,14,20,20
561,netherlands2,FC Den Bosch,2,10,0,7,5,9,4,7,1,10,4,9,7,26,9,26
562,netherlands2,FC Dordrecht,5,5,0,6,6,8,2,5,3,8,2,8,11,19,7,21
563,netherlands2,FC Eindhoven,3,4,3,2,2,4,4,6,2,9,7,6,8,10,13,21
564,netherlands2,Helmond Sport,2,3,0,4,3,7,4,9,2,3,2,6,5,14,8,18
565,netherlands2,Heracles Almelo,7,3,6,3,4,4,7,5,5,4,13,6,17,10,25,15
566,netherlands2,Jong Ajax,3,3,4,7,8,4,7,7,0,11,6,9,15,14,13,27
567,netherlands2,Jong AZ,1,6,2,2,1,8,4,6,5,2,10,10,4,16,19,18
568,netherlands2,Jong PSV,2,5,4,8,5,7,4,5,2,1,8,8,11,20,14,14
569,netherlands2,Jong Utrecht,3,6,2,9,1,6,2,4,4,8,3,11,6,21,9,23
570,netherlands2,MVV Maastricht,1,6,5,8,6,4,5,9,4,5,2,10,12,18,11,24
571,netherlands2,NAC Breda,3,5,6,7,5,3,7,8,6,7,3,7,14,15,16,22
572,netherlands2,PEC Zwolle,11,5,4,4,11,3,2,2,6,5,7,6,26,12,15,13
573,netherlands2,Roda JC,1,8,3,7,3,6,2,4,3,4,10,4,7,21,15,12
574,netherlands2,Telstar,3,4,4,4,0,4,3,2,2,2,5,11,7,12,10,15
575,netherlands2,TOP Oss,3,4,4,8,3,6,4,3,2,8,2,10,10,18,8,21
576,netherlands2,VVV,3,4,2,6,6,2,5,4,6,8,10,5,11,12,21,17
577,netherlands2,Willem II,6,2,8,5,2,3,5,2,4,3,6,8,16,10,15,13
578,norway,Aalesund,1,1,0,3,2,4,0,3,1,4,0,7,3,8,1,14
579,norway,Bodo / Glimt,5,2,3,1,3,1,5,2,2,0,2,2,11,4,9,4
580,norway,Brann,1,2,1,1,2,4,1,1,1,3,4,4,4,7,6,8
581,norway,HamKam,1,1,1,4,2,3,0,5,1,6,4,5,4,8,5,16
582,norway,Haugesund,1,0,1,1,0,3,0,4,1,4,0,1,2,4,1,9
583,norway,Lillestrom,0,2,2,2,0,0,1,2,1,0,5,3,2,4,7,5
584,norway,Molde,3,2,2,0,4,2,3,4,2,2,2,2,9,4,7,8
585,norway,Odd,1,1,1,0,1,1,1,3,2,2,3,4,3,2,6,9
586,norway,Rosenborg,1,4,2,1,1,1,1,3,1,0,1,1,4,6,3,4
587,norway,Sandefjord,1,5,0,6,2,3,1,3,1,3,1,2,3,14,3,8
588,norway,Sarpsborg 08,1,3,4,2,2,0,3,1,0,2,2,6,7,5,5,9
589,norway,Stabaek,1,5,3,2,1,3,1,3,0,1,2,4,5,10,3,8
590,norway,Stromsgodset,0,0,1,3,2,1,0,1,4,2,2,5,3,4,6,8
591,norway,Tromso,0,0,1,1,2,2,3,0,3,1,1,2,3,3,7,3
592,norway,Valerenga,1,2,0,0,1,2,2,1,2,2,2,2,2,4,6,5
593,norway,Viking,2,1,1,3,0,0,1,1,1,0,5,5,3,4,7,6
594,norway2,Asane,1,3,3,0,2,2,1,2,0,1,2,3,6,5,3,6
595,norway2,Bryne,1,2,2,1,0,3,0,3,0,2,3,2,3,6,3,7
596,norway2,Fredrikstad,1,0,0,1,0,0,1,1,2,0,2,1,1,1,5,2
597,norway2,Hodd,2,0,1,1,1,1,2,4,3,3,1,4,4,2,6,11
598,norway2,Jerv,0,0,2,1,1,5,3,3,3,3,0,2,3,6,6,8
599,norway2,KFUM Oslo,2,1,1,1,3,2,1,2,3,3,2,3,6,4,6,8
600,norway2,Kongsvinger,0,2,1,0,2,3,2,1,2,0,2,4,3,5,6,5
601,norway2,Kristiansund,0,1,2,2,2,0,2,4,2,2,1,5,4,3,5,11
602,norway2,Mjondalen,0,2,1,2,1,3,3,1,0,3,6,1,2,7,9,5
603,norway2,Moss,1,2,2,1,1,1,2,4,1,0,3,7,4,4,6,11
604,norway2,Ranheim,2,0,0,3,3,3,1,2,0,2,0,3,5,6,1,7
605,norway2,Raufoss,0,2,0,2,1,3,1,2,0,2,3,2,1,7,4,6
606,norway2,Sandnes Ulf,2,2,2,2,5,3,0,1,0,0,3,1,9,7,3,2
607,norway2,Skeid,1,2,1,3,2,2,1,0,2,4,2,4,4,7,5,8
608,norway2,Sogndal,1,1,1,3,2,1,3,3,3,1,1,2,4,5,7,6
609,norway2,Start,1,0,1,1,2,1,4,6,3,1,2,5,4,2,9,12
610,scotland,Aberdeen,3,7,3,4,1,12,3,4,1,8,4,11,7,23,8,23
611,scotland,Celtic,9,2,4,1,10,4,12,6,5,3,16,4,23,7,33,13
612,scotland,Dundee Utd,3,8,2,2,2,7,4,4,4,5,2,9,7,17,10,18
613,scotland,Hearts,5,4,3,6,2,5,2,7,3,3,5,5,10,15,10,15
614,scotland,Hibernian,1,9,3,3,5,2,4,6,4,4,4,8,9,14,12,18
615,scotland,Kilmarnock,1,9,2,11,2,3,2,6,3,3,1,4,5,23,6,13
616,scotland,Livingston,3,3,0,5,3,13,2,3,4,9,2,5,6,21,8,17
617,scotland,Motherwell,3,1,3,5,4,5,8,2,3,7,6,3,10,11,17,12
618,scotland,Rangers,4,5,5,1,6,4,10,6,8,3,10,5,15,10,28,14
619,scotland,Ross County,1,2,0,6,2,6,3,6,5,5,4,5,3,14,12,16
620,scotland,St. Johnstone,4,3,2,5,3,8,3,4,3,5,8,9,9,16,14,18
621,scotland,St. Mirren,2,8,1,7,4,5,5,6,4,6,4,8,7,20,13,20
622,spain,Almeria,4,6,1,5,5,8,4,8,3,9,3,7,10,19,10,24
623,spain,Athletic Bilbao,4,2,5,6,3,2,4,4,4,9,5,5,12,10,13,18
624,spain,Atletico Madrid,2,2,8,1,2,4,6,1,4,2,7,8,12,7,17,11
625,spain,Cadiz,2,2,1,3,0,9,4,3,1,7,3,6,3,14,8,16
626,spain,Celta Vigo,2,7,3,2,3,4,3,7,2,4,4,8,8,13,9,19
627,spain,Elche,1,3,1,5,3,13,0,6,2,4,5,7,5,21,7,17
628,spain,Espanyol,2,2,3,7,3,6,4,4,8,6,5,9,8,15,17,19
629,spain,FC Barcelona,2,4,6,3,3,2,5,1,7,3,10,3,11,9,22,7
630,spain,Getafe,1,2,2,2,1,7,1,5,3,5,5,4,4,11,9,14
631,spain,Girona,2,7,3,5,5,7,5,4,3,2,5,4,10,19,13,10
632,spain,Mallorca,1,5,2,3,3,7,2,7,4,3,3,6,6,15,9,16
633,spain,Osasuna,2,0,4,2,2,8,1,2,3,5,1,4,8,10,5,11
634,spain,Rayo Vallecano,3,3,0,3,2,6,3,7,5,4,4,8,5,12,12,19
635,spain,Real Betis,4,7,2,2,3,5,1,2,5,3,5,4,9,14,11,9
636,spain,Real Madrid,5,5,3,2,5,4,2,3,6,3,10,3,13,11,18,9
637,spain,Real Sociedad,5,0,5,3,3,6,5,3,4,3,3,4,13,9,12,10
638,spain,Sevilla FC,5,2,3,4,2,4,6,6,2,6,5,7,10,10,13,19
639,spain,Valencia,2,3,4,2,1,3,3,9,2,3,3,6,7,8,8,18
640,spain,Valladolid,3,2,2,11,3,6,1,3,1,5,2,11,8,19,4,19
641,spain,Villarreal,3,1,1,3,2,7,3,5,4,5,10,1,6,11,17,11
642,spain2,Alaves,1,2,2,4,2,6,4,4,7,2,3,4,5,12,14,10
643,spain2,Albacete,5,2,2,7,6,5,5,5,4,4,6,5,13,14,15,14
644,spain2,Burgos,0,0,0,1,2,7,3,3,4,2,2,3,2,8,9,8
645,spain2,Cartagena,4,2,4,6,4,4,3,1,2,3,8,8,12,12,13,12
646,spain2,Eibar,2,0,2,5,2,8,6,2,3,3,6,5,6,13,15,10
647,spain2,FC Andorra,4,5,2,3,2,3,2,5,1,2,9,4,8,11,12,11
648,spain2,Granada,1,4,5,3,1,5,2,3,4,6,3,3,7,12,9,12
649,spain2,Huesca,0,4,1,4,6,2,3,4,1,3,2,6,7,10,6,13
650,spain2,Las Palmas,1,5,5,3,2,3,8,2,4,0,5,3,8,11,17,5
651,spain2,Leganes,0,3,1,3,3,5,2,4,5,4,3,4,4,11,10,12
652,spain2,Levante,4,1,3,3,5,3,3,3,3,7,3,2,12,7,9,12
653,spain2,Lugo,0,4,0,5,4,8,1,9,3,7,6,5,4,17,10,21
654,spain2,Malaga,1,2,3,1,6,2,2,3,0,10,5,9,10,5,7,22
655,spain2,Mirandes,1,1,2,4,2,5,8,2,0,4,3,10,5,10,11,16
656,spain2,Ponferradina,3,3,1,6,4,3,3,6,5,8,6,3,8,12,14,17
657,spain2,Racing,0,3,2,5,2,5,4,2,3,4,6,5,4,13,13,11
658,spain2,Real Oviedo,0,2,1,2,2,5,8,1,3,3,2,7,3,9,13,11
659,spain2,Real Zaragoza,1,2,2,2,2,5,4,3,3,6,3,5,5,9,10,14
660,spain2,Sporting Gijon,3,4,5,3,3,4,1,3,0,5,3,7,11,11,4,15
661,spain2,Tenerife,2,2,0,1,1,4,4,4,3,6,4,8,3,7,11,18
662,spain2,UD Ibiza,2,6,1,5,4,5,1,5,2,4,2,10,7,16,5,19
663,spain2,Villarreal B,2,5,1,5,2,5,5,3,2,4,5,9,5,15,12,16
664,sweden,AIK,2,3,1,1,3,1,1,1,0,2,0,2,6,5,1,5
665,sweden,Brommapojkarna,0,2,1,2,1,3,2,3,2,2,6,3,2,7,10,8
666,sweden,Degerfors,0,5,3,3,0,6,0,4,0,6,2,2,3,14,2,12
667,sweden,Djurgarden,0,1,0,2,2,2,1,3,3,2,2,4,2,5,6,9
668,sweden,Elfsborg,3,0,4,1,1,3,3,1,3,0,5,1,8,4,11,2
669,sweden,Hacken,1,0,1,1,2,2,4,2,4,1,2,3,4,3,10,6
670,sweden,Halmstad,0,1,1,2,2,0,2,3,1,4,4,4,3,3,7,11
671,sweden,Hammarby,0,3,0,1,3,5,2,4,3,1,0,4,3,9,5,9
672,sweden,IFK Goteborg,1,3,1,1,1,1,0,4,1,1,0,2,3,5,1,7
673,sweden,Kalmar,2,2,1,1,0,2,1,2,3,1,1,2,3,5,5,5
674,sweden,Malmo FF,3,2,1,1,1,2,2,1,1,0,5,1,5,5,8,2
675,sweden,Mjallby,1,2,1,0,3,2,1,3,0,1,1,2,5,4,2,6
676,sweden,Norrkoping,1,3,4,0,2,1,3,1,2,1,2,4,7,4,7,6
677,sweden,Sirius,0,3,2,3,2,2,2,2,1,1,2,0,4,8,5,3
678,sweden,Varberg BoIS,1,3,1,3,0,1,2,4,2,1,1,2,2,7,5,7
679,sweden,Varnamo,0,2,3,0,1,4,1,2,0,2,4,1,4,6,5,5
680,sweden2,AFC Eskilstuna,0,4,0,1,1,3,2,3,2,2,2,1,1,8,6,6
681,sweden2,Brage,1,2,0,3,1,4,2,1,1,3,0,1,2,9,3,5
682,sweden2,GAIS,2,0,2,1,1,2,1,0,1,0,2,2,5,3,4,2
683,sweden2,Gefle,2,1,1,1,1,2,1,2,0,1,0,3,4,4,1,6
684,sweden2,GIF Sundsvall,3,1,1,2,1,3,0,3,1,3,2,1,5,6,3,7
685,sweden2,Helsingborg,1,1,0,2,1,1,0,1,2,1,2,1,2,4,4,3
686,sweden2,Jonkopings,2,0,3,2,3,3,1,0,2,3,2,5,8,5,5,8
687,sweden2,Landskrona,0,2,0,1,0,2,1,2,2,3,1,2,0,5,4,7
688,sweden2,Orebro,0,2,1,1,2,4,2,1,0,2,2,5,3,7,4,8
689,sweden2,Orgryte,2,2,0,1,0,3,0,2,1,1,1,3,2,6,2,6
690,sweden2,Oster,3,0,1,1,2,3,3,4,3,4,3,1,6,4,9,9
691,sweden2,Ostersunds,0,0,4,1,0,0,1,3,1,0,2,3,4,1,4,6
692,sweden2,Skovde AIK,2,0,1,3,0,2,0,6,0,5,0,1,3,5,0,12
693,sweden2,Trelleborg,2,0,1,4,3,2,2,5,1,1,2,3,6,6,5,9
694,sweden2,Utsikten,0,0,1,1,2,0,6,3,1,1,2,0,3,1,9,4
695,sweden2,Vasteras,2,0,2,1,1,2,6,4,1,0,4,1,5,3,11,5
696,switzerland,FC Basel,0,0,0,0,1,1,0,0,0,0,0,1,1,1,0,1
697,switzerland,Lausanne Sport,0,0,0,0,0,0,1,1,0,0,0,1,0,0,1,2
698,switzerland,Luzern,0,0,0,0,0,0,0,0,0,0,0,0,0,0,0,0
699,switzerland,Servette,0,0,1,1,0,0,0,0,1,0,1,0,1,1,2,0
700,switzerland,Yverdon,0,0,0,1,0,0,0,1,0,0,0,0,0,1,0,1
701,switzerland2,Baden,0,1,0,0,0,0,0,0,0,0,0,0,0,1,0,0
702,switzerland2,Schaffhausen,0,0,0,2,0,0,0,1,0,0,0,0,0,2,0,1
703,switzerland2,Sion,0,0,1,0,0,0,1,0,0,0,0,0,1,0,1,0
704,switzerland2,Stade Nyonnais,0,0,0,0,1,0,0,0,0,0,0,1,1,0,0,1
705,switzerland2,Wil,1,0,0,0,0,0,0,0,1,0,0,0,1,0,1,0
706,turkey,Adana Demirspor,2,2,3,2,6,3,7,4,4,4,8,11,11,7,19,19
707,turkey,Alanyaspor,3,3,5,11,1,8,1,5,6,7,6,9,9,22,13,21
708,turkey,Ankaragucu,1,2,3,4,0,3,3,6,5,3,4,7,4,9,12,16
709,turkey,Antalyaspor,0,2,4,4,4,6,4,10,1,4,2,3,8,12,7,17
710,turkey,Basaksehir,3,2,3,3,4,4,3,4,3,2,7,5,10,9,13,11
711,turkey,Besiktas,5,1,6,5,7,3,5,4,6,2,8,6,18,9,19,12
712,turkey,F. Karagumruk,5,6,8,5,3,9,6,3,4,3,3,6,16,20,13,12
713,turkey,Fenerbahce,4,2,4,3,5,0,4,2,4,5,13,6,13,5,21,13
714,turkey,Galatasaray,3,0,3,4,8,2,5,1,4,1,13,4,14,6,22,6
715,turkey,Gaziantep,4,1,3,3,1,4,3,3,1,2,2,4,8,8,6,9
716,turkey,Giresunspor,2,3,1,4,3,6,0,4,3,7,5,7,6,13,8,18
717,turkey,Hatayspor,1,2,4,3,0,7,1,1,0,5,1,7,5,12,2,13
718,turkey,Istanbulspor,0,3,3,4,1,6,4,10,6,3,3,6,4,13,13,19
719,turkey,Kasimpasa,0,1,2,6,2,4,2,3,4,3,3,11,4,11,9,17
720,turkey,Kayserispor,4,4,6,7,5,9,5,13,2,4,5,2,15,20,12,19
721,turkey,Konyaspor,3,7,4,2,4,5,6,1,4,4,4,4,11,14,14,9
722,turkey,Sivasspor,2,6,3,5,5,7,4,7,1,4,5,4,10,18,10,15
723,turkey,Trabzonspor,5,5,3,5,4,7,2,7,4,6,5,11,12,17,11,24
724,turkey,Umraniyespor,2,5,2,2,6,10,5,7,4,3,3,8,10,17,12,18
725,turkey2,Adanaspor,1,2,3,1,2,3,0,3,2,5,5,4,6,6,7,12
726,turkey2,Altay,5,4,0,4,3,1,3,4,4,3,3,6,8,9,10,13
727,turkey2,Altinordu,3,3,3,4,4,4,1,4,2,5,3,6,10,11,6,15
728,turkey2,Bandirmaspor,1,2,3,1,2,4,5,5,8,4,5,14,6,7,18,23
729,turkey2,Bodrumspor,4,1,5,2,5,4,4,1,3,4,4,7,14,7,11,12
730,turkey2,Boluspor,0,2,2,2,3,5,1,2,2,3,4,6,5,9,7,11
731,turkey2,Denizlispor,2,3,3,5,3,9,0,6,1,10,5,6,8,17,6,22
732,turkey2,Erzurum BB,2,5,4,2,1,5,1,3,1,4,10,5,7,12,12,12
733,turkey2,Eyupspor,1,1,4,2,1,5,2,0,0,2,3,2,6,8,5,4
734,turkey2,Genclerbirligi,4,3,4,5,3,5,5,7,1,1,1,5,11,13,7,13
735,turkey2,Goztepe,3,2,1,1,4,2,3,0,2,6,4,3,8,5,9,9
736,turkey2,Keciorengucu,1,3,8,0,6,3,2,5,2,5,7,5,15,6,11,15
737,turkey2,Manisa BB,0,2,4,2,4,5,0,4,3,2,11,7,8,9,14,13
738,turkey2,Pendikspor,1,3,4,5,7,6,4,1,4,0,7,3,12,14,15,4
739,turkey2,Rizespor,2,1,2,5,5,3,2,3,6,2,6,1,9,9,14,6
740,turkey2,Sakaryaspor,2,2,1,4,3,4,2,4,2,3,8,11,6,10,12,18
741,turkey2,Samsunspor,3,3,1,1,5,1,2,5,7,0,7,2,9,5,16,7
742,turkey2,Tuzlaspor,5,5,0,3,4,2,0,3,3,3,5,7,9,10,8,13
743,turkey2,Y. Malatyaspor,3,1,1,5,1,5,2,4,5,5,3,3,5,11,10,12
744,usa,Atlanta Utd,3,3,1,1,1,5,2,5,4,4,4,6,5,9,10,15
745,usa,Austin,1,1,1,2,4,3,5,5,1,5,2,5,6,6,8,15
746,usa,CF Montreal,0,4,1,3,2,10,0,4,0,2,2,4,3,17,2,10
747,usa,Charlotte,1,2,6,2,1,6,5,6,2,4,0,3,8,10,7,13
748,usa,Chicago Fire,2,1,3,1,1,5,1,1,1,3,4,7,6,7,6,11
749,usa,Cincinnati,1,3,0,3,3,6,3,3,3,1,5,1,4,12,11,5
750,usa,Colorado Rapids,2,3,0,2,0,2,1,2,2,4,4,7,2,7,7,13
751,usa,Columbus Crew,1,0,2,5,4,2,4,4,3,2,1,8,7,7,8,14
752,usa,Dallas,1,1,2,1,1,7,0,4,1,2,4,1,4,9,5,7
753,usa,DC United,1,3,1,3,0,5,3,3,2,4,5,2,2,11,10,9
754,usa,Houston Dynamo,1,4,2,3,2,2,0,7,1,3,1,4,5,9,2,14
755,usa,Inter Miami,1,2,0,2,1,7,2,4,1,4,2,2,2,11,5,10
756,usa,LA Galaxy,0,2,0,2,3,5,1,3,4,7,1,3,3,9,6,13
757,usa,Los Angeles FC,1,2,3,3,1,2,3,2,2,2,2,4,5,7,7,8
758,usa,Minnesota Utd,1,3,3,4,2,1,3,4,1,0,4,6,6,8,8,10
759,usa,Nashville SC,1,2,1,4,2,3,0,1,3,1,3,3,4,9,6,5
760,usa,New England,2,3,3,0,1,2,1,4,2,3,4,6,6,5,7,13
761,usa,New York City,1,3,0,1,3,3,3,2,1,3,3,5,4,7,7,10
762,usa,New York RB,0,2,0,4,2,1,2,2,0,2,2,2,2,7,4,6
763,usa,Orlando City,2,0,3,3,0,3,4,3,3,3,4,4,5,6,11,10
764,usa,Philadelphia,0,5,1,2,6,3,5,3,2,1,2,5,7,10,9,9
765,usa,Portland,1,0,0,2,0,6,2,3,2,6,4,4,1,8,8,13
766,usa,Real Salt Lake,3,2,2,3,2,5,3,3,5,1,2,3,7,10,10,7
767,usa,Seattle,1,2,2,3,2,1,3,2,2,5,4,4,5,6,9,11
768,usa,SJ Earthquakes,1,3,2,0,1,5,3,2,1,1,2,9,4,8,6,12
769,usa,Sporting KC,3,3,3,5,2,4,1,3,1,3,1,3,8,12,3,9
770,usa,St. Louis City,0,2,1,0,3,2,4,1,3,6,3,6,4,4,10,13
771,usa,Toronto,1,1,0,4,0,3,2,5,2,2,2,7,1,8,6,14
772,usa,Vancouver,2,2,4,1,0,7,0,3,1,2,2,2,6,10,3,7
