league,Equipe,0_15_mar,0_15_sofri,16_30_mar,16_30_sofri,31_45_mar,31_45_sofri,46_60_mar,46_60_sofri,61_75_mar,61_75_sofri,76_90_mar,76_90_sofri,1st H_marc,1st H_sofri,2nd H_marc,2nd H_sofri
Argentina - Liga Profesional,A. Tucuman,2,2,5,1,4,0,0,4,1,2,3,4,11,3,4,10
Argentina - Liga Profesional,Argentinos Jrs,1,1,4,2,1,1,5,2,6,3,7,4,6,4,18,9
Argentina - Liga Profesional,Arsenal Sarandi,1,1,3,1,2,5,2,1,3,4,2,5,6,7,7,10
Argentina - Liga Profesional,Banfield,1,3,4,3,1,0,0,2,2,0,1,3,6,6,3,5
Argentina - Liga Profesional,Barracas C.,3,2,4,3,0,3,2,1,2,2,1,0,7,8,5,3
Argentina - Liga Profesional,Belgrano,1,1,1,0,6,1,0,2,3,2,1,2,8,2,4,6
Argentina - Liga Profesional,Boca Juniors,4,3,1,1,2,1,4,1,3,1,5,3,7,5,12,5
Argentina - Liga Profesional,Central Cordoba,0,0,3,0,3,3,0,2,1,1,2,5,6,3,3,8
Argentina - Liga Profesional,Colon Santa Fe,2,5,2,2,6,2,3,0,0,5,1,5,10,9,4,10
Argentina - Liga Profesional,Defensa y J.,2,4,3,0,6,2,4,1,2,1,4,3,11,6,10,5
Argentina - Liga Profesional,Estudiantes,3,1,4,0,3,3,7,1,1,3,4,2,10,4,12,6
Argentina - Liga Profesional,Gimnasia,2,1,1,0,1,2,3,2,0,4,6,3,4,3,9,9
Argentina - Liga Profesional,Godoy Cruz,3,3,6,1,7,4,3,2,3,2,5,1,16,8,11,5
Argentina - Liga Profesional,Huracan,1,3,4,5,4,1,0,1,0,2,1,1,9,9,1,4
Argentina - Liga Profesional,Independiente,4,3,2,1,3,4,1,1,1,4,4,4,9,8,6,9
Argentina - Liga Profesional,Instituto,0,1,3,1,4,2,1,1,0,4,3,2,7,4,4,7
Argentina - Liga Profesional,Lanus,2,2,3,2,7,1,3,1,4,1,1,2,12,5,8,4
Argentina - Liga Profesional,Newells,0,1,2,2,4,0,1,0,1,1,5,1,6,3,7,2
Argentina - Liga Profesional,Platense,2,4,3,0,2,2,3,0,2,5,3,1,7,6,8,6
Argentina - Liga Profesional,Racing Club,2,2,5,2,4,3,6,3,1,4,2,3,11,7,9,10
Argentina - Liga Profesional,River Plate,4,2,5,0,3,1,4,0,5,2,5,2,12,3,14,4
Argentina - Liga Profesional,Rosario Central,4,2,8,0,0,2,5,2,5,2,5,3,12,4,15,7
Argentina - Liga Profesional,San Lorenzo,1,1,0,0,1,0,5,1,1,0,4,0,2,1,10,1
Argentina - Liga Profesional,Sarmiento,2,5,2,0,2,0,2,3,2,3,6,2,6,5,10,8
Argentina - Liga Profesional,T. de Cordoba,5,0,3,1,0,3,4,3,5,0,1,3,8,4,10,6
Argentina - Liga Profesional,Tigre,2,3,1,1,5,1,1,0,2,3,3,6,8,5,6,9
Argentina - Liga Profesional,Union Santa Fe,0,0,2,2,0,4,3,2,5,2,2,2,2,6,10,6
Argentina - Liga Profesional,Velez Sarsfield,0,1,4,1,2,1,5,0,2,3,3,5,6,3,10,8
Armenia - Premier League,Alashkert,2,0,1,1,2,4,3,0,2,0,4,3,5,5,9,3
Armenia - Premier League,Ararat Yerevan,0,3,3,3,2,3,0,1,2,2,0,5,5,9,2,8
Armenia - Premier League,Ararat-Armenia,4,0,5,1,4,0,3,2,4,3,4,4,13,1,11,9
Armenia - Premier League,BKMA,3,5,1,0,1,4,4,2,2,3,5,7,5,9,11,12
Armenia - Premier League,Noah,2,2,5,1,7,0,2,0,3,0,7,2,14,3,12,2
Armenia - Premier League,Pyunik,5,4,2,0,8,1,3,1,5,0,3,1,15,5,11,2
Armenia - Premier League,Shirak,0,6,1,0,0,2,2,0,4,5,1,3,1,8,7,8
Armenia - Premier League,Urartu,2,0,3,5,2,2,1,1,2,1,6,3,7,7,9,5
Armenia - Premier League,Van,0,1,1,3,0,2,3,2,3,1,8,8,1,6,14,11
Armenia - Premier League,West Armenia,4,1,0,5,3,4,3,4,0,4,4,9,7,10,7,17
Australia - A-League,Adelaide Utd,2,4,4,0,3,3,1,4,6,0,4,3,9,7,11,7
Australia - A-League,Brisbane Roar,3,1,1,3,1,1,2,4,3,1,2,3,5,5,7,8
Australia - A-League,Central Coast,1,0,3,2,6,3,2,3,1,0,7,3,10,5,10,6
Australia - A-League,Macarthur FC,3,2,1,1,1,2,2,2,0,4,6,3,5,5,8,9
Australia - A-League,Melbourne City,4,0,0,1,2,0,4,3,3,2,5,4,6,1,12,9
Australia - A-League,Melbourne V.,2,2,4,0,3,1,2,2,1,1,1,0,9,3,4,3
Australia - A-League,Newcastle Jets,1,2,4,0,1,0,2,3,0,2,2,2,6,2,4,7
Australia - A-League,Perth Glory,2,1,1,2,1,4,3,1,3,2,3,3,4,7,9,6
Australia - A-League,Sydney FC,1,1,1,1,4,0,1,0,1,3,6,5,6,2,8,8
Australia - A-League,Wellington,1,2,1,0,1,1,2,3,2,0,4,1,3,3,8,4
Australia - A-League,Western Sydney,4,1,1,2,3,2,3,1,0,1,4,1,8,5,7,3
Australia - A-League,Western United,1,0,0,1,0,2,1,2,0,2,2,2,1,3,3,6
Austria - Bundesliga,A. Klagenfurt,0,2,1,2,3,3,2,1,3,4,2,2,4,7,7,7
Austria - Bundesliga,A. Lustenau,0,4,0,5,1,5,2,3,1,7,1,4,1,14,4,14
Austria - Bundesliga,Altach,3,1,0,1,0,1,1,1,0,3,3,1,3,3,4,5
Austria - Bundesliga,Austria Wien,1,2,0,0,2,1,1,1,0,1,3,0,3,3,4,2
Austria - Bundesliga,BW Linz,3,2,3,2,0,2,0,2,0,2,4,2,6,6,4,6
Austria - Bundesliga,Hartberg,1,2,2,1,3,2,5,3,1,3,2,2,6,5,8,8
Austria - Bundesliga,LASK Linz,2,0,0,1,3,0,2,1,0,0,5,0,5,1,7,1
Austria - Bundesliga,Rapid Wien,2,1,3,3,2,0,3,1,1,5,4,3,7,4,8,9
Austria - Bundesliga,Salzburg,1,1,0,0,4,1,5,1,0,1,4,0,5,2,9,2
Austria - Bundesliga,Sturm Graz,4,2,1,0,2,1,2,1,3,1,2,0,7,3,7,2
Austria - Bundesliga,Tirol,0,4,2,1,3,1,2,4,2,4,3,4,5,6,7,12
Austria - Bundesliga,Wolfsberger AC,1,1,2,0,5,0,1,4,2,3,1,2,8,1,4,9
Austria - 2. Liga,Admira Wacker,1,2,3,2,2,0,1,0,1,2,2,1,6,4,4,3
Austria - 2. Liga,Amstetten,0,1,0,3,2,2,2,1,1,2,2,4,2,6,5,7
Austria - 2. Liga,Bregenz,2,2,1,0,3,1,1,1,1,1,1,2,6,3,3,4
Austria - 2. Liga,Dornbirn,1,4,0,2,0,0,0,2,1,4,4,4,1,6,5,10
Austria - 2. Liga,First Vienna,1,0,2,1,3,0,2,1,0,1,3,5,6,1,5,7
Austria - 2. Liga,Floridsdorfer,1,3,3,0,1,1,3,2,3,1,2,0,5,4,8,3
Austria - 2. Liga,Grazer AK,2,0,2,1,4,1,2,1,1,0,2,0,8,2,5,1
Austria - 2. Liga,Kapfenberger,1,1,1,3,3,2,2,1,2,4,2,4,5,6,6,9
Austria - 2. Liga,Lafnitz,3,5,3,2,3,3,1,2,1,2,7,1,9,10,9,5
Austria - 2. Liga,Leoben,3,3,4,1,3,4,3,0,0,2,2,2,10,8,5,4
Austria - 2. Liga,Liefering,0,1,2,3,1,2,1,2,1,1,4,2,3,6,6,5
Austria - 2. Liga,Ried,4,0,4,0,3,2,4,0,3,0,3,2,11,2,10,2
Austria - 2. Liga,St. Polten,3,4,1,0,3,0,1,0,3,3,1,4,7,4,5,7
Austria - 2. Liga,Stripfing,3,4,2,1,2,3,2,2,5,3,0,2,7,8,7,7
Austria - 2. Liga,Sturm Graz B,0,5,1,1,0,2,2,4,3,5,4,4,1,8,9,13
Austria - 2. Liga,SV Horn,1,2,3,0,5,1,1,0,1,1,4,2,9,3,6,3
Belgium - First Division A,Anderlecht,4,2,1,2,5,1,4,1,3,3,7,2,10,5,14,6
Belgium - First Division A,Antwerp,6,2,2,0,10,1,1,0,4,1,5,3,18,3,10,4
Belgium - First Division A,Cercle Brugge,1,1,1,2,4,3,4,3,2,1,4,3,6,6,10,7
Belgium - First Division A,Charleroi,2,2,1,3,1,2,2,4,3,2,10,6,4,7,15,12
Belgium - First Division A,Club Brugge,2,1,4,2,4,3,4,1,5,3,8,1,10,6,17,5
Belgium - First Division A,Eupen,0,2,3,4,3,4,3,1,3,6,2,6,6,10,8,13
Belgium - First Division A,Gent,2,3,2,3,9,2,6,1,3,2,4,3,13,8,13,6
Belgium - First Division A,Kortrijk,0,2,2,2,1,1,2,5,2,2,1,6,3,5,5,13
Belgium - First Division A,KRC Genk,2,3,4,1,2,3,6,1,4,1,6,3,8,7,16,5
Belgium - First Division A,KV Mechelen,0,2,0,0,2,2,2,2,2,1,7,1,2,4,11,4
Belgium - First Division A,OH Leuven,5,0,3,0,1,5,3,3,1,3,5,2,9,5,9,8
Belgium - First Division A,Royale Union SG,1,0,7,4,9,3,3,1,4,1,5,3,17,7,12,5
Belgium - First Division A,RWDM,0,4,2,2,4,5,2,2,4,3,0,2,6,11,6,7
Belgium - First Division A,Sint-Truiden,1,1,1,1,2,2,0,2,1,2,5,4,4,4,6,8
Belgium - First Division A,Standard Liege,1,0,2,4,0,1,2,0,2,1,2,4,3,5,6,5
Belgium - First Division A,Westerlo,4,1,5,2,3,4,0,2,3,4,3,8,12,7,6,14
Belgium - First Division B,Anderlecht B,5,0,1,1,2,3,1,2,0,2,2,8,8,4,3,12
Belgium - First Division B,Beerschot,2,0,1,2,4,0,3,3,4,1,0,3,7,2,7,7
Belgium - First Division B,Beveren,2,1,2,3,2,1,3,2,1,2,4,4,6,5,8,8
Belgium - First Division B,Club Brugge B,1,1,1,4,1,2,3,3,3,1,4,5,3,7,10,9
Belgium - First Division B,Deinze,4,2,0,0,1,0,4,1,3,2,4,3,5,2,11,6
Belgium - First Division B,Dender,1,3,2,0,4,1,2,1,0,3,4,2,7,4,6,6
Belgium - First Division B,Francs Borains,2,1,0,1,2,2,3,1,0,2,4,5,4,4,7,8
Belgium - First Division B,KRC Genk B,1,1,4,1,3,5,2,2,1,1,3,9,8,7,6,12
Belgium - First Division B,Lierse K.,1,2,1,2,3,2,3,3,1,3,1,6,5,6,5,12
Belgium - First Division B,Lommel SK,2,1,1,1,2,0,2,1,2,1,2,0,5,2,6,2
Belgium - First Division B,Oostende,0,3,4,2,1,3,1,1,0,1,2,2,5,8,3,4
Belgium - First Division B,Patro Eisden,2,1,3,1,2,2,1,4,3,3,4,1,7,4,8,8
Belgium - First Division B,RFC Liege,0,2,6,1,1,1,3,0,2,3,1,5,7,4,6,8
Belgium - First Division B,Seraing,1,2,1,2,2,4,4,3,3,2,1,7,4,8,8,12
Belgium - First Division B,Standard L. B,2,2,1,3,1,3,1,3,3,5,2,4,4,8,6,12
Belgium - First Division B,Zulte-Waregem,0,2,2,2,2,3,0,1,2,2,4,4,4,7,6,7
Brazil - Serie A,America MG,3,1,3,9,5,4,3,8,3,5,4,11,11,14,10,24
Brazil - Serie A,Athletico PR,2,5,4,2,11,4,3,3,3,1,10,4,17,11,16,8
Brazil - Serie A,Atletico MG,4,2,4,0,5,3,5,2,4,2,6,7,13,5,15,11
Brazil - Serie A,Bahia,2,1,6,5,7,4,4,1,6,3,4,7,15,10,14,11
Brazil - Serie A,Botafogo,7,4,6,2,4,1,11,4,4,2,4,4,17,7,19,10
Brazil - Serie A,Bragantino,2,4,4,1,8,5,3,0,4,1,7,3,14,10,14,4
Brazil - Serie A,Corinthians,0,2,2,6,4,2,6,5,7,4,7,4,6,10,20,13
Brazil - Serie A,Coritiba,5,3,2,6,4,5,2,1,0,3,4,10,11,14,6,14
Brazil - Serie A,Cruzeiro,1,2,3,4,3,4,1,3,2,1,4,3,7,10,7,7
Brazil - Serie A,Cuiaba,3,3,3,0,2,3,5,6,4,3,6,7,8,6,15,16
Brazil - Serie A,Flamengo,4,2,4,2,3,3,3,1,5,2,7,6,11,7,15,9
Brazil - Serie A,Fluminense,3,4,4,4,6,4,10,2,5,2,5,2,13,12,20,6
Brazil - Serie A,Fortaleza,2,0,3,5,6,3,6,1,3,4,8,7,11,8,17,12
Brazil - Serie A,Goias,1,3,1,3,7,5,3,6,1,0,6,8,9,11,10,14
Brazil - Serie A,Gremio,5,2,3,3,7,4,7,1,7,1,5,5,15,9,19,7
Brazil - Serie A,Internacional,5,2,6,2,2,3,7,1,5,6,5,7,13,7,17,14
Brazil - Serie A,Palmeiras,4,1,7,1,7,4,2,0,6,2,9,4,18,6,17,6
Brazil - Serie A,Santos,5,5,4,5,5,5,3,6,4,2,5,5,14,15,12,13
Brazil - Serie A,Sao Paulo,0,4,7,2,6,2,2,1,2,1,12,3,13,8,16,5
Brazil - Serie A,Vasco da Gama,4,3,5,3,2,6,4,3,2,5,7,3,11,12,13,11
Brazil - Serie B,ABC,2,3,0,3,2,4,1,2,4,1,6,9,4,10,11,12
Brazil - Serie B,Atletico GO,6,4,2,2,4,3,7,2,6,3,9,5,12,9,22,10
Brazil - Serie B,Avai,4,3,0,4,4,5,3,3,0,4,6,4,8,12,9,11
Brazil - Serie B,Botafogo SP,2,2,3,2,1,4,2,5,2,3,3,1,6,8,7,9
Brazil - Serie B,Ceara,4,1,4,3,4,3,2,3,2,4,5,5,12,7,9,12
Brazil - Serie B,Chapecoense,0,1,0,1,3,7,8,0,3,0,3,7,3,9,14,7
Brazil - Serie B,CRB,2,2,1,1,13,3,4,2,4,4,5,2,16,6,13,8
Brazil - Serie B,Criciuma,4,3,6,2,7,1,4,0,2,2,6,3,17,6,12,5
Brazil - Serie B,Guarani,7,5,3,1,9,2,2,3,2,2,7,3,19,8,11,8
Brazil - Serie B,Ituano,4,3,4,1,4,4,3,2,2,1,3,4,12,8,8,7
Brazil - Serie B,Juventude,3,1,2,1,4,4,5,4,5,3,4,3,9,6,14,10
Brazil - Serie B,Londrina,4,3,3,2,4,3,2,2,1,5,6,6,11,8,9,13
Brazil - Serie B,Mirassol,3,1,1,0,8,3,5,1,4,3,3,4,12,4,12,8
Brazil - Serie B,Novorizontino,6,1,3,0,9,2,3,2,2,1,6,6,18,3,11,9
Brazil - Serie B,Ponte Preta,4,1,2,2,1,2,1,0,2,3,4,5,7,5,7,8
Brazil - Serie B,Sampaio Correa,4,4,4,2,4,5,2,2,4,0,5,6,12,11,11,8
Brazil - Serie B,Sport Recife,3,2,5,2,11,6,9,0,9,4,4,2,19,10,22,6
Brazil - Serie B,Tombense,0,3,1,4,3,1,2,4,6,4,11,5,4,8,19,13
Brazil - Serie B,Vila Nova,6,0,1,1,6,2,5,1,1,3,7,3,13,3,13,7
Brazil - Serie B,Vitoria,2,3,3,2,6,0,3,0,6,1,9,1,11,5,18,2
Brazil - Serie C,Altos,2,0,0,2,4,2,1,1,0,1,1,4,6,4,2,6
Brazil - Serie C,Amazonas,1,2,3,2,1,1,1,0,5,0,3,1,5,5,9,1
Brazil - Serie C,America RN,2,1,0,1,2,2,3,2,0,1,3,2,4,4,6,5
Brazil - Serie C,Aparecidense,0,3,0,3,2,1,2,1,2,2,5,2,2,7,9,5
Brazil - Serie C,Botafogo PB,2,0,0,3,7,4,4,4,2,2,6,6,9,7,12,12
Brazil - Serie C,Brusque,4,2,3,2,3,2,5,3,1,1,6,2,10,6,12,6
Brazil - Serie C,Confianca,2,1,2,2,1,3,2,1,3,1,3,1,5,6,8,3
Brazil - Serie C,CSA,0,1,0,2,4,1,1,1,2,1,2,0,4,4,5,2
Brazil - Serie C,EC Sao Jose,3,2,3,2,5,0,2,2,7,5,2,2,11,4,11,9
Brazil - Serie C,Figueirense,3,2,0,1,1,2,2,1,0,0,6,1,4,5,8,2
Brazil - Serie C,Floresta,2,1,1,1,0,1,2,1,1,0,3,1,3,3,6,2
Brazil - Serie C,Manaus,1,0,0,0,2,2,1,1,1,0,4,8,3,2,6,9
Brazil - Serie C,Nautico,1,0,1,1,4,3,3,1,1,1,2,0,6,4,6,2
Brazil - Serie C,Operario PR,2,0,1,0,4,0,2,0,1,2,4,2,7,0,7,4
Brazil - Serie C,Paysandu,2,1,3,2,4,2,1,6,3,1,5,0,9,5,9,7
Brazil - Serie C,Pouso Alegre,0,1,0,1,0,1,1,3,1,1,1,4,0,3,3,8
Brazil - Serie C,Remo,1,0,1,1,3,4,1,2,3,0,3,3,5,5,7,5
Brazil - Serie C,Sao Bernardo,2,0,2,3,1,0,3,1,3,3,5,2,5,3,11,6
Brazil - Serie C,Volta Redonda,1,0,4,2,3,2,6,2,7,0,2,2,8,4,15,4
Brazil - Serie C,Ypiranga,0,0,4,0,2,2,5,1,4,3,4,3,6,2,13,7
Bulgaria - Parva Liga,Arda,2,0,2,2,1,1,4,1,3,3,3,2,5,3,10,6
Bulgaria - Parva Liga,Beroe,3,0,1,2,4,1,0,1,2,1,0,1,8,3,2,3
Bulgaria - Parva Liga,Botev Plovdiv,2,1,3,1,4,2,4,2,2,2,5,4,9,4,11,8
Bulgaria - Parva Liga,Botev Vratsa,1,3,2,2,0,2,4,3,2,3,0,5,3,7,6,11
Bulgaria - Parva Liga,Cherno More,1,1,3,0,4,2,4,1,2,1,4,1,8,3,10,3
Bulgaria - Parva Liga,CSKA 1948 Sofia,3,0,2,1,0,2,2,1,1,0,2,2,5,3,5,3
Bulgaria - Parva Liga,CSKA Sofia,1,0,1,0,3,1,2,0,1,0,5,3,5,1,8,3
Bulgaria - Parva Liga,Etar,2,4,0,1,2,7,2,4,1,2,1,3,4,12,4,9
Bulgaria - Parva Liga,Hebar,1,1,1,2,2,2,2,2,1,4,3,0,4,5,6,6
Bulgaria - Parva Liga,L. Krumovgrad,3,1,3,3,2,4,0,0,4,0,1,5,8,8,5,5
Bulgaria - Parva Liga,Levski Sofia,1,0,2,1,3,1,2,1,2,0,7,1,6,2,11,2
Bulgaria - Parva Liga,Lok. Plovdiv,3,1,3,3,1,3,3,0,4,0,6,0,7,7,13,0
Bulgaria - Parva Liga,Lokomotiv Sofia,2,0,1,4,1,1,1,2,0,4,4,3,4,5,5,9
Bulgaria - Parva Liga,Ludogorets,4,0,5,1,4,0,6,3,7,0,5,3,13,1,18,6
Bulgaria - Parva Liga,Pirin Blag.,0,1,1,0,3,2,0,2,1,1,2,5,4,3,3,8
Bulgaria - Parva Liga,Slavia Sofia,0,2,2,2,3,2,0,1,0,4,3,3,5,6,3,8
Canada - Premier League,A. Ottawa,3,2,1,4,2,3,2,1,3,2,5,3,6,9,10,6
Canada - Premier League,Cavalry,3,1,5,1,3,2,6,1,4,1,5,4,11,4,15,6
Canada - Premier League,Forge,3,2,1,2,4,2,2,3,3,6,8,3,8,6,13,12
Canada - Premier League,HFX Wanderers,5,3,3,1,2,5,6,3,3,1,6,3,10,9,15,7
Canada - Premier League,Pacific,1,2,0,3,5,6,3,2,1,0,6,2,6,11,10,4
Canada - Premier League,Valour,3,7,0,0,1,2,4,4,5,2,0,5,4,9,9,11
Canada - Premier League,Vancouver FC,6,5,0,7,4,3,2,4,1,6,5,4,10,15,8,14
Canada - Premier League,York Utd,1,4,2,5,1,4,1,4,1,3,5,3,4,13,7,10
Costa Rica - Primera Div. - Apertura,AD Grecia,3,3,1,0,1,3,1,4,1,3,5,4,5,6,7,11
Costa Rica - Primera Div. - Apertura,Alajuelense,4,2,2,4,7,2,3,0,6,0,3,2,13,8,12,2
Costa Rica - Primera Div. - Apertura,Cartagines,2,1,1,2,6,4,3,3,8,0,2,3,9,7,13,6
Costa Rica - Primera Div. - Apertura,Guanacasteca,2,1,2,5,5,3,0,0,4,2,3,2,9,9,7,4
Costa Rica - Primera Div. - Apertura,Herediano,2,0,2,0,3,1,4,3,6,1,7,3,7,1,17,7
Costa Rica - Primera Div. - Apertura,M. Liberia,1,3,1,3,2,3,3,1,3,1,4,4,4,9,10,6
Costa Rica - Primera Div. - Apertura,Puntarenas,1,3,1,4,3,0,2,2,3,3,6,4,5,7,11,9
Costa Rica - Primera Div. - Apertura,San Carlos,3,1,2,1,4,2,2,2,3,2,2,4,9,4,7,8
Costa Rica - Primera Div. - Apertura,Santos DG,1,1,1,1,3,1,2,1,1,5,5,1,5,3,8,7
Costa Rica - Primera Div. - Apertura,Saprissa,1,0,6,2,6,3,5,1,4,0,9,0,13,5,18,1
Costa Rica - Primera Div. - Apertura,Sporting SJ,2,0,1,2,3,3,2,2,6,6,1,2,6,5,9,10
Costa Rica - Primera Div. - Apertura,Zeledon,0,2,3,1,2,3,2,4,3,4,3,3,5,6,8,11
Costa Rica - Primera Div. - Clausura,AD Grecia,3,5,4,2,2,2,0,1,2,2,3,2,9,9,5,5
Costa Rica - Primera Div. - Clausura,Alajuelense,4,0,7,2,5,2,9,1,3,0,0,5,16,4,12,6
Costa Rica - Primera Div. - Clausura,Cartagines,2,5,6,1,4,3,4,0,2,0,4,4,12,9,10,4
Costa Rica - Primera Div. - Clausura,Guadalupe,2,4,3,0,4,2,2,2,2,5,2,6,9,6,6,13
Costa Rica - Primera Div. - Clausura,Guanacasteca,2,0,2,1,3,5,4,0,3,1,5,1,7,6,12,2
Costa Rica - Primera Div. - Clausura,Herediano,0,3,5,2,4,2,4,4,5,3,2,0,9,7,11,7
Costa Rica - Primera Div. - Clausura,Puntarenas,4,0,1,3,1,4,4,0,1,2,4,4,6,7,9,6
Costa Rica - Primera Div. - Clausura,San Carlos,2,1,2,2,3,0,2,2,7,3,3,5,7,3,12,10
Costa Rica - Primera Div. - Clausura,Santos DG,0,0,1,1,3,1,3,7,2,4,4,3,4,2,9,14
Costa Rica - Primera Div. - Clausura,Saprissa,1,4,7,0,8,0,5,1,4,0,4,0,16,4,13,1
Costa Rica - Primera Div. - Clausura,Sporting SJ,4,1,3,0,3,1,2,2,1,3,6,2,10,2,9,7
Costa Rica - Primera Div. - Clausura,Zeledon,0,3,2,1,3,5,3,2,3,3,3,4,5,9,9,9
Croatia - 1. NL,Bijelo Brdo,1,0,1,0,0,1,0,1,0,1,2,5,2,1,2,7
Croatia - 1. NL,C. Zmijavci,3,0,3,1,3,0,3,2,4,5,4,1,9,1,11,8
Croatia - 1. NL,Cibalia,1,1,2,2,2,0,2,3,1,2,2,4,5,3,5,9
Croatia - 1. NL,Dubrava Zagreb,1,2,4,2,1,4,1,1,1,2,2,2,6,8,4,5
Croatia - 1. NL,Dugopolje,2,1,1,1,3,3,5,0,2,1,1,2,6,5,8,3
Croatia - 1. NL,Jarun,1,1,1,3,1,3,2,3,3,1,5,2,3,7,10,6
Croatia - 1. NL,Orijent,0,2,3,3,1,4,1,0,1,2,3,3,4,9,5,5
Croatia - 1. NL,Sesvete,3,0,1,0,3,2,0,1,1,0,2,3,7,2,3,4
Croatia - 1. NL,Sibenik,1,1,1,0,3,1,5,0,4,0,4,0,5,2,13,0
Croatia - 1. NL,Solin,1,3,0,0,1,2,3,3,0,1,3,2,2,5,6,6
Croatia - 1. NL,Vukovar,2,2,1,2,3,3,1,1,4,1,6,0,6,7,11,2
Croatia - 1. NL,Z. Jurjevac,3,0,2,0,2,0,4,1,2,1,3,2,7,0,9,4
CzechRepublic - 1. Liga,Banik Ostrava,1,0,2,1,0,3,5,2,3,0,3,1,3,4,11,3
CzechRepublic - 1. Liga,Bohemians,1,1,0,1,1,3,1,1,2,2,3,1,2,5,6,4
CzechRepublic - 1. Liga,C. Budejovice,0,8,1,0,2,1,3,1,2,2,2,3,3,9,7,6
CzechRepublic - 1. Liga,Hradec Kralove,3,2,4,1,4,2,2,1,2,2,0,4,11,5,4,7
CzechRepublic - 1. Liga,Jablonec,2,3,2,4,3,3,2,1,1,1,1,0,7,10,4,2
CzechRepublic - 1. Liga,Karvina,2,3,2,1,3,0,1,7,2,0,3,1,7,4,6,8
CzechRepublic - 1. Liga,Mlada Boleslav,3,4,4,1,2,1,4,5,1,1,5,1,9,6,10,7
CzechRepublic - 1. Liga,Pardubice,1,1,2,3,2,1,1,0,1,2,0,2,5,5,2,4
CzechRepublic - 1. Liga,Sigma Olomouc,3,3,1,2,4,3,2,2,5,1,1,2,8,8,8,5
CzechRepublic - 1. Liga,Slavia Prague,4,1,0,1,2,0,6,0,3,1,3,3,6,2,12,4
CzechRepublic - 1. Liga,Slovacko,4,1,2,2,3,2,3,3,3,0,4,0,9,5,10,3
CzechRepublic - 1. Liga,Slovan Liberec,5,3,5,1,2,1,0,3,5,1,3,5,12,5,8,9
CzechRepublic - 1. Liga,Sparta Prague,6,1,9,1,3,0,4,0,3,2,5,1,18,2,12,3
CzechRepublic - 1. Liga,Teplice,0,0,2,0,0,1,0,0,0,0,2,3,2,1,2,3
CzechRepublic - 1. Liga,Viktoria Plzen,1,1,7,2,6,3,3,0,0,3,6,3,14,6,9,6
CzechRepublic - 1. Liga,Zlin,3,3,3,2,3,2,2,7,2,0,2,7,9,7,6,14
CzechRepublic - FNL,Chrudim,4,2,3,1,1,1,3,2,1,0,3,3,8,4,7,5
CzechRepublic - FNL,Dukla Praha,3,1,3,0,2,2,0,1,2,1,1,3,8,3,3,5
CzechRepublic - FNL,Han. Kromeriz,0,3,0,0,1,3,3,3,3,0,2,1,1,6,8,4
CzechRepublic - FNL,Jihlava,1,0,2,2,5,3,5,1,2,3,4,3,8,5,11,7
CzechRepublic - FNL,Lisen,3,0,3,1,1,2,0,2,2,1,3,1,7,3,5,4
CzechRepublic - FNL,Opava,2,2,1,0,1,0,4,2,1,3,2,2,4,2,7,7
CzechRepublic - FNL,Pribram,2,0,1,2,0,1,0,0,3,1,4,3,3,3,7,4
CzechRepublic - FNL,Prostejov,0,5,1,0,3,3,0,1,2,1,5,1,4,8,7,3
CzechRepublic - FNL,Sigma Olomouc B,1,0,1,3,2,1,1,3,2,2,0,3,4,4,3,8
CzechRepublic - FNL,Sparta Prague B,0,2,2,0,1,1,0,2,5,2,1,4,3,3,6,8
CzechRepublic - FNL,Taborsko,4,0,1,0,3,0,1,1,1,2,2,3,8,0,4,6
CzechRepublic - FNL,Varnsdorf,2,3,2,3,3,4,5,1,4,4,3,3,7,10,12,8
CzechRepublic - FNL,Vikto Zizkov,4,1,2,3,2,4,2,2,3,3,2,3,8,8,7,8
CzechRepublic - FNL,Vlasim,4,1,1,1,1,0,1,2,3,2,0,1,6,2,4,5
CzechRepublic - FNL,Vyskov,4,3,3,1,2,1,1,2,4,1,6,1,9,5,11,4
CzechRepublic - FNL,Zbrojovka Brno,1,0,1,2,1,1,0,1,1,1,5,2,3,3,6,4
Denmark - Superligaen,AGF Aarhus,1,0,2,1,2,3,1,2,1,0,3,4,5,4,5,6
Denmark - Superligaen,Brondby IF,3,0,4,0,3,1,1,1,3,3,3,3,10,1,7,7
Denmark - Superligaen,FC Kobenhavn,5,1,2,0,0,2,2,2,3,4,4,0,7,3,9,6
Denmark - Superligaen,FC Midtjylland,1,1,1,2,4,0,5,1,3,1,3,2,6,3,11,4
Denmark - Superligaen,Hvidovre,0,4,0,4,2,1,0,4,2,2,0,5,2,9,2,11
Denmark - Superligaen,Lyngby,1,2,2,0,1,3,4,2,3,1,4,4,4,5,11,7
Denmark - Superligaen,Nordsjaelland,1,1,2,2,1,1,3,1,3,0,3,0,4,4,9,1
Denmark - Superligaen,Odense BK,1,3,1,3,3,2,1,3,2,2,0,4,5,8,3,9
Denmark - Superligaen,Randers FC,2,2,1,1,3,2,2,1,0,4,1,5,6,5,3,10
Denmark - Superligaen,Silkeborg,2,0,2,3,3,0,2,2,2,3,4,0,7,3,8,5
Denmark - Superligaen,Vejle BK,0,0,2,1,2,2,2,3,2,2,1,2,4,3,5,7
Denmark - Superligaen,Viborg,1,0,1,2,2,1,3,2,1,2,4,3,4,3,8,7
Denmark - 1st Division,Aalborg BK,2,0,3,0,2,2,4,0,3,3,5,2,7,2,12,5
Denmark - 1st Division,AC Horsens,3,1,4,1,2,1,2,2,2,0,1,6,9,3,5,8
Denmark - 1st Division,B 93,0,0,0,2,0,3,1,8,0,0,3,10,0,5,4,18
Denmark - 1st Division,Fredericia,1,1,2,3,1,0,2,2,0,2,5,3,4,4,7,7
Denmark - 1st Division,HB Koge,1,3,0,4,1,3,2,3,2,4,5,6,2,10,9,13
Denmark - 1st Division,Helsingor,2,3,2,1,2,3,4,3,3,6,1,5,6,7,8,14
Denmark - 1st Division,Hillerod,2,1,2,1,0,0,1,2,1,4,1,4,4,2,3,10
Denmark - 1st Division,Hobro,2,1,2,2,1,2,1,3,1,1,3,3,5,5,5,7
Denmark - 1st Division,Kolding IF,2,0,0,0,2,5,5,2,2,2,2,2,4,5,9,6
Denmark - 1st Division,Naestved,2,3,0,5,2,1,3,1,1,3,4,3,4,9,8,7
Denmark - 1st Division,SonderjyskE,4,0,5,2,4,1,5,1,0,1,6,2,13,3,11,4
Denmark - 1st Division,Vendsyssel,4,1,2,1,1,1,1,3,3,2,1,2,7,3,5,7
England - Premier League,Arsenal,3,2,4,1,3,1,6,3,3,0,8,3,10,4,17,6
England - Premier League,Aston Villa,2,0,8,0,2,3,3,4,7,2,8,2,12,3,18,8
England - Premier League,Bournemouth,1,1,2,3,1,1,2,4,2,2,3,5,4,5,7,11
England - Premier League,Brentford,2,5,6,4,2,1,4,0,3,3,3,7,10,10,10,10
England - Premier League,Brighton,2,0,4,3,3,3,2,1,5,3,6,4,9,6,13,8
England - Premier League,Burnley,3,3,1,5,1,4,2,2,2,6,2,5,5,12,6,13
England - Premier League,Chelsea,2,0,4,2,3,3,2,3,5,1,2,5,9,5,9,9
England - Premier League,Crystal Palace,2,3,2,2,2,0,3,3,2,2,3,6,6,5,8,11
England - Premier League,Everton,2,1,1,1,2,1,2,2,0,4,4,3,5,3,6,9
England - Premier League,Fulham,1,1,3,3,3,1,5,1,2,4,5,2,7,5,12,7
England - Premier League,Liverpool,1,2,6,1,6,2,3,1,6,1,8,2,13,5,17,4
England - Premier League,Luton Town,2,1,2,1,2,4,3,3,2,4,6,4,6,6,11,11
England - Premier League,Manchester City,5,1,6,0,6,1,3,0,3,3,4,5,17,2,10,8
England - Premier League,Manchester Utd,1,3,2,7,1,1,3,3,3,3,5,1,4,11,11,7
England - Premier League,Newcastle Utd,4,1,3,2,4,1,4,2,5,1,5,3,11,4,14,6
England - Premier League,Nottm Forest,3,0,0,1,0,3,3,5,4,4,5,4,3,4,12,13
England - Premier League,Sheffield Utd,0,2,0,4,5,4,0,4,3,4,4,8,5,10,7,16
England - Premier League,Tottenham,4,1,3,0,3,3,6,1,1,5,6,5,10,4,13,11
England - Premier League,West Ham Utd,4,0,2,1,3,1,1,4,3,2,4,2,9,2,8,8
England - Premier League,Wolverhampton,2,3,1,1,3,1,3,6,4,0,3,3,6,5,10,9
England - Championship,Birmingham City,4,5,2,1,3,3,2,4,3,1,6,3,9,9,11,8
England - Championship,Blackburn,4,1,2,6,3,2,8,3,1,2,1,10,9,9,10,15
England - Championship,Bristol City,4,1,3,3,5,3,1,4,2,0,3,5,12,7,6,9
England - Championship,Cardiff City,1,1,1,3,4,4,3,3,2,2,7,5,6,8,12,10
England - Championship,Coventry City,2,1,4,1,1,4,1,1,4,2,10,4,7,6,15,7
England - Championship,Huddersfield,2,5,3,1,2,5,3,4,4,3,1,3,7,11,8,10
England - Championship,Hull City,4,1,4,3,3,4,4,1,3,2,4,4,11,8,11,7
England - Championship,Ipswich Town,6,5,6,5,9,1,4,4,3,2,7,4,21,11,14,10
England - Championship,Leeds Utd,6,3,5,1,9,3,4,1,5,2,3,1,20,7,12,4
England - Championship,Leicester City,3,2,1,0,3,1,8,2,6,1,10,3,7,3,24,6
England - Championship,Middlesbrough,1,1,2,1,4,4,1,3,2,4,5,2,7,6,8,9
England - Championship,Millwall,4,1,2,5,3,2,3,3,0,1,2,9,9,8,5,13
England - Championship,Norwich City,3,2,2,1,3,2,6,2,3,2,4,5,8,5,13,9
England - Championship,Plymouth,2,3,5,3,13,3,4,5,2,4,10,5,20,9,16,14
England - Championship,Preston,2,1,3,3,2,5,6,4,4,3,3,8,7,9,13,15
England - Championship,QP Rangers,2,1,1,4,2,3,1,6,1,5,8,3,5,8,10,14
England - Championship,Rotherham,1,2,2,1,3,3,4,3,3,3,3,6,6,6,10,12
England - Championship,Sheffield Wed,2,3,1,1,2,6,3,4,2,3,5,3,5,10,10,10
England - Championship,Southampton,6,2,6,3,4,3,4,2,6,3,8,2,16,8,18,7
England - Championship,Stoke City,2,3,0,1,2,2,2,4,2,1,3,4,4,6,7,9
England - Championship,Sunderland,3,0,2,4,7,2,4,3,3,6,6,3,12,6,13,12
England - Championship,Swansea City,2,2,4,2,2,5,3,3,2,3,4,3,8,9,9,9
England - Championship,Watford,6,6,4,3,4,2,3,2,0,2,8,3,14,11,11,7
England - Championship,West Brom,4,1,4,1,3,2,6,1,5,2,2,4,11,4,13,7
England - League One,Barnsley,1,6,5,3,4,2,6,1,6,3,6,4,10,11,18,8
England - League One,Blackpool,1,0,9,2,6,2,6,3,5,3,6,5,16,4,17,11
England - League One,Bolton,8,2,3,2,5,5,4,2,6,4,3,2,16,9,13,8
England - League One,Bristol Rovers,2,3,6,4,2,1,2,3,3,1,8,3,10,8,13,7
England - League One,Burton Albion,3,2,4,1,2,3,3,2,1,4,3,2,9,6,7,8
England - League One,Cambridge Utd,1,1,2,4,2,2,0,3,4,0,6,5,5,7,10,8
England - League One,Carlisle Utd,0,0,0,5,1,6,3,3,4,3,6,5,1,11,13,11
England - League One,Charlton,2,2,4,7,4,1,3,4,7,2,8,7,10,10,18,13
England - League One,Cheltenham,1,3,1,2,5,4,2,2,1,2,2,5,7,9,5,9
England - League One,Derby County,2,1,5,0,2,3,6,2,3,3,8,5,9,4,17,10
England - League One,Exeter City,0,1,0,3,1,1,2,1,2,0,3,5,1,5,7,6
England - League One,Fleetwood,2,2,1,6,3,6,1,6,1,2,2,3,6,14,4,11
England - League One,Leyton Orient,0,0,5,2,0,7,3,3,1,1,2,4,5,9,6,8
England - League One,Lincoln City,4,2,1,2,2,1,2,3,4,3,4,1,7,5,10,7
England - League One,Northampton,1,4,2,2,2,0,6,2,1,4,8,5,5,6,15,11
England - League One,Oxford Utd,5,0,3,2,2,1,2,1,0,3,12,7,10,3,14,11
England - League One,Peterborough,1,1,4,1,10,7,6,0,5,2,5,1,15,9,16,3
England - League One,Port Vale,0,2,1,2,5,4,2,2,3,3,6,4,6,8,11,9
England - League One,Portsmouth,2,2,0,5,7,2,4,1,2,3,4,2,9,9,10,6
England - League One,Reading,2,1,4,4,8,5,4,2,0,1,5,3,14,10,9,6
England - League One,Shrewsbury,2,2,1,0,3,1,5,1,0,5,3,7,6,3,8,13
England - League One,Stevenage,4,0,2,2,5,1,1,3,3,0,2,4,11,3,6,7
England - League One,Wigan Athletic,3,1,3,4,5,4,1,1,4,1,6,3,11,9,11,5
England - League One,Wycombe,2,4,2,1,2,6,3,0,3,0,5,8,6,11,11,8
England - National League,AFC Fylde,5,4,4,4,2,5,3,3,2,5,9,5,11,13,14,13
England - National League,Aldershot Town,2,3,3,3,9,3,6,6,2,2,10,5,14,9,18,13
England - National League,Altrincham,4,3,4,2,9,2,5,0,0,4,12,5,17,7,17,9
England - National League,Barnet,4,2,2,3,4,1,7,3,5,3,7,4,10,6,19,10
England - National League,Boreham Wood,1,1,1,4,1,7,8,3,3,2,6,5,3,12,17,10
England - National League,Bromley,4,4,5,3,5,0,8,3,5,3,5,3,14,7,18,9
England - National League,Chesterfield,5,3,4,2,3,4,9,2,15,2,12,6,12,9,36,10
England - National League,Dagenham & R.,0,0,4,4,2,4,2,7,4,3,6,6,6,8,12,16
England - National League,Dorking,4,2,4,0,4,4,1,3,1,7,3,6,12,6,5,16
England - National League,Eastleigh,2,3,3,4,8,6,5,2,6,3,4,6,13,13,15,11
England - National League,Ebbsfleet Utd,0,3,4,2,5,2,3,7,4,3,3,2,9,7,10,12
England - National League,Gateshead FC,4,2,5,3,1,2,5,3,4,5,8,5,10,7,17,13
England - National League,Halifax Town,0,0,1,3,4,3,3,3,4,2,3,1,5,6,10,6
England - National League,Hartlepool,5,6,1,2,2,5,6,3,4,5,5,6,8,13,15,14
England - National League,Kidderminster,0,5,4,5,5,2,1,0,2,2,2,3,9,12,5,5
England - National League,Maidenhead Utd,4,1,2,2,1,2,2,3,3,1,2,5,7,5,7,9
England - National League,Oldham,4,1,1,2,8,2,1,4,2,3,7,5,13,5,10,12
England - National League,Oxford City,1,1,3,6,3,5,2,3,8,5,7,7,7,12,17,15
England - National League,Rochdale,4,2,4,5,5,2,4,2,4,6,4,0,13,9,12,8
England - National League,Solihull Moors,2,2,5,1,4,2,4,4,5,4,4,3,11,5,13,11
England - National League,Southend Utd,4,2,3,2,3,1,4,2,6,2,9,2,10,5,19,6
England - National League,Wealdstone,5,2,2,5,6,5,6,3,2,1,7,4,13,12,15,8
England - National League,Woking,0,2,3,4,3,3,3,4,1,1,3,6,6,9,7,11
England - National League,York City,5,2,3,1,4,2,1,5,3,6,5,5,12,5,9,16
FaroeIslands - Premier League,07 Vestur,0,4,3,3,5,4,1,2,3,5,8,3,8,11,12,10
FaroeIslands - Premier League,AB Argir,3,4,5,3,1,1,3,3,2,5,4,5,9,8,9,13
FaroeIslands - Premier League,B36 Torshavn,6,3,2,2,4,3,3,0,7,1,6,3,12,8,16,4
FaroeIslands - Premier League,B68 Toftir,4,2,2,2,2,8,3,4,2,6,3,4,8,12,8,14
FaroeIslands - Premier League,HB Torshavn,6,1,3,1,10,4,6,2,4,2,10,3,19,6,20,7
FaroeIslands - Premier League,IF Fuglafjordur,1,8,1,4,3,8,4,4,1,5,5,5,5,20,10,14
FaroeIslands - Premier League,Klaksvik,4,3,4,0,9,1,3,1,4,1,5,3,17,4,12,5
FaroeIslands - Premier League,Streymur,3,3,2,4,8,2,0,3,0,7,0,3,13,9,0,13
FaroeIslands - Premier League,TB Tvoroyri,1,5,0,2,1,2,2,8,2,3,4,7,2,9,8,18
FaroeIslands - Premier League,Vikingur,4,1,5,1,6,1,9,3,9,2,11,0,15,3,29,5
Finland - Veikkausliiga,Haka,7,4,3,3,4,3,6,1,3,2,1,4,14,10,10,7
Finland - Veikkausliiga,HJK Helsinki,1,3,3,0,5,2,6,1,5,1,7,2,9,5,18,4
Finland - Veikkausliiga,Honka,0,1,4,1,3,4,2,1,4,1,4,2,7,6,10,4
Finland - Veikkausliiga,Ilves,1,3,4,1,3,3,3,3,1,2,3,6,8,7,7,11
Finland - Veikkausliiga,Inter Turku,3,0,3,3,1,0,4,4,4,5,3,4,7,3,11,13
Finland - Veikkausliiga,KTP,2,2,0,6,1,3,2,3,1,5,5,2,3,11,8,10
Finland - Veikkausliiga,KuPS,4,1,5,2,2,3,3,0,0,3,5,1,11,6,8,4
Finland - Veikkausliiga,Lahti,2,2,6,3,0,5,5,2,4,7,0,5,8,10,9,14
Finland - Veikkausliiga,Mariehamn,2,3,3,4,1,2,2,5,1,0,0,3,6,9,3,8
Finland - Veikkausliiga,Oulu,4,2,5,3,4,3,2,4,2,8,4,3,13,8,8,15
Finland - Veikkausliiga,SJK,3,0,2,3,2,3,4,9,2,1,6,5,7,6,12,15
Finland - Veikkausliiga,VPS,4,0,2,1,4,2,3,2,3,4,5,4,10,3,11,10
Finland - Ykkonen,Ekenas IF,6,1,5,2,5,1,3,1,3,2,4,4,16,4,10,7
Finland - Ykkonen,Gnistan,3,1,3,3,4,4,3,3,6,1,6,1,10,8,15,5
Finland - Ykkonen,HIFK,2,3,1,1,3,2,5,3,1,3,7,5,6,6,13,11
Finland - Ykkonen,JaPS,4,8,1,5,4,1,2,3,6,2,4,4,9,14,12,9
Finland - Ykkonen,Jaro,5,3,3,2,2,1,4,5,2,5,6,3,10,6,12,13
Finland - Ykkonen,JJK,2,0,2,2,4,2,4,4,0,4,1,6,8,4,5,14
Finland - Ykkonen,KaPa,2,2,2,4,4,3,4,2,6,1,6,8,8,9,16,11
Finland - Ykkonen,KPV Kokkola,2,1,0,3,3,2,1,1,6,4,3,8,5,6,10,13
Finland - Ykkonen,Mikkelin,5,0,2,5,3,4,2,2,6,1,2,2,10,9,10,5
Finland - Ykkonen,SalPa,3,0,0,2,2,6,6,2,5,2,9,5,5,8,20,9
Finland - Ykkonen,SJK Akatemia,3,2,5,2,7,5,3,2,2,1,5,4,15,9,10,7
Finland - Ykkonen,TPS,6,2,6,1,3,4,1,3,11,0,3,5,15,7,15,8
France - Ligue 1,Brest,0,1,4,4,5,0,4,0,0,0,4,2,9,5,8,2
France - Ligue 1,Clermont,2,1,0,1,0,2,2,3,1,3,0,4,2,4,3,10
France - Ligue 1,Le Havre,3,0,1,2,1,2,4,3,2,0,1,2,5,4,7,5
France - Ligue 1,Lens,1,1,2,1,2,3,2,1,4,1,3,1,5,5,9,3
France - Ligue 1,Lille,2,1,1,1,5,0,0,0,1,2,5,0,8,2,6,2
France - Ligue 1,Lorient,5,5,1,3,3,2,3,2,2,4,3,4,9,10,8,10
France - Ligue 1,Lyon,0,2,4,5,1,7,3,1,2,1,3,3,5,14,8,5
France - Ligue 1,Marseille,3,2,6,0,2,1,2,1,3,0,1,1,11,3,6,2
France - Ligue 1,Metz,2,5,1,1,0,0,0,1,3,1,1,2,3,6,4,4
France - Ligue 1,Monaco,2,2,4,1,3,1,5,1,1,0,1,3,9,4,7,4
France - Ligue 1,Montpellier,2,3,0,1,1,1,3,2,2,1,1,2,3,5,6,5
France - Ligue 1,Nantes,3,2,1,2,3,0,4,3,1,3,2,4,7,4,7,10
France - Ligue 1,Nice,0,0,1,0,2,0,2,0,1,0,6,2,3,0,9,2
France - Ligue 1,Paris SG,3,0,2,2,7,0,5,3,3,3,7,2,12,2,15,8
France - Ligue 1,Reims,1,1,3,0,2,1,1,5,1,0,2,2,6,2,4,7
France - Ligue 1,Rennes,3,0,3,1,1,6,4,2,4,3,5,2,7,7,13,7
France - Ligue 1,Strasbourg,1,0,1,3,1,2,1,3,4,0,4,1,3,5,9,4
France - Ligue 1,Toulouse,3,0,0,1,2,3,2,2,1,1,2,4,5,4,5,7
France - Ligue 2,AC Ajaccio,1,1,2,1,3,2,5,2,3,0,2,0,6,4,10,2
France - Ligue 2,Amiens,1,1,1,1,4,4,1,0,1,1,4,2,6,6,6,3
France - Ligue 2,Angers,1,0,5,2,5,0,1,0,1,2,7,0,11,2,9,2
France - Ligue 2,Annecy,1,2,4,0,2,1,4,4,0,4,2,4,7,3,6,12
France - Ligue 2,Auxerre,3,0,6,1,3,5,2,2,3,0,6,3,12,6,11,5
France - Ligue 2,Bordeaux,2,1,2,1,2,5,4,2,2,0,3,2,6,7,9,4
France - Ligue 2,Caen,2,1,1,3,5,0,1,3,2,0,3,2,8,4,6,5
France - Ligue 2,Concarneau,1,0,0,4,0,3,1,3,3,3,5,2,1,7,9,8
France - Ligue 2,Grenoble,3,3,2,1,2,2,1,2,2,0,5,3,7,6,8,5
France - Ligue 2,Guingamp,3,3,3,1,4,1,2,0,0,4,4,2,10,5,6,6
France - Ligue 2,Laval,1,1,1,1,0,1,1,5,2,2,6,2,2,3,9,9
France - Ligue 2,Paris FC,3,1,2,2,3,2,4,2,2,5,3,2,8,5,9,9
France - Ligue 2,Pau FC,2,1,6,1,3,3,0,7,4,1,5,2,11,5,9,10
France - Ligue 2,Quevilly Rouen,1,1,3,3,2,4,1,1,2,2,3,3,6,8,6,6
France - Ligue 2,Rodez Aveyron,3,3,0,1,1,3,6,2,4,1,7,3,4,7,17,6
France - Ligue 2,Saint-Etienne,3,0,2,0,1,2,2,2,1,3,2,4,6,2,5,9
France - Ligue 2,SC Bastia,1,1,2,3,2,0,3,4,4,0,3,5,5,4,10,9
France - Ligue 2,Troyes,2,1,3,2,2,5,2,1,3,1,2,3,7,8,7,5
France - Ligue 2,USL Dunkerque,0,7,1,2,1,1,2,1,2,4,0,4,2,10,4,9
France - Ligue 2,Valenciennes,1,3,3,1,0,3,1,0,2,2,1,5,4,7,4,7
France - National,Avranches,2,0,2,0,0,2,2,0,1,2,6,0,4,2,9,2
France - National,Chateauroux,0,0,1,1,2,3,1,2,3,2,0,3,3,4,4,7
France - National,Cholet,1,1,0,1,1,2,2,3,1,2,0,1,2,4,3,6
France - National,Dijon,2,2,1,1,4,1,4,1,3,1,3,4,7,4,10,6
France - National,Epinal,3,2,0,1,3,2,2,0,2,2,2,4,6,5,6,6
France - National,G. O. A. L.,3,0,2,3,2,1,0,2,3,0,1,3,7,4,4,5
France - National,Le Mans,1,0,0,3,2,0,1,3,2,2,0,3,3,3,3,8
France - National,Marignane G.,2,2,3,0,5,3,0,4,0,0,3,1,10,5,3,5
France - National,Martigues,1,0,1,1,1,0,6,1,2,0,2,4,3,1,10,5
France - National,Nancy,3,2,0,2,3,1,1,0,2,1,3,3,6,5,6,4
France - National,Nimes,4,3,2,1,1,2,5,1,0,1,0,4,7,6,5,6
France - National,Niort,1,2,4,1,4,1,4,1,2,2,3,2,9,4,9,5
France - National,Orleans,4,2,4,2,3,1,3,3,0,3,0,0,11,5,3,6
France - National,Red Star,6,0,2,0,2,1,4,1,1,0,3,2,10,1,8,3
France - National,Rouen,1,0,2,0,2,1,2,0,0,2,4,1,5,1,6,3
France - National,Sochaux,2,0,3,4,4,2,1,1,4,1,2,2,9,6,7,4
France - National,Versailles,3,3,3,2,3,2,3,1,3,0,5,4,9,7,11,5
France - National,Villefranche,1,3,1,2,5,0,2,1,0,0,4,1,7,5,6,2
Germany - Bundesliga,Bayern Munich,6,0,3,1,4,0,6,1,7,2,8,2,13,1,21,5
Germany - Bundesliga,Bochum,1,0,3,1,2,3,2,4,3,0,3,2,6,4,8,6
Germany - Bundesliga,Darmstadt,3,2,2,3,3,3,1,4,2,5,1,4,8,8,4,13
Germany - Bundesliga,Dortmund,4,4,2,1,3,4,2,1,4,2,4,3,9,9,10,6
Germany - Bundesliga,E. Frankfurt,2,1,2,1,4,4,2,1,3,0,3,1,8,6,8,2
Germany - Bundesliga,FC Augsburg,1,2,3,3,5,6,3,2,1,2,5,3,9,11,9,7
Germany - Bundesliga,FC Koln,1,2,2,3,0,0,1,3,1,5,2,2,3,5,4,10
Germany - Bundesliga,Freiburg,2,2,1,3,5,1,2,2,2,0,4,3,8,6,8,5
Germany - Bundesliga,FSV Mainz,0,3,1,2,1,0,0,3,2,2,2,3,2,5,4,8
Germany - Bundesliga,Heidenheim,1,2,3,1,3,2,3,3,4,3,4,4,7,5,11,10
Germany - Bundesliga,Hoffenheim,2,2,2,4,4,7,5,1,2,1,1,3,8,13,8,5
Germany - Bundesliga,Leverkusen,2,1,5,1,5,1,5,1,8,2,4,0,12,3,17,3
Germany - Bundesliga,Monchengladbach,2,1,5,2,2,2,3,6,2,2,3,2,9,5,8,10
Germany - Bundesliga,RB Leipzig,5,1,4,0,5,4,2,2,5,2,5,1,14,5,12,5
Germany - Bundesliga,Stuttgart,1,1,8,2,5,3,3,2,9,1,5,0,14,6,17,3
Germany - Bundesliga,Union Berlin,2,2,1,2,0,2,2,1,3,1,3,6,3,6,8,8
Germany - Bundesliga,Werder Bremen,2,3,1,2,4,2,3,1,4,3,4,4,7,7,11,8
Germany - Bundesliga,Wolfsburg,3,2,2,1,5,3,1,1,1,3,1,0,10,6,3,4
Germany - 2. Bundesliga,Braunschweig,1,4,3,1,2,4,1,1,3,1,2,4,6,9,6,6
Germany - 2. Bundesliga,Dusseldorf,2,4,2,6,1,2,8,2,2,2,3,1,5,12,13,5
Germany - 2. Bundesliga,Elversberg,2,4,1,2,2,2,7,0,0,2,1,5,5,8,8,7
Germany - 2. Bundesliga,FC Nurnberg,1,3,0,1,2,4,4,2,3,0,3,4,3,8,10,6
Germany - 2. Bundesliga,Greuther Furth,2,2,1,2,6,1,5,1,5,1,2,1,9,5,12,3
Germany - 2. Bundesliga,Hamburger SV,2,2,4,2,6,1,3,1,2,3,4,1,12,5,9,5
Germany - 2. Bundesliga,Hannover 96,4,1,1,2,4,2,2,2,6,1,5,0,9,5,13,3
Germany - 2. Bundesliga,Hansa Rostock,1,1,2,4,2,4,2,2,2,1,3,3,5,9,7,6
Germany - 2. Bundesliga,Hertha Berlin,2,2,4,1,6,1,2,2,5,1,2,2,12,4,9,5
Germany - 2. Bundesliga,Holstein Kiel,1,2,4,2,5,2,5,1,3,5,2,6,10,6,10,12
Germany - 2. Bundesliga,Kaiserslautern,3,1,7,4,1,2,2,6,4,4,4,1,11,7,10,11
Germany - 2. Bundesliga,Karlsruher SC,4,1,3,6,3,1,2,0,3,5,4,1,10,8,9,6
Germany - 2. Bundesliga,Magdeburg,2,3,3,2,3,3,4,3,3,2,4,2,8,8,11,7
Germany - 2. Bundesliga,Osnabruck,1,4,2,0,2,3,1,1,1,3,3,5,5,7,5,9
Germany - 2. Bundesliga,Paderborn,1,1,1,1,1,3,4,2,3,1,4,3,3,5,11,6
Germany - 2. Bundesliga,Sankt Pauli,4,0,2,2,2,1,4,3,2,0,6,1,8,3,12,4
Germany - 2. Bundesliga,Schalke 04,1,2,2,4,3,2,1,4,7,1,4,2,6,8,12,7
Germany - 2. Bundesliga,Wehen Wiesbaden,0,0,3,2,0,1,2,4,3,0,3,3,3,3,8,7
Germany - 3. Liga,1860 Munchen,3,0,2,4,1,0,5,0,1,1,0,3,6,4,6,4
Germany - 3. Liga,Bielefeld,3,3,5,2,3,3,5,3,3,2,2,5,11,8,10,10
Germany - 3. Liga,Dortmund B,4,2,0,2,4,2,2,2,3,1,2,2,8,6,7,5
Germany - 3. Liga,Dynamo Dresden,4,1,2,1,3,3,1,0,4,0,3,4,9,5,8,4
Germany - 3. Liga,Erzgebirge Aue,4,2,1,1,1,0,0,1,5,3,6,2,6,3,11,6
Germany - 3. Liga,FC Ingolstadt,3,1,4,3,2,2,8,1,3,2,6,2,9,6,17,5
Germany - 3. Liga,Freiburg B,0,1,0,5,1,1,1,2,2,7,1,3,1,7,4,12
Germany - 3. Liga,Hallescher,3,3,2,5,3,3,3,2,3,5,3,3,8,11,9,10
Germany - 3. Liga,Mannheim,5,3,3,0,3,3,2,2,1,4,2,4,11,6,5,10
Germany - 3. Liga,MSV Duisburg,5,1,1,1,3,5,0,5,2,3,4,6,9,7,6,14
Germany - 3. Liga,Preuss. Munster,3,0,1,2,4,4,5,3,3,3,7,2,8,6,15,8
Germany - 3. Liga,Regensburg,2,1,5,2,5,2,1,2,0,0,6,3,12,5,7,5
Germany - 3. Liga,RW Essen,1,0,4,2,1,3,2,3,4,3,7,3,6,5,13,9
Germany - 3. Liga,Saarbrucken,1,2,1,1,5,3,2,3,0,4,7,2,7,6,9,9
Germany - 3. Liga,Sandhausen,2,1,1,3,7,3,2,1,0,3,7,2,10,7,9,6
Germany - 3. Liga,Ulm,2,1,5,1,4,3,1,4,4,0,3,3,11,5,8,7
Germany - 3. Liga,Unterhaching,3,2,3,1,2,1,3,2,4,1,3,2,8,4,10,5
Germany - 3. Liga,Verl,2,4,6,2,4,3,0,0,4,5,4,2,12,9,8,7
Germany - 3. Liga,VfB Lubeck,0,3,3,2,1,2,2,6,1,2,6,3,4,7,9,11
Germany - 3. Liga,Viktoria Koln,3,2,1,2,2,3,7,0,1,3,3,4,6,7,11,7
Greece - Super League,AEK Athens,1,1,4,0,5,2,3,0,2,1,6,1,10,3,11,2
Greece - Super League,Aris,0,0,3,4,3,0,5,2,4,2,4,3,6,4,13,7
Greece - Super League,Asteras T.,2,3,3,2,2,3,2,1,2,3,4,7,7,8,8,11
Greece - Super League,Atromitos,1,2,0,1,2,3,3,2,3,1,4,4,3,6,10,7
Greece - Super League,Kifisia,2,6,0,4,3,3,1,3,3,2,6,5,5,13,10,10
Greece - Super League,Lamia,4,4,2,2,3,1,3,1,3,2,1,3,9,7,7,6
Greece - Super League,OFI Crete,2,2,2,0,3,3,1,2,0,1,3,2,7,5,4,5
Greece - Super League,Olympiakos,0,1,5,0,5,3,2,2,7,2,8,1,10,4,17,5
Greece - Super League,Panaitolikos,1,6,0,2,4,1,1,0,3,2,3,6,5,9,7,8
Greece - Super League,Panathinaikos,5,0,1,1,6,1,5,1,4,1,5,1,12,2,14,3
Greece - Super League,Panserraikos,1,1,2,2,2,3,2,0,2,2,4,2,5,6,8,4
Greece - Super League,PAOK,0,0,6,1,9,0,8,1,3,1,4,0,15,1,15,2
Greece - Super League,PAS Giannina,0,4,1,3,3,1,2,0,0,2,1,2,4,8,3,4
Greece - Super League,Volos,1,1,2,3,0,4,5,5,2,6,2,3,3,8,9,14
Hong Kong - Premier League,Eastern,0,1,1,0,3,1,1,1,1,0,1,0,4,2,3,1
Hong Kong - Premier League,HK Rangers,0,0,2,0,2,0,1,0,2,0,2,0,4,0,5,0
Hong Kong - Premier League,HK U23,0,1,0,0,0,4,0,2,0,1,2,1,0,5,2,4
Hong Kong - Premier League,Hong Kong FC,0,3,1,0,1,1,0,0,0,1,2,1,2,4,2,2
Hong Kong - Premier League,Kitchee,3,0,7,0,1,0,3,0,6,0,3,2,11,0,12,2
Hong Kong - Premier League,LM Warriors,4,0,2,0,3,4,5,2,1,0,5,1,9,4,11,3
Hong Kong - Premier League,North District,1,1,0,3,0,2,0,0,0,0,4,1,1,6,4,1
Hong Kong - Premier League,Resources C.,0,1,0,2,0,4,1,1,1,1,0,1,0,7,2,3
Hong Kong - Premier League,Sham Shui Po,1,1,0,3,0,0,0,1,1,4,2,3,1,4,3,8
Hong Kong - Premier League,Southern D.,1,1,2,0,2,0,1,0,1,0,1,0,5,1,3,0
Hong Kong - Premier League,Wofoo Tai Po,2,3,3,0,1,0,1,0,2,0,4,0,6,3,7,0
Hungary - NB I,Debrecen,3,2,0,1,3,0,1,2,4,1,5,2,6,3,10,5
Hungary - NB I,Diosgyor VTK,2,2,1,2,6,0,0,0,2,5,4,3,9,4,6,8
Hungary - NB I,Ferencvaros,2,1,4,1,4,2,1,0,3,2,3,0,10,4,7,2
Hungary - NB I,Kecskemeti TE,0,1,1,0,9,2,1,1,3,4,2,2,10,3,6,7
Hungary - NB I,Kisvarda,1,0,2,1,2,2,3,0,1,3,2,1,5,3,6,4
Hungary - NB I,Mezokovesd,4,2,1,1,1,2,1,0,1,3,3,6,6,5,5,9
Hungary - NB I,MOL Fehervar,3,4,2,1,6,0,4,2,3,4,11,3,11,5,18,9
Hungary - NB I,MTK,2,1,0,1,1,2,3,3,0,4,3,3,3,4,6,10
Hungary - NB I,Paks,4,0,5,0,1,1,1,1,3,2,5,1,10,1,9,4
Hungary - NB I,Puskas Akad.,1,0,2,2,3,3,2,1,2,2,1,1,6,5,5,4
Hungary - NB I,Ujpest,4,1,2,3,2,0,5,4,2,3,2,3,8,4,9,10
Hungary - NB I,Zalaegerszegi,2,2,1,2,4,6,0,5,0,2,3,4,7,10,3,11
Iceland - Urvalsdeild,Breidablik,2,5,5,0,4,5,5,5,4,5,10,5,11,10,19,15
Iceland - Urvalsdeild,Fram,2,2,3,2,5,4,6,1,3,6,6,4,10,8,15,11
Iceland - Urvalsdeild,Fylkir,4,6,5,5,5,5,6,4,1,5,5,7,14,16,12,16
Iceland - Urvalsdeild,Hafnarfjordur,5,4,2,5,4,6,11,4,4,0,2,4,11,15,17,8
Iceland - Urvalsdeild,HK Kopavogur,2,1,3,3,1,3,5,6,3,6,7,4,6,7,15,16
Iceland - Urvalsdeild,IBV,3,1,0,1,4,1,1,6,4,1,4,7,7,3,9,14
Iceland - Urvalsdeild,KA Akureyri,2,2,5,4,5,4,4,5,2,0,7,5,12,10,13,10
Iceland - Urvalsdeild,Keflavik,4,4,1,0,1,5,3,2,3,7,3,6,6,9,9,15
Iceland - Urvalsdeild,KR Reykjavik,2,2,0,3,4,3,3,4,1,1,9,3,6,8,13,8
Iceland - Urvalsdeild,Stjarnan,7,3,7,1,3,3,6,0,6,2,8,3,17,7,20,5
Iceland - Urvalsdeild,Valur,5,2,5,2,5,3,5,1,6,4,6,5,15,7,17,10
Iceland - Urvalsdeild,Vikingur R.,7,1,8,0,8,3,5,2,9,7,8,0,23,4,22,9
Iceland - 1. Deild,AEggir,1,6,2,3,3,5,0,6,3,4,1,5,6,14,4,15
Iceland - 1. Deild,Afturelding,6,3,3,0,6,4,6,3,4,3,9,3,15,7,19,9
Iceland - 1. Deild,Fjolnir,5,1,4,2,5,1,5,2,10,3,7,7,14,4,22,12
Iceland - 1. Deild,Grindavik,3,3,2,1,0,3,3,0,2,3,4,3,5,7,9,6
Iceland - 1. Deild,Grotta,4,2,2,2,6,4,4,1,2,4,4,3,12,8,10,8
Iceland - 1. Deild,IA Akranes,2,3,4,4,4,1,4,2,4,1,7,5,10,8,15,8
Iceland - 1. Deild,Leiknir R.,2,2,2,4,3,2,2,5,6,4,7,2,7,8,15,11
Iceland - 1. Deild,Njardv√≠k,3,5,4,4,3,4,4,2,3,3,4,3,10,13,11,8
Iceland - 1. Deild,Selfoss,1,4,4,5,0,4,6,0,3,2,6,7,5,13,15,9
Iceland - 1. Deild,Thor Akureyri,2,2,3,4,4,2,4,0,2,1,4,6,9,8,10,7
Iceland - 1. Deild,Throttur R.,1,5,4,4,5,3,3,3,3,0,11,4,10,12,17,7
Iceland - 1. Deild,Vestri,3,0,2,1,4,4,4,2,3,2,3,2,9,5,10,6
Ireland - Premier Division,Bohemians,6,2,0,7,6,4,8,3,8,2,9,3,12,13,25,8
Ireland - Premier Division,Cork City,3,2,5,2,2,3,0,4,5,4,5,5,10,7,10,13
Ireland - Premier Division,Derry City,3,0,3,2,3,2,4,0,5,2,11,2,9,4,20,4
Ireland - Premier Division,Drogheda Utd,1,2,2,4,6,2,2,5,4,4,5,4,9,8,11,13
Ireland - Premier Division,Dundalk,4,2,6,4,6,4,6,2,5,2,11,8,16,10,22,12
Ireland - Premier Division,Shamrock Rovers,4,1,9,3,5,5,12,4,6,2,7,3,18,9,25,9
Ireland - Premier Division,Shelbourne,2,1,2,2,2,4,7,2,2,1,7,5,6,7,16,8
Ireland - Premier Division,Sligo Rovers,2,2,4,3,2,4,2,3,4,3,5,5,8,9,11,11
Ireland - Premier Division,St. Patricks,2,1,2,2,6,1,4,2,9,3,9,5,10,4,22,10
Ireland - Premier Division,UC Dublin,3,3,0,5,0,10,1,5,1,12,5,5,3,18,7,22
Ireland - First Division,Athlone Town,2,1,5,6,6,4,4,3,3,3,6,6,13,11,13,12
Ireland - First Division,Bray Wanderers,3,6,5,4,4,1,6,2,6,7,2,11,12,11,14,20
Ireland - First Division,Cobh Ramblers,6,4,3,4,7,4,5,1,9,2,4,5,16,12,18,8
Ireland - First Division,Finn Harps,3,4,3,6,3,3,5,5,3,10,3,0,9,13,11,15
Ireland - First Division,Galway Utd,12,0,5,0,11,1,10,0,11,2,9,2,28,1,30,4
Ireland - First Division,Kerry,4,3,1,2,2,10,3,7,1,13,2,9,7,15,6,29
Ireland - First Division,Longford Town,3,0,1,6,5,2,2,4,3,8,5,7,9,8,10,19
Ireland - First Division,Treaty Utd,4,7,3,7,3,3,4,0,6,6,7,10,10,17,17,16
Ireland - First Division,Waterford,8,2,9,4,10,3,7,5,4,3,8,2,27,9,19,10
Ireland - First Division,Wexford,2,4,2,4,4,6,3,5,5,6,6,4,8,14,14,15
Israel - Ligat HaAl,Ashdod,3,1,1,2,0,2,4,1,0,3,1,5,4,5,5,9
Israel - Ligat HaAl,B. Jerusalem,1,2,3,1,5,3,2,6,3,2,2,3,9,6,7,11
Israel - Ligat HaAl,Bnei Sakhnin,1,3,0,1,0,0,1,5,2,3,4,0,1,4,7,8
Israel - Ligat HaAl,H. Beer Sheva,3,0,1,0,3,2,6,0,2,1,4,3,7,2,12,4
Israel - Ligat HaAl,H. Jerusalem,1,0,1,0,4,2,0,2,0,4,3,1,6,2,3,7
Israel - Ligat HaAl,H. Petah Tikva,1,0,2,1,2,3,2,0,0,1,2,2,5,4,4,3
Israel - Ligat HaAl,Hapoel Hadera,2,3,1,1,1,7,2,5,1,3,1,3,4,11,4,11
Israel - Ligat HaAl,Hapoel Haifa,2,3,2,0,3,4,2,4,3,0,5,4,7,7,10,8
Israel - Ligat HaAl,Hapoel Tel Aviv,3,1,1,4,1,2,2,1,3,3,2,5,5,7,7,9
Israel - Ligat HaAl,M. Bnei Raina,2,1,1,1,1,4,4,0,1,0,2,5,4,6,7,5
Israel - Ligat HaAl,M. Petah Tikva,1,1,5,1,4,2,2,3,0,4,4,4,10,4,6,11
Israel - Ligat HaAl,M. Tel Aviv,1,2,3,2,2,2,5,1,3,0,3,1,6,6,11,2
Israel - Ligat HaAl,Maccabi Haifa,1,0,1,2,7,1,0,1,6,0,6,0,9,3,12,1
Israel - Ligat HaAl,Maccabi Netanya,3,3,2,1,3,1,0,2,2,1,3,3,8,5,5,6
Israel - Leumit League,Bnei Yehuda,2,0,1,0,2,0,1,1,0,0,2,0,5,0,3,1
Israel - Leumit League,H. Ironi Rishon,0,1,0,0,0,0,0,0,0,1,1,1,0,1,1,2
Israel - Leumit League,H. Kfar Saba,2,0,0,0,0,3,1,3,0,1,1,2,2,3,2,6
Israel - Leumit League,H. Nof Hagalil,2,0,0,0,0,0,2,0,0,1,1,1,2,0,3,2
Israel - Leumit League,H. Ramat Gan,0,0,1,0,1,1,1,1,1,0,1,0,2,1,3,1
Israel - Leumit League,H. Umm al-Fahm,0,0,0,0,0,2,1,1,1,0,2,0,0,2,4,1
Israel - Leumit League,Hapoel Afula,0,0,0,1,0,2,0,1,0,1,3,0,0,3,3,2
Israel - Leumit League,Hapoel Akko,1,0,0,0,1,0,1,1,0,1,0,2,2,0,1,4
Israel - Leumit League,Ihud B. Shfaram,0,1,1,2,1,0,0,2,0,1,2,0,2,3,2,3
Israel - Leumit League,Ironi Tiberias,0,0,2,1,0,1,0,0,2,0,3,1,2,2,5,1
Israel - Leumit League,Kafr Qasim,1,1,1,3,0,1,0,0,2,0,1,1,2,5,3,1
Israel - Leumit League,Kiryat Shmona,2,0,0,0,4,0,3,1,1,0,1,0,6,0,5,1
Israel - Leumit League,M. Herziliya,0,1,0,0,1,1,0,1,0,1,2,1,1,2,2,3
Israel - Leumit League,Maccabi Jaffa,0,3,0,0,3,0,0,0,4,2,5,1,3,3,9,3
Israel - Leumit League,Nes Tziona,0,1,0,0,0,0,0,0,0,0,1,1,0,1,1,1
Israel - Leumit League,Ramat Hasharon,0,0,1,1,1,0,1,2,2,1,3,0,2,1,6,3
Italy - Serie A,AC Milan,3,0,0,1,7,1,4,0,2,3,4,2,10,2,10,5
Italy - Serie A,AS Roma,3,2,5,0,2,1,1,3,0,2,13,1,10,3,14,6
Italy - Serie A,Atalanta,3,1,0,0,6,3,5,1,3,0,7,2,9,4,15,3
Italy - Serie A,Bologna,0,1,3,3,1,0,4,0,1,1,5,0,4,4,10,1
Italy - Serie A,Cagliari,1,1,1,7,1,4,1,5,3,1,7,0,3,12,11,6
Italy - Serie A,Empoli,2,4,1,3,2,1,0,2,2,4,1,3,5,8,3,9
Italy - Serie A,Fiorentina,3,3,4,2,2,1,3,2,0,1,5,2,9,6,8,5
Italy - Serie A,Frosinone,2,2,1,5,3,3,3,2,6,0,5,4,6,10,14,6
Italy - Serie A,Genoa,1,2,0,2,6,3,3,1,2,1,2,3,7,7,7,5
Italy - Serie A,Hellas Verona,2,1,0,3,3,2,3,4,1,3,3,1,5,6,7,8
Italy - Serie A,Inter Milan,5,0,1,1,7,0,3,3,2,2,7,0,13,1,12,5
Italy - Serie A,Juventus,2,0,2,1,1,1,6,0,3,3,3,0,5,2,12,3
Italy - Serie A,Lazio,4,0,0,1,0,3,2,1,3,2,3,0,4,4,8,3
Italy - Serie A,Lecce,2,0,0,4,1,3,1,2,2,3,6,3,3,7,9,8
Italy - Serie A,Monza,1,5,3,0,2,0,1,2,2,1,3,3,6,5,6,6
Italy - Serie A,Napoli,0,1,2,3,4,2,1,1,5,3,2,4,6,6,8,8
Italy - Serie A,Salernitana,1,5,0,2,2,2,2,4,5,3,2,8,3,9,9,15
Italy - Serie A,Sassuolo,3,2,2,3,3,1,1,1,2,2,2,6,8,6,5,9
Italy - Serie A,Torino,1,0,2,1,1,0,2,1,2,2,4,2,4,1,8,5
Italy - Serie A,Udinese,0,3,4,1,3,5,5,0,2,2,1,8,7,9,8,10
Japan - J1 League,Albirex Niigata,1,4,4,6,3,5,3,2,4,1,6,4,8,15,13,7
Japan - J1 League,Avispa Fukuoka,1,1,1,5,0,2,2,5,3,2,8,3,2,8,13,10
Japan - J1 League,C. Sapporo,7,3,3,4,3,6,5,6,1,2,6,5,13,13,12,13
Japan - J1 League,Cerezo Osaka,4,4,4,3,3,0,3,1,4,2,4,6,11,7,11,9
Japan - J1 League,FC Tokyo,4,4,5,2,8,4,3,7,6,2,5,5,17,10,14,14
Japan - J1 League,Gamba Osaka,4,2,4,4,2,3,6,2,6,2,0,9,10,9,12,13
Japan - J1 League,K. Frontale,1,4,5,4,4,7,5,1,5,2,9,3,10,15,19,6
Japan - J1 League,Kashima Antlers,7,0,4,2,2,2,1,2,4,3,5,6,13,4,10,11
Japan - J1 League,Kashiwa Reysol,3,3,2,2,6,4,3,5,1,7,3,4,11,9,7,16
Japan - J1 League,Kyoto Sanga,2,1,3,4,2,6,3,2,2,3,7,3,7,11,12,8
Japan - J1 League,Nagoya G.,2,2,2,1,7,2,4,2,6,3,2,3,11,5,12,8
Japan - J1 League,S. Hiroshima,4,3,1,4,1,2,5,1,5,2,10,1,6,9,20,4
Japan - J1 League,Sagan Tosu,5,6,1,2,1,8,2,3,3,2,6,5,7,16,11,10
Japan - J1 League,Shonan Bellmare,3,5,4,3,6,1,3,6,0,9,2,7,13,9,5,22
Japan - J1 League,Urawa RD,1,2,2,1,3,2,5,4,7,4,7,2,6,5,19,10
Japan - J1 League,Vissel Kobe,3,1,6,5,4,3,8,2,4,0,6,3,13,9,18,5
Japan - J1 League,Yokohama FC,2,3,2,1,4,6,3,6,2,5,3,3,8,10,8,14
Japan - J1 League,Yokohama M.,6,1,4,2,4,5,5,1,6,3,11,3,14,8,22,7
Japan - J2 League,Blaublitz Akita,2,4,0,1,2,3,6,1,1,3,3,7,4,8,10,11
Japan - J2 League,Fagiano Okayama,3,4,2,3,4,7,4,6,4,3,9,3,9,14,17,12
Japan - J2 League,Fujieda MYFC,2,4,2,6,4,4,8,1,4,8,9,11,8,14,21,20
Japan - J2 League,Iwaki,2,3,3,4,1,7,5,5,6,10,3,6,6,14,14,21
Japan - J2 League,JEF Utd Chiba,2,2,4,3,9,3,5,1,1,4,9,8,15,8,15,13
Japan - J2 League,Jubilo Iwata,5,5,4,4,7,5,8,3,8,3,11,5,16,14,27,11
Japan - J2 League,Kusatsu,4,1,3,1,2,2,4,2,3,3,2,3,9,4,9,8
Japan - J2 League,M. Yamagata,5,3,2,2,7,3,7,5,5,4,12,4,14,8,24,13
Japan - J2 League,Machida Zelvia,6,2,3,4,13,4,4,2,6,3,9,7,22,10,19,12
Japan - J2 League,Mito Hollyhock,4,6,1,2,5,6,6,8,9,5,5,9,10,14,20,22
Japan - J2 League,Oita Trinita,3,3,3,2,9,5,5,3,3,9,7,5,15,10,15,17
Japan - J2 League,Omiya Ardija,3,2,1,8,3,4,4,6,1,3,8,11,7,14,13,20
Japan - J2 League,R. Kumamoto,1,5,5,2,7,4,3,7,2,7,5,5,13,11,10,19
Japan - J2 League,R. Yamaguchi,2,5,6,5,1,6,2,3,6,6,7,9,9,16,15,18
Japan - J2 League,Shimizu S-Pulse,7,2,7,3,11,2,4,4,6,3,7,2,25,7,17,9
Japan - J2 League,Tochigi SC,5,1,5,0,3,4,3,2,5,8,8,7,13,5,16,17
Japan - J2 League,Tokushima V.,2,3,3,2,3,1,1,8,3,1,6,10,8,6,10,19
Japan - J2 League,Tokyo Verdy,1,1,4,6,2,2,2,2,4,5,9,2,7,9,15,9
Japan - J2 League,Vegalta Sendai,3,6,4,4,7,3,0,8,2,2,6,6,14,13,8,16
Japan - J2 League,Ventforet Kofu,2,4,2,4,6,4,5,4,8,2,8,3,10,12,21,9
Japan - J2 League,V-V. Nagasaki,5,1,5,1,8,5,4,4,8,7,11,10,18,7,23,21
Japan - J2 League,Z. Kanazawa,4,6,6,4,4,10,5,0,2,3,4,5,14,20,11,8
Japan - J3 League,AC Numazu,1,4,2,4,6,1,4,1,6,4,8,7,9,9,18,12
Japan - J3 League,Ehime FC,0,4,6,4,3,4,6,4,8,4,7,5,9,12,21,13
Japan - J3 League,FC Gifu,4,2,5,3,1,3,7,1,2,3,3,5,10,8,12,9
Japan - J3 League,FC Imabari,6,5,2,3,7,2,4,2,2,3,7,3,15,10,13,8
Japan - J3 League,FC Ryukyu,1,6,2,6,6,3,3,6,1,8,11,3,9,15,15,17
Japan - J3 League,Fukushima Utd,0,4,3,4,2,4,1,3,2,2,3,6,5,12,6,11
Japan - J3 League,G. Kitakyushu,5,3,0,2,3,3,4,7,4,4,4,4,8,8,12,15
Japan - J3 League,Gainare Tottori,5,3,4,4,4,3,5,5,7,5,4,9,13,10,16,19
Japan - J3 League,IG Morioka,2,5,3,1,1,2,2,6,3,5,8,7,6,8,13,18
Japan - J3 League,Kagoshima Utd,3,5,2,3,5,1,5,2,4,4,13,4,10,9,22,10
Japan - J3 League,Kamatamare S.,5,0,2,2,2,4,2,6,5,2,1,3,9,6,8,11
Japan - J3 League,Kataller Toyama,1,2,6,2,11,4,1,9,2,2,9,4,18,8,12,15
Japan - J3 League,Matsumoto Y.,2,1,3,2,5,5,5,3,4,4,6,10,10,8,15,17
Japan - J3 League,Nagano Parceiro,7,3,3,5,5,3,3,6,6,9,3,8,15,11,12,23
Japan - J3 League,Nara Club,1,5,2,0,1,5,2,3,5,2,5,5,4,10,12,10
Japan - J3 League,Osaka,1,1,2,3,5,3,4,4,1,2,7,6,8,7,12,12
Japan - J3 League,SC Sagamihara,1,2,0,3,2,5,3,4,7,1,8,5,3,10,18,10
Japan - J3 League,T. Miyazaki,2,4,2,1,2,8,1,3,3,2,5,11,6,13,9,16
Japan - J3 League,V. Hachinohe,3,4,1,2,3,4,6,4,3,2,6,6,7,10,15,12
Japan - J3 League,YSCC,4,2,2,4,2,6,2,4,3,4,14,6,8,12,19,14
Kazakhstan - Premier League,Aksu,0,0,2,2,2,4,5,0,3,7,2,4,4,6,10,11
Kazakhstan - Premier League,Aktobe,3,1,4,2,5,5,4,1,6,1,5,2,12,8,15,4
Kazakhstan - Premier League,Atyrau,1,1,2,1,5,1,1,2,1,3,3,1,8,3,5,6
Kazakhstan - Premier League,FC Astana,4,1,9,1,1,3,0,5,4,0,6,6,14,5,10,11
Kazakhstan - Premier League,Kairat Almaty,4,2,3,1,7,5,1,3,5,2,5,4,14,8,11,9
Kazakhstan - Premier League,Kaisar K.,1,3,1,3,3,3,4,2,2,2,2,2,5,9,8,6
Kazakhstan - Premier League,Kaspiy Aktau,0,1,5,1,3,3,0,5,5,2,2,7,8,5,7,14
Kazakhstan - Premier League,Kyzylzhar,3,1,2,2,1,2,1,0,3,1,1,2,6,5,5,3
Kazakhstan - Premier League,Maqtaaral,7,2,0,5,3,4,3,1,0,1,6,3,10,11,9,5
Kazakhstan - Premier League,Okzhetpes,2,2,3,1,1,4,2,3,0,3,4,3,6,7,6,9
Kazakhstan - Premier League,Ordabasy,3,0,5,2,4,1,4,3,4,2,7,0,12,3,15,5
Kazakhstan - Premier League,S. Karagandy,1,1,1,4,5,1,3,3,4,3,4,2,7,6,11,8
Kazakhstan - Premier League,Tobol,2,1,2,1,2,1,2,2,3,5,5,3,6,3,10,10
Kazakhstan - Premier League,Zhetysu,2,3,0,1,3,7,0,2,0,3,5,5,5,11,5,10
Lithuania - A Lyga,Banga,2,5,0,4,2,6,1,2,2,7,5,5,4,15,8,14
Lithuania - A Lyga,Dainava,0,0,1,5,2,2,4,3,3,3,8,7,3,7,15,13
Lithuania - A Lyga,Dziugas Telsiai,3,6,1,3,2,4,0,6,2,3,7,7,6,13,9,16
Lithuania - A Lyga,FA Siauliai,3,1,4,1,6,3,4,2,3,2,5,2,13,5,12,6
Lithuania - A Lyga,Hegelmann L.,1,0,7,1,9,3,4,3,4,5,9,2,17,4,17,10
Lithuania - A Lyga,Kauno Zalgiris,3,2,4,5,5,2,6,3,4,5,11,2,12,9,21,10
Lithuania - A Lyga,Panevezys,3,2,2,0,5,2,5,1,5,0,11,1,10,4,21,2
Lithuania - A Lyga,Riteriai,1,5,2,5,1,5,2,5,0,5,4,9,4,15,6,19
Lithuania - A Lyga,Suduva,1,4,2,2,2,3,3,3,4,3,4,9,5,9,11,15
Lithuania - A Lyga,Zalgiris,5,2,3,2,7,2,5,0,9,5,6,3,15,6,20,8
Malaysia - Super League,Johor Darul,5,0,7,0,11,0,8,1,4,1,11,0,23,0,23,2
Malaysia - Super League,Kedah,3,2,6,0,3,0,7,3,5,3,4,1,12,2,16,7
Malaysia - Super League,Kelantan,4,5,2,5,3,10,1,10,0,10,2,7,9,20,3,27
Malaysia - Super League,Kelantan United,0,3,3,7,1,6,3,3,5,4,3,8,4,16,11,15
Malaysia - Super League,Kuala Lumpur,3,1,4,1,5,4,1,4,3,1,6,4,12,6,10,9
Malaysia - Super League,Kuching,1,5,0,1,2,4,2,4,1,5,0,3,3,10,3,12
Malaysia - Super League,Negeri Sembilan,0,1,4,3,3,4,1,7,3,4,6,5,7,8,10,16
Malaysia - Super League,Pahang,3,4,2,4,4,3,4,0,3,1,6,3,9,11,13,4
Malaysia - Super League,PDRM,1,0,1,2,3,1,1,1,3,1,3,3,5,3,7,5
Malaysia - Super League,Perak,5,3,3,4,3,4,2,5,3,7,1,5,11,11,6,17
Malaysia - Super League,Pulau Pinang,2,5,4,4,5,3,3,1,3,2,5,3,11,12,11,6
Malaysia - Super League,Sabah,9,1,6,2,7,1,6,5,6,4,6,6,22,4,18,15
Malaysia - Super League,Selangor,1,1,7,1,5,1,3,1,2,3,9,3,13,3,14,7
Malaysia - Super League,Terengganu,1,1,6,3,1,4,1,2,3,1,3,4,8,8,7,7
Malta - Premier League,Balzan,3,5,3,4,4,5,3,2,2,2,1,2,10,14,6,6
Malta - Premier League,Birkirkara,5,1,9,0,3,3,3,1,5,1,4,2,17,4,12,4
Malta - Premier League,Floriana,3,2,2,1,1,1,2,3,1,3,4,2,6,4,7,8
Malta - Premier League,Gudja Utd,3,1,3,1,1,7,3,1,0,6,5,4,7,9,8,11
Malta - Premier League,Gzira Utd,4,1,3,2,2,3,3,0,5,2,3,4,9,6,11,6
Malta - Premier League,Hamrun Spartans,6,0,5,0,0,0,0,0,5,1,6,0,11,0,11,1
Malta - Premier League,Hibernians,1,2,4,4,3,1,2,3,3,5,4,6,8,7,9,14
Malta - Premier League,Marsaxlokk,2,2,2,1,4,7,0,6,0,5,4,5,8,10,4,16
Malta - Premier League,Mosta,0,6,3,1,2,4,5,0,5,3,6,5,5,11,16,8
Malta - Premier League,Pieta Hotspurs,1,4,3,5,0,6,2,9,2,7,4,9,4,15,8,25
Malta - Premier League,Santa Lucia,2,1,0,4,1,3,0,4,0,8,6,3,3,8,6,15
Malta - Premier League,Sirens,4,5,2,2,3,6,2,4,3,4,4,1,9,13,9,9
Malta - Premier League,Valletta,0,2,1,3,2,0,1,0,2,1,1,1,3,5,4,2
Malta - Premier League,Zebbug Rangers,4,3,0,4,1,4,1,6,2,4,4,6,5,11,7,16
Mexico - Liga MX - Apertura,A. San Luis,2,2,1,1,5,2,6,1,3,1,1,2,8,5,10,4
Mexico - Liga MX - Apertura,Atlas,1,3,1,1,3,1,1,0,1,1,0,2,5,5,2,3
Mexico - Liga MX - Apertura,CF America,2,2,3,2,7,0,1,3,4,0,8,2,12,4,13,5
Mexico - Liga MX - Apertura,Club Leon,0,2,2,3,5,1,2,0,4,0,1,1,7,6,7,1
Mexico - Liga MX - Apertura,Cruz Azul,2,2,2,2,4,3,0,3,1,2,1,4,8,7,2,9
Mexico - Liga MX - Apertura,Guadalajara,1,2,1,0,2,5,0,1,3,0,6,3,4,7,9,4
Mexico - Liga MX - Apertura,Juarez,3,2,0,1,4,2,2,3,1,3,3,1,7,5,6,7
Mexico - Liga MX - Apertura,Mazatlan,2,0,1,1,3,2,1,4,2,1,5,4,6,3,8,9
Mexico - Liga MX - Apertura,Monterrey,3,2,2,1,5,2,3,2,1,0,3,1,10,5,7,3
Mexico - Liga MX - Apertura,Necaxa,0,2,2,1,1,2,2,1,2,2,2,3,3,5,6,6
Mexico - Liga MX - Apertura,Pachuca,2,3,1,3,2,0,0,2,2,0,1,2,5,6,3,4
Mexico - Liga MX - Apertura,Puebla,3,2,2,4,2,3,2,0,0,3,4,2,7,9,6,5
Mexico - Liga MX - Apertura,Pumas UNAM,1,1,3,0,1,1,3,0,2,0,4,3,5,2,9,3
Mexico - Liga MX - Apertura,Queretaro,1,2,0,0,1,3,2,2,0,0,3,2,2,5,5,4
Mexico - Liga MX - Apertura,Santos Laguna,1,0,2,1,3,4,3,3,3,2,4,4,6,5,10,9
Mexico - Liga MX - Apertura,Tigres,2,1,2,0,2,2,4,2,3,0,6,3,6,3,13,5
Mexico - Liga MX - Apertura,Tijuana,2,1,4,2,4,1,5,2,3,3,2,2,10,4,10,7
Mexico - Liga MX - Apertura,Toluca,1,0,5,2,0,1,4,0,5,2,1,4,6,3,10,6
Mexico - Liga MX - Clausura,A. San Luis,1,0,1,0,0,0,0,0,1,3,1,0,2,0,2,3
Mexico - Liga MX - Clausura,Atlas,1,0,0,0,1,0,0,0,0,1,0,0,2,0,0,1
Mexico - Liga MX - Clausura,CF America,0,0,0,0,0,0,0,0,1,0,1,0,0,0,2,0
Mexico - Liga MX - Clausura,Club Leon,0,0,0,0,0,1,1,0,2,1,1,2,0,1,4,3
Mexico - Liga MX - Clausura,Cruz Azul,0,1,1,0,1,0,1,0,0,0,0,1,2,1,1,1
Mexico - Liga MX - Clausura,Guadalajara,1,1,0,0,1,1,0,0,0,1,2,0,2,2,2,1
Mexico - Liga MX - Clausura,Juarez,0,0,0,1,0,0,0,0,0,0,0,1,0,1,0,1
Mexico - Liga MX - Clausura,Mazatlan,0,1,2,0,0,0,0,1,0,1,0,0,2,1,0,2
Mexico - Liga MX - Clausura,Monterrey,1,0,0,0,2,1,2,0,0,0,1,1,3,1,3,1
Mexico - Liga MX - Clausura,Necaxa,0,0,0,1,0,0,0,0,0,0,2,0,0,1,2,0
Mexico - Liga MX - Clausura,Pachuca,0,2,2,0,1,0,0,1,0,0,1,0,3,2,1,1
Mexico - Liga MX - Clausura,Puebla,0,0,1,0,0,1,1,0,0,0,0,2,1,1,1,2
Mexico - Liga MX - Clausura,Pumas UNAM,1,0,1,1,1,0,1,2,2,0,0,0,3,1,3,2
Mexico - Liga MX - Clausura,Queretaro,1,0,1,0,0,0,1,0,0,1,0,2,2,0,1,3
Mexico - Liga MX - Clausura,Santos Laguna,0,1,0,0,0,0,0,0,2,1,1,0,0,1,3,1
Mexico - Liga MX - Clausura,Tigres,0,0,0,0,0,0,0,0,1,0,0,0,0,0,1,0
Mexico - Liga MX - Clausura,Tijuana,0,0,1,0,0,0,0,0,0,1,0,2,1,0,0,3
Mexico - Liga MX - Clausura,Toluca,0,0,0,1,1,0,0,0,1,0,2,0,1,1,3,0
Netherlands - Eredivisie,Ajax Amsterdam,4,2,1,1,5,4,4,4,4,0,6,1,10,7,14,5
Netherlands - Eredivisie,Almere City,0,2,1,1,2,1,0,1,2,5,5,7,3,4,7,13
Netherlands - Eredivisie,AZ Alkmaar,6,3,2,1,1,1,6,4,1,1,9,1,9,5,16,6
Netherlands - Eredivisie,Excelsior,0,1,4,1,2,0,1,3,5,8,4,3,6,2,10,14
Netherlands - Eredivisie,FC Twente,3,3,1,0,4,3,1,3,2,1,8,2,8,6,11,6
Netherlands - Eredivisie,FC Utrecht,0,2,3,1,1,3,3,4,2,4,2,4,4,6,7,12
Netherlands - Eredivisie,FC Volendam,2,2,0,0,0,3,3,5,2,2,1,6,2,5,6,13
Netherlands - Eredivisie,Feyenoord,5,0,6,1,2,2,4,1,3,2,6,2,13,3,13,5
Netherlands - Eredivisie,Fortuna Sittard,3,1,3,0,2,3,2,2,1,1,2,2,8,4,5,5
Netherlands - Eredivisie,Go Ahead Eagles,2,2,2,3,6,3,2,0,5,2,7,4,10,8,14,6
Netherlands - Eredivisie,Heerenveen,3,0,4,3,3,3,1,3,5,1,1,2,10,6,7,6
Netherlands - Eredivisie,Heracles Almelo,1,4,0,5,0,3,3,5,6,3,3,4,1,12,12,12
Netherlands - Eredivisie,NEC Nijmegen,1,2,2,0,6,2,3,2,3,2,6,7,9,4,12,11
Netherlands - Eredivisie,PEC Zwolle,0,4,2,1,1,1,1,4,4,2,2,3,3,6,7,9
Netherlands - Eredivisie,PSV Eindhoven,3,1,5,0,5,1,9,0,3,0,6,3,13,2,18,3
Netherlands - Eredivisie,RKC Waalwijk,0,0,2,2,3,4,4,5,0,3,2,5,5,6,6,13
Netherlands - Eredivisie,Sparta,1,3,0,0,2,1,4,5,1,0,2,6,3,4,7,11
Netherlands - Eredivisie,Vitesse Arnhem,1,0,2,3,0,1,0,2,1,3,2,4,3,4,3,9
Netherlands - Eerste Divisie,ADO Den Haag,3,3,5,4,6,2,4,2,4,2,6,2,14,9,14,6
Netherlands - Eerste Divisie,Cambuur,7,3,3,4,1,6,4,1,7,1,5,7,11,13,16,9
Netherlands - Eerste Divisie,De Graafschap,3,1,1,2,4,2,5,1,1,0,3,4,8,5,9,5
Netherlands - Eerste Divisie,FC Den Bosch,5,1,0,3,1,2,1,8,5,4,3,4,6,6,9,16
Netherlands - Eerste Divisie,FC Dordrecht,4,1,5,4,6,3,3,2,6,2,6,5,15,8,15,9
Netherlands - Eerste Divisie,FC Eindhoven,2,3,4,3,0,2,1,4,1,1,4,3,6,8,6,8
Netherlands - Eerste Divisie,FC Emmen,4,2,2,3,5,3,1,0,2,2,2,4,11,8,5,6
Netherlands - Eerste Divisie,FC Groningen,3,3,5,1,3,2,1,1,8,1,2,3,11,6,11,5
Netherlands - Eerste Divisie,Helmond Sport,6,0,4,3,2,2,4,3,2,3,4,5,12,5,10,11
Netherlands - Eerste Divisie,Jong Ajax,3,2,4,2,3,1,3,3,1,1,4,2,10,5,8,6
Netherlands - Eerste Divisie,Jong AZ,6,4,2,0,4,2,5,0,2,6,4,2,12,6,11,8
Netherlands - Eerste Divisie,Jong PSV,0,1,3,3,3,1,2,4,7,2,1,14,6,5,10,20
Netherlands - Eerste Divisie,Jong Utrecht,2,0,2,1,3,2,0,1,0,3,4,2,7,3,4,6
Netherlands - Eerste Divisie,MVV Maastricht,4,4,5,0,1,5,2,2,0,2,4,1,10,9,6,5
Netherlands - Eerste Divisie,NAC Breda,2,4,1,3,4,1,1,2,5,2,3,2,7,8,9,6
Netherlands - Eerste Divisie,Roda JC,3,2,3,0,6,1,1,1,2,0,9,2,12,3,12,3
Netherlands - Eerste Divisie,Telstar,3,2,1,1,0,3,3,4,0,4,5,5,4,6,8,13
Netherlands - Eerste Divisie,TOP Oss,4,3,2,0,1,6,0,3,1,8,2,1,7,9,3,12
Netherlands - Eerste Divisie,VVV,4,2,2,2,4,4,3,5,3,4,6,3,10,8,12,12
Netherlands - Eerste Divisie,Willem II,1,3,2,4,4,2,6,2,6,1,8,0,7,9,20,3
Northern Ireland - NIFL Premiership,Ballymena Utd,0,2,2,5,1,4,4,3,1,4,3,5,3,11,8,12
Northern Ireland - NIFL Premiership,Carrick Rangers,1,2,2,4,2,5,0,1,3,6,3,3,5,11,6,10
Northern Ireland - NIFL Premiership,Cliftonville,5,0,6,1,6,2,6,2,5,0,4,1,17,3,15,3
Northern Ireland - NIFL Premiership,Coleraine,1,5,1,1,3,2,3,3,6,3,5,9,5,8,14,15
Northern Ireland - NIFL Premiership,Crusaders,2,1,3,1,4,4,6,4,3,1,2,5,9,6,11,10
Northern Ireland - NIFL Premiership,Dungannon,3,1,2,1,7,4,3,7,2,4,5,8,12,6,10,19
Northern Ireland - NIFL Premiership,Glenavon,2,0,0,0,2,4,0,5,2,3,3,5,4,4,5,13
Northern Ireland - NIFL Premiership,Glentoran,8,0,6,1,6,0,4,2,5,2,3,5,20,1,12,9
Northern Ireland - NIFL Premiership,Larne,8,0,4,1,5,1,6,1,3,1,9,6,17,2,18,8
Northern Ireland - NIFL Premiership,Linfield,4,1,7,3,8,4,6,1,8,3,6,4,19,8,20,8
Northern Ireland - NIFL Premiership,Loughgall,2,3,4,4,2,5,3,5,5,6,5,2,8,12,13,13
Northern Ireland - NIFL Premiership,Newry City,2,5,1,7,1,6,1,7,0,2,1,6,4,18,2,15
Norway - Eliteserien,Aalesund,0,4,2,2,4,4,2,7,2,4,3,6,6,10,7,17
Norway - Eliteserien,Bodo / Glimt,7,5,7,2,3,3,7,2,5,3,10,1,17,10,22,6
Norway - Eliteserien,Brann,3,2,5,2,8,1,8,2,5,2,6,6,16,5,19,10
Norway - Eliteserien,HamKam,2,1,2,4,3,1,2,4,7,5,5,7,7,6,14,16
Norway - Eliteserien,Haugesund,5,1,1,3,4,2,2,3,3,6,9,5,10,6,14,14
Norway - Eliteserien,Lillestrom,3,3,6,2,6,6,4,6,4,3,11,3,15,11,19,12
Norway - Eliteserien,Molde,6,0,7,4,4,5,5,2,6,2,9,3,17,9,20,7
Norway - Eliteserien,Odd,2,3,2,1,6,3,3,4,2,2,7,2,10,7,12,8
Norway - Eliteserien,Rosenborg,2,4,4,5,3,4,6,1,4,2,5,4,9,13,15,7
Norway - Eliteserien,Sandefjord,5,3,1,0,7,3,4,4,3,1,6,6,13,6,13,11
Norway - Eliteserien,Sarpsborg 08,6,5,6,2,6,5,4,4,3,3,10,5,18,12,17,12
Norway - Eliteserien,Stabaek,4,1,3,4,1,2,2,1,3,2,4,6,8,7,9,9
Norway - Eliteserien,Stromsgodset,4,2,4,4,3,3,1,3,4,2,6,1,11,9,11,6
Norway - Eliteserien,Tromso,4,2,1,2,4,2,6,2,3,4,5,3,9,6,14,9
Norway - Eliteserien,Valerenga,2,6,6,2,3,4,3,5,2,5,3,7,11,12,8,17
Norway - Eliteserien,Viking,4,3,2,5,1,5,6,4,14,3,12,8,7,13,32,15
Norway - 1st Division,Asane,3,2,8,3,3,3,3,3,5,4,3,6,14,8,11,13
Norway - 1st Division,Bryne,4,2,2,2,6,1,3,2,2,1,7,4,12,5,12,7
Norway - 1st Division,Fredrikstad,2,2,4,1,4,1,5,2,6,0,5,3,10,4,16,5
Norway - 1st Division,Hodd,3,2,3,3,4,2,1,3,3,1,2,4,10,7,6,8
Norway - 1st Division,Jerv,1,6,2,2,1,5,2,5,6,2,6,5,4,13,14,12
Norway - 1st Division,KFUM Oslo,2,2,2,1,4,2,7,3,3,0,9,4,8,5,19,7
Norway - 1st Division,Kongsvinger,2,2,6,3,2,4,6,3,4,2,8,4,10,9,18,9
Norway - 1st Division,Kristiansund,3,2,3,1,7,5,4,2,4,2,8,4,13,8,16,8
Norway - 1st Division,Mjondalen,1,5,5,4,4,2,4,1,4,3,4,4,10,11,12,8
Norway - 1st Division,Moss,2,1,2,4,3,2,6,3,2,2,5,1,7,7,13,6
Norway - 1st Division,Ranheim,4,3,1,8,4,6,6,3,0,5,7,6,9,17,13,14
Norway - 1st Division,Raufoss,5,0,2,1,3,0,3,2,5,6,1,4,10,1,9,12
Norway - 1st Division,Sandnes Ulf,3,2,3,2,6,5,2,4,6,4,5,5,12,9,13,13
Norway - 1st Division,Skeid,2,1,3,8,4,5,3,4,2,3,1,12,9,14,6,19
Norway - 1st Division,Sogndal,1,2,2,2,6,3,5,1,6,6,5,7,9,7,16,14
Norway - 1st Division,Start,1,2,5,4,3,1,6,2,6,0,11,5,9,7,23,7
Paraguay - Primera Div. - Apertura,2 de Mayo,0,0,0,0,0,0,1,1,1,0,0,0,0,0,2,1
Paraguay - Primera Div. - Apertura,Cerro Porteno,1,0,0,1,0,0,1,0,0,0,1,0,1,1,2,0
Paraguay - Primera Div. - Apertura,G. Caballero,0,0,0,0,1,1,1,0,0,0,1,1,1,1,2,1
Paraguay - Primera Div. - Apertura,Guarani,0,0,2,0,2,0,0,0,0,0,0,1,4,0,0,1
Paraguay - Primera Div. - Apertura,Libertad,0,0,0,0,2,1,0,0,0,0,0,0,2,1,0,0
Paraguay - Primera Div. - Apertura,Nacional,1,0,0,0,0,1,1,0,0,0,0,1,1,1,1,1
Paraguay - Primera Div. - Apertura,Olimpia,1,1,1,0,1,0,0,0,0,2,0,0,3,1,0,2
Paraguay - Primera Div. - Apertura,S. Ameliano,1,1,0,0,0,0,1,0,0,2,0,1,1,1,1,3
Paraguay - Primera Div. - Apertura,S. Luqueno,2,0,0,0,0,0,1,1,0,0,0,0,2,0,1,1
Paraguay - Primera Div. - Apertura,S. Trinidense,0,0,0,0,0,0,0,1,1,1,0,0,0,0,1,2
Paraguay - Primera Div. - Apertura,Sol de America,0,0,1,0,0,0,0,0,0,0,1,2,1,0,1,2
Paraguay - Primera Div. - Apertura,Tacuary,0,0,0,0,0,0,0,0,0,0,0,1,0,0,0,1
Peru - Liga 1 - Apertura,AD Cantolao,3,1,1,0,1,0,1,5,0,3,1,2,5,1,2,10
Peru - Liga 1 - Apertura,ADT,2,2,5,3,1,2,2,2,0,1,3,0,8,7,5,3
Peru - Liga 1 - Apertura,Alianza A.,1,1,3,1,4,2,4,3,1,2,5,2,8,4,10,7
Peru - Liga 1 - Apertura,Alianza Lima,3,0,2,1,4,0,8,1,2,1,6,1,9,1,16,3
Peru - Liga 1 - Apertura,Atletico Grau,2,1,3,0,4,2,1,0,1,1,6,1,9,3,8,2
Peru - Liga 1 - Apertura,Binacional,3,2,2,1,5,2,4,2,5,3,3,3,10,5,12,8
Peru - Liga 1 - Apertura,Cajamarca,2,0,0,0,1,0,0,1,2,0,0,2,3,0,2,3
Peru - Liga 1 - Apertura,Carlos Manucci,1,0,0,0,2,2,1,0,1,1,4,2,3,2,6,3
Peru - Liga 1 - Apertura,Cesar Vallejo,0,0,0,1,3,0,4,2,5,4,6,0,3,1,15,6
Peru - Liga 1 - Apertura,Cienciano,3,1,3,1,1,1,2,0,4,2,1,1,7,3,7,3
Peru - Liga 1 - Apertura,Cusco,2,0,1,2,0,0,5,1,5,1,3,1,3,2,13,3
Peru - Liga 1 - Apertura,D. Garcilaso,3,0,0,2,1,2,3,2,5,2,3,5,4,4,11,9
Peru - Liga 1 - Apertura,D. Municipal,4,2,1,3,2,0,0,2,2,1,2,1,7,5,4,4
Peru - Liga 1 - Apertura,FBC Melgar,0,1,6,2,5,1,1,3,4,3,1,1,11,4,6,7
Peru - Liga 1 - Apertura,S. Cristal,1,3,1,1,2,0,2,1,7,0,1,2,4,4,10,3
Peru - Liga 1 - Apertura,Sport Boys,1,1,0,1,1,2,1,2,2,2,5,5,2,4,8,9
Peru - Liga 1 - Apertura,Sport Huancayo,1,2,4,1,1,2,4,3,2,1,5,2,6,5,11,6
Peru - Liga 1 - Apertura,Union Comercio,4,4,1,2,2,2,0,3,4,4,5,3,7,8,9,10
Peru - Liga 1 - Apertura,Universitario,2,0,2,1,4,1,4,2,6,0,3,0,8,2,13,2
Poland - Ekstraklasa,Cracovia Krakow,1,4,2,1,2,3,4,3,1,2,5,6,5,8,10,11
Poland - Ekstraklasa,Gornik Zabrze,2,0,3,0,0,1,2,1,0,1,2,3,5,1,4,5
Poland - Ekstraklasa,Jagiellonia,3,2,6,1,5,2,2,0,4,0,6,2,14,5,12,2
Poland - Ekstraklasa,Korona Kielce,3,0,2,0,2,1,0,3,1,2,4,4,7,1,5,9
Poland - Ekstraklasa,Lech Poznan,3,2,2,2,7,1,3,1,2,2,5,4,12,5,10,7
Poland - Ekstraklasa,Legia Warsaw,2,2,3,1,3,3,2,1,4,1,4,1,8,6,10,3
Poland - Ekstraklasa,LKS Lodz,0,4,2,2,3,3,1,2,1,3,3,5,5,9,5,10
Poland - Ekstraklasa,Piast Gliwice,0,0,1,0,3,0,1,3,4,1,1,2,4,0,6,6
Poland - Ekstraklasa,Pogon Szczecin,0,3,4,3,4,3,5,2,5,1,3,6,8,9,13,9
Poland - Ekstraklasa,Puszcza Niepolo,0,1,3,2,3,2,3,1,4,2,1,6,6,5,8,9
Poland - Ekstraklasa,Radomiak Radom,1,0,2,5,2,0,2,4,2,2,3,0,5,5,7,6
Poland - Ekstraklasa,Rakow C.,3,2,2,1,3,0,3,1,6,0,4,0,8,3,13,1
Poland - Ekstraklasa,Ruch Chorzow,2,2,2,3,0,3,1,2,2,2,4,3,4,8,7,7
Poland - Ekstraklasa,Slask Wroclaw,1,0,1,1,3,0,2,3,4,1,4,2,5,1,10,6
Poland - Ekstraklasa,Stal Mielec,1,1,3,3,5,0,3,1,2,3,1,2,9,4,6,6
Poland - Ekstraklasa,Warta Poznan,1,2,1,5,3,1,0,0,0,1,1,2,5,8,1,3
Poland - Ekstraklasa,Widzew Lodz,0,2,0,2,4,3,2,1,2,1,2,2,4,7,6,4
Poland - Ekstraklasa,Zaglebie Lubin,0,4,0,1,2,0,3,1,2,3,4,3,2,5,9,7
Poland - 1. Liga,Arka Gdynia,1,1,1,1,2,2,2,0,3,1,5,1,4,4,10,2
Poland - 1. Liga,Chrobry Glogow,2,2,0,2,2,4,2,4,2,4,2,2,4,8,6,10
Poland - 1. Liga,Gornik Leczna,1,0,1,0,5,1,3,1,0,1,1,3,7,1,4,5
Poland - 1. Liga,Katowice,1,0,2,3,2,1,1,2,4,0,2,0,5,4,7,2
Poland - 1. Liga,Lechia Gdansk,1,1,1,0,4,1,1,0,1,0,7,2,6,2,9,2
Poland - 1. Liga,Miedz Legnica,3,1,1,1,2,1,3,2,4,1,2,3,6,3,9,6
Poland - 1. Liga,Motor Lublin,1,3,2,3,1,2,1,1,8,3,4,5,4,8,13,9
Poland - 1. Liga,Odra Opole,0,1,0,1,1,2,3,1,3,0,5,2,1,4,11,3
Poland - 1. Liga,Podbeskidzie,1,0,2,1,3,1,0,1,2,0,0,4,6,2,2,5
Poland - 1. Liga,Polonia Warszaw,5,2,0,1,0,3,2,3,2,2,3,5,5,6,7,10
Poland - 1. Liga,Resovia Rzeszow,1,0,3,2,1,1,2,5,0,0,2,3,5,3,4,8
Poland - 1. Liga,Stal Rzeszow,0,3,0,1,4,3,1,5,3,1,6,2,4,7,10,8
Poland - 1. Liga,T. Nieciecza,1,1,1,3,4,2,4,2,1,0,1,4,6,6,6,6
Poland - 1. Liga,Tychy,3,0,1,3,3,1,3,1,1,1,4,0,7,4,8,2
Poland - 1. Liga,Wisla Krakow,2,2,3,1,6,0,2,1,3,1,10,6,11,3,15,8
Poland - 1. Liga,Wisla Plock,0,0,1,0,4,2,6,3,4,1,4,3,5,2,14,7
Poland - 1. Liga,Z. Sosnowiec,2,2,1,2,1,1,1,4,1,3,3,7,4,5,5,14
Poland - 1. Liga,Znicz Pruszkow,2,0,0,0,1,3,1,3,2,0,1,1,3,3,4,4
Portugal - Liga Portugal,Arouca,1,3,2,1,1,3,3,3,3,1,5,3,4,7,11,7
Portugal - Liga Portugal,Benfica,1,1,1,0,4,1,1,1,4,0,9,1,6,2,14,2
Portugal - Liga Portugal,Boavista,3,2,2,7,1,4,2,0,2,3,4,5,6,13,8,8
Portugal - Liga Portugal,Casa Pia,1,1,0,1,0,2,2,2,1,4,1,3,1,4,4,9
Portugal - Liga Portugal,Chaves,0,2,2,4,2,3,3,4,1,1,4,5,4,9,8,10
Portugal - Liga Portugal,Estoril,4,2,1,1,2,3,3,0,4,2,5,2,7,6,12,4
Portugal - Liga Portugal,Estrela Amadora,2,1,1,2,0,2,2,4,2,3,4,6,3,5,8,13
Portugal - Liga Portugal,Famalicao,1,3,1,1,4,2,1,1,2,2,1,3,6,6,4,6
Portugal - Liga Portugal,Farense,1,2,3,1,5,3,5,1,0,1,1,4,9,6,6,6
Portugal - Liga Portugal,FC Porto,6,0,0,0,0,2,4,0,2,1,5,2,6,2,11,3
Portugal - Liga Portugal,Gil Vicente,4,0,1,1,3,0,4,3,5,2,5,6,8,1,14,11
Portugal - Liga Portugal,Guimaraes,2,2,2,1,4,2,3,2,6,0,6,3,8,5,15,5
Portugal - Liga Portugal,Moreirense,1,0,3,4,3,2,1,1,0,3,5,2,7,6,6,6
Portugal - Liga Portugal,Portimonense,1,4,0,2,3,2,2,1,2,1,1,4,4,8,5,6
Portugal - Liga Portugal,Rio Ave,0,3,0,1,3,1,5,2,3,0,3,7,3,5,11,9
Portugal - Liga Portugal,Sporting Braga,1,3,1,3,2,0,8,0,0,2,7,2,4,6,15,4
Portugal - Liga Portugal,Sporting CP,5,0,4,0,6,1,6,3,5,1,6,2,15,1,17,6
Portugal - Liga Portugal,Vizela,2,2,0,2,0,7,2,4,3,3,3,3,2,11,8,10
Portugal - Liga Portugal 2,Academico Viseu,3,1,0,0,2,0,1,1,3,2,2,2,5,1,6,5
Portugal - Liga Portugal 2,AVS,1,2,4,1,2,2,2,1,1,1,1,0,7,5,4,2
Portugal - Liga Portugal 2,Benfica B,0,2,2,1,2,4,3,1,2,2,3,3,4,7,8,6
Portugal - Liga Portugal 2,FC Porto B,0,2,4,0,2,1,3,4,5,3,3,5,6,3,11,12
Portugal - Liga Portugal 2,Feirense,1,0,3,1,2,1,1,2,1,2,3,2,6,2,5,6
Portugal - Liga Portugal 2,Leixoes,0,0,0,3,1,0,1,2,0,1,2,4,1,3,3,7
Portugal - Liga Portugal 2,Mafra,1,1,4,1,4,4,1,0,0,2,0,0,9,6,1,2
Portugal - Liga Portugal 2,Maritimo,3,0,1,3,2,1,2,1,4,3,2,1,6,4,8,5
Portugal - Liga Portugal 2,Nacional,6,0,6,2,2,1,1,1,3,0,5,3,14,3,9,4
Portugal - Liga Portugal 2,Oliveirense,1,2,0,4,3,0,1,3,4,5,4,3,4,6,9,11
Portugal - Liga Portugal 2,Os Belenense,1,2,2,1,1,3,0,4,1,2,2,3,4,6,3,9
Portugal - Liga Portugal 2,Pacos Ferreira,3,1,4,3,3,4,1,0,2,1,3,0,10,8,6,1
Portugal - Liga Portugal 2,Penafiel,2,0,3,4,3,0,2,0,1,5,2,1,8,4,5,6
Portugal - Liga Portugal 2,Santa Clara,5,0,3,2,0,2,1,0,3,0,3,1,8,4,7,1
Portugal - Liga Portugal 2,Tondela,1,0,1,1,7,4,5,1,2,1,1,6,9,5,8,8
Portugal - Liga Portugal 2,Torreense,3,0,3,1,2,1,1,1,3,2,2,3,8,2,6,6
Portugal - Liga Portugal 2,Uniao de Leiria,3,2,3,2,3,2,0,2,4,1,0,2,9,6,4,5
Portugal - Liga Portugal 2,Vilaverdense,0,3,1,0,2,6,2,3,2,3,1,3,3,9,5,9
Scotland - Premiership,Aberdeen,1,2,2,3,3,0,3,1,1,1,1,6,6,5,5,8
Scotland - Premiership,Celtic,3,2,6,1,3,0,6,1,3,2,7,3,12,3,16,6
Scotland - Premiership,Dundee FC,0,1,2,2,1,1,2,3,2,1,3,5,3,4,7,9
Scotland - Premiership,Hearts,1,1,1,3,1,2,4,2,5,3,4,1,3,6,13,6
Scotland - Premiership,Hibernian,0,2,2,2,3,2,1,0,4,5,3,3,5,6,8,8
Scotland - Premiership,Kilmarnock,1,1,4,1,2,4,3,2,4,2,4,2,7,6,11,6
Scotland - Premiership,Livingston,0,1,0,4,1,0,1,2,1,3,4,7,1,5,6,12
Scotland - Premiership,Motherwell,2,2,1,5,1,2,1,2,2,5,11,5,4,9,14,12
Scotland - Premiership,Rangers,1,2,5,0,5,2,0,1,4,1,7,1,11,4,11,3
Scotland - Premiership,Ross County,1,0,1,4,1,1,3,0,0,2,1,4,3,5,4,6
Scotland - Premiership,St. Johnstone,3,0,2,2,2,1,1,3,1,5,4,4,7,3,6,12
Scotland - Premiership,St. Mirren,2,4,0,2,3,1,5,1,1,3,3,2,5,7,9,6
Scotland - Championship,Airdrieonians,1,0,2,2,3,3,0,3,5,2,3,0,6,5,8,5
Scotland - Championship,Arbroath,0,2,3,3,2,6,0,3,2,3,5,3,5,11,7,9
Scotland - Championship,Ayr Utd,2,3,1,3,2,0,1,4,3,3,1,4,5,6,5,11
Scotland - Championship,Dundee Utd,4,1,1,1,4,1,3,3,4,1,5,1,9,3,12,5
Scotland - Championship,Dunfermline,1,3,2,1,1,4,2,1,2,0,4,2,4,8,8,3
Scotland - Championship,Greenock Morton,2,2,1,2,2,3,3,1,4,4,4,3,5,7,11,8
Scotland - Championship,Inverness,1,0,0,1,5,2,0,1,1,1,1,5,6,3,2,7
Scotland - Championship,Partick Thistle,5,3,5,1,2,4,6,1,0,3,4,6,12,8,10,10
Scotland - Championship,Queen`s Park,2,2,1,1,1,5,4,4,4,5,1,5,4,8,9,14
Scotland - Championship,Raith Rovers,5,0,3,2,3,4,2,5,1,6,9,3,11,6,12,14
Serbia - Super Liga,Backa Topola,5,0,1,2,3,2,0,3,1,2,8,3,9,4,9,8
Serbia - Super Liga,Cukaricki,3,1,1,3,5,2,2,1,3,0,2,3,9,6,7,4
Serbia - Super Liga,IMT N. Beograd,1,0,2,3,1,0,3,1,2,1,2,5,4,3,7,7
Serbia - Super Liga,Javor Ivanjica,1,2,1,2,3,3,8,2,0,0,1,1,5,7,9,3
Serbia - Super Liga,Mladost Lucani,3,2,1,2,4,2,1,0,0,3,3,3,8,6,4,6
Serbia - Super Liga,Napredak,1,2,1,2,1,1,0,1,1,5,0,2,3,5,1,8
Serbia - Super Liga,Novi Pazar,3,2,0,0,3,0,2,1,2,0,6,6,6,2,10,7
Serbia - Super Liga,Partizan,0,5,2,2,3,1,5,2,4,3,9,1,5,8,18,6
Serbia - Super Liga,R. Surdulica,1,1,0,2,0,1,2,2,1,0,1,1,1,4,4,3
Serbia - Super Liga,Radnicki 1923,2,1,3,2,2,3,1,1,2,4,4,4,7,6,7,9
Serbia - Super Liga,Radnicki Nis,1,1,2,0,1,0,2,4,3,2,1,5,4,1,6,11
Serbia - Super Liga,Red Star,6,1,3,0,4,0,3,1,3,2,6,2,13,1,12,5
Serbia - Super Liga,S. Subotica,2,2,1,3,1,1,2,2,2,2,4,7,4,6,8,11
Serbia - Super Liga,Vojvodina,7,2,0,2,4,2,1,2,2,2,3,1,11,6,6,5
Serbia - Super Liga,Vozdovac,4,1,3,1,3,2,4,0,3,3,5,2,10,4,12,5
Serbia - Super Liga,Z. Pancevo,2,5,3,2,2,1,0,1,3,1,1,4,7,8,4,6
Slovakia - Fortuna Liga,Banska Bystrica,2,2,4,1,0,3,1,5,2,0,4,4,6,6,7,9
Slovakia - Fortuna Liga,DAC Streda,2,0,3,1,4,0,4,3,3,1,2,5,9,1,9,9
Slovakia - Fortuna Liga,FC Kosice,2,3,2,4,0,1,0,4,2,3,1,3,4,8,3,10
Slovakia - Fortuna Liga,Podbrezova,2,2,4,2,4,4,4,3,2,2,3,2,10,8,9,7
Slovakia - Fortuna Liga,Ruzomberok,2,1,1,1,1,1,3,2,3,2,0,0,4,3,6,4
Slovakia - Fortuna Liga,S. Bratislava,4,2,5,1,4,2,4,0,2,0,4,3,13,5,10,3
Slovakia - Fortuna Liga,Skalica,0,1,3,1,1,4,3,0,2,1,1,0,4,6,6,1
Slovakia - Fortuna Liga,Spartak Trnava,1,0,1,0,3,1,4,2,2,3,2,2,5,1,8,7
Slovakia - Fortuna Liga,Trencin,1,1,2,1,5,1,2,0,4,1,1,3,8,3,7,4
Slovakia - Fortuna Liga,Z. Michalovce,0,4,2,3,1,6,1,0,1,1,1,4,3,13,3,5
Slovakia - Fortuna Liga,Zilina,4,2,3,3,6,1,0,3,6,3,7,2,13,6,13,8
Slovakia - Fortuna Liga,Zlate Moravce,1,3,0,2,1,1,1,5,1,4,2,1,2,6,4,10
South Africa - Premier Division ,AmaZulu,2,0,2,2,1,2,0,1,1,0,3,0,5,4,4,1
South Africa - Premier Division ,Cape Town City,0,2,0,0,3,0,0,0,1,1,4,0,3,2,5,1
South Africa - Premier Division ,Cape Town Spurs,2,1,1,0,1,5,0,2,1,3,0,4,4,6,1,9
South Africa - Premier Division ,Chippa Utd,0,0,2,4,0,3,1,1,2,1,3,0,2,7,6,2
South Africa - Premier Division ,Golden Arrows,1,2,3,2,2,0,2,2,0,1,0,5,6,4,2,8
South Africa - Premier Division ,Kaizer Chiefs,2,0,1,1,1,2,2,1,0,0,3,1,4,3,5,2
South Africa - Premier Division ,Mamelodi S.,0,1,5,0,3,0,1,0,0,0,3,1,8,1,4,1
South Africa - Premier Division ,Moroka Swallows,2,0,0,1,2,1,0,2,3,0,0,3,4,2,3,5
South Africa - Premier Division ,Orlando Pirates,2,1,2,0,4,1,1,0,2,3,2,2,8,2,5,5
South Africa - Premier Division ,Polokwane,1,1,0,0,2,0,0,2,1,0,2,2,3,1,3,4
South Africa - Premier Division ,Richards Bay,0,1,1,1,1,7,2,0,2,0,2,2,2,9,6,2
South Africa - Premier Division ,Royal AM,3,0,0,1,2,2,0,1,1,2,0,0,5,3,1,3
South Africa - Premier Division ,Sekhukhune,0,1,1,3,2,0,0,1,3,0,1,2,3,4,4,3
South Africa - Premier Division ,Stellenbosch,1,1,2,0,3,0,1,3,1,1,0,2,6,1,2,6
South Africa - Premier Division ,SuperSport Utd,2,1,0,0,1,3,2,2,3,0,2,1,3,4,7,3
South Africa - Premier Division ,TS Galaxy,4,1,1,2,0,0,2,0,1,0,4,1,5,3,7,1
South Korea - K League 1,Daegu,3,1,2,4,4,6,4,2,4,2,6,4,9,11,14,8
South Korea - K League 1,Daejeon Citizen,4,1,6,4,5,8,2,4,2,3,8,5,15,13,12,12
South Korea - K League 1,Gangwon,1,2,5,5,4,1,4,7,0,2,4,6,10,8,8,15
South Korea - K League 1,Gwangju,4,1,5,1,2,1,5,2,5,3,4,5,11,3,14,10
South Korea - K League 1,Incheon Utd,2,3,6,2,2,0,5,2,1,4,8,7,10,5,14,13
South Korea - K League 1,Jeju Utd,2,2,3,4,3,3,4,1,2,3,6,9,8,9,12,13
South Korea - K League 1,Jeonbuk Motors,6,3,3,0,3,4,4,4,3,2,8,4,12,7,15,10
South Korea - K League 1,Pohang Steelers,1,1,4,4,6,0,5,4,4,4,12,6,11,5,21,14
South Korea - K League 1,Seoul,6,2,2,1,6,1,6,5,5,5,6,8,14,4,17,18
South Korea - K League 1,Suwon Bluewings,2,3,3,2,2,4,0,2,4,5,4,10,7,9,8,17
South Korea - K League 1,Suwon City,2,2,3,4,3,7,6,6,7,6,5,13,8,13,18,25
South Korea - K League 1,Ulsan,2,3,4,2,6,3,7,5,8,0,10,7,12,8,25,12
South Korea - K League 2,Ansan Greeners,0,5,1,6,3,6,1,3,4,9,10,6,4,17,15,18
South Korea - K League 2,Anyang,2,1,5,2,6,3,6,4,5,5,4,5,13,6,15,14
South Korea - K League 2,Bucheon FC,2,2,1,2,5,3,3,0,1,4,12,3,8,7,16,7
South Korea - K League 2,Busan IPark,1,1,2,2,5,1,2,1,4,2,9,2,8,4,15,5
South Korea - K League 2,Cheonan City,1,4,4,5,4,3,3,7,1,3,4,9,9,12,8,19
South Korea - K League 2,Cheongju,1,2,1,2,2,4,4,3,8,4,2,5,4,8,14,12
South Korea - K League 2,Chungnam Asan,4,2,6,1,3,2,7,6,2,3,5,7,13,5,14,16
South Korea - K League 2,Gimcheon Sangmu,1,3,2,2,12,0,6,2,5,3,14,4,15,5,25,9
South Korea - K League 2,Gimpo,2,2,4,4,4,3,1,1,3,3,8,1,10,9,12,5
South Korea - K League 2,Gyeongnam,2,2,4,4,5,4,2,5,3,5,9,7,11,10,14,17
South Korea - K League 2,Jeonnam Dragons,6,3,5,5,5,4,8,0,4,6,4,5,16,12,16,11
South Korea - K League 2,Seongnam,5,2,5,1,4,4,1,3,4,5,3,9,14,7,8,17
South Korea - K League 2,Seoul E-Land,1,2,2,1,3,4,3,6,5,6,8,11,6,7,16,23
Spain - La Liga,Alaves,3,1,0,1,3,4,4,0,0,0,1,5,6,6,5,5
Spain - La Liga,Almeria,1,2,0,5,3,1,2,2,3,5,1,6,4,8,6,13
Spain - La Liga,Athletic Bilbao,2,2,3,2,6,2,3,1,7,3,6,2,11,6,16,6
Spain - La Liga,Atletico Madrid,1,1,5,2,7,2,4,1,5,3,5,3,13,5,14,7
Spain - La Liga,Cadiz,2,3,5,0,0,1,2,3,0,3,0,3,7,4,2,9
Spain - La Liga,Celta Vigo,0,3,4,4,2,1,1,0,0,4,1,3,6,8,2,7
Spain - La Liga,FC Barcelona,1,2,3,1,2,3,3,1,5,2,11,7,6,6,19,10
Spain - La Liga,Getafe,0,2,2,0,4,2,1,2,0,0,4,0,6,4,5,2
Spain - La Liga,Girona,4,4,4,3,8,1,5,2,2,2,7,2,16,8,14,6
Spain - La Liga,Granada,2,2,3,5,2,5,2,3,4,1,1,4,7,12,7,8
Spain - La Liga,Las Palmas,3,0,1,0,1,0,3,1,2,3,4,5,5,0,9,9
Spain - La Liga,Mallorca,4,3,0,0,3,3,1,0,1,2,0,1,7,6,2,3
Spain - La Liga,Osasuna,3,1,2,3,1,2,2,0,1,4,3,4,6,6,6,8
Spain - La Liga,Rayo Vallecano,2,2,1,1,3,5,0,1,0,4,3,5,6,8,3,10
Spain - La Liga,Real Betis,1,0,1,1,2,2,5,2,2,0,4,3,4,3,11,5
Spain - La Liga,Real Madrid,2,3,2,0,3,1,9,1,5,0,4,1,7,4,18,2
Spain - La Liga,Real Sociedad,4,0,3,0,1,3,2,1,5,1,3,6,8,3,10,8
Spain - La Liga,Sevilla FC,2,1,1,5,2,2,2,3,5,2,4,6,5,8,11,11
Spain - La Liga,Valencia,3,0,2,1,2,1,2,1,3,1,1,1,7,2,6,3
Spain - La Liga,Villarreal,1,3,1,3,4,5,4,5,3,3,5,3,6,11,12,11
Spain - La Liga 2,Albacete,1,1,1,2,3,2,3,5,3,0,5,3,5,5,11,8
Spain - La Liga 2,Alcorcon,3,0,0,4,0,1,2,3,0,2,2,3,3,5,4,8
Spain - La Liga 2,Amorebieta,4,2,1,1,2,3,2,1,1,2,1,1,7,6,4,4
Spain - La Liga 2,Burgos,4,2,0,1,3,2,3,0,5,1,4,1,7,5,12,2
Spain - La Liga 2,Cartagena,1,1,0,5,3,4,2,2,2,6,3,2,4,10,7,10
Spain - La Liga 2,Eibar,3,1,3,1,3,3,2,1,6,2,6,1,9,5,14,4
Spain - La Liga 2,Elche,1,0,3,0,1,0,1,3,3,2,3,1,5,0,7,6
Spain - La Liga 2,Eldense,3,3,1,5,5,3,3,2,3,2,4,4,9,11,10,8
Spain - La Liga 2,Espanyol,3,4,3,0,5,4,7,2,3,2,4,1,11,8,14,5
Spain - La Liga 2,FC Andorra,0,1,0,0,1,1,2,0,3,4,7,6,1,2,12,10
Spain - La Liga 2,Huesca,1,3,1,0,2,3,3,4,1,1,2,2,4,6,6,7
Spain - La Liga 2,Leganes,1,3,6,1,3,1,4,1,3,0,4,1,10,5,11,2
Spain - La Liga 2,Levante,3,3,2,1,8,2,2,5,3,5,2,2,13,6,7,12
Spain - La Liga 2,Mirandes,1,0,3,1,5,5,2,4,3,1,5,5,9,6,10,10
Spain - La Liga 2,Racing,1,1,7,2,4,4,3,1,3,2,4,3,12,7,10,6
Spain - La Liga 2,Racing Ferrol,1,1,2,0,1,2,7,3,4,3,4,4,4,3,15,10
Spain - La Liga 2,Real Oviedo,1,2,0,0,3,4,4,0,2,0,7,1,4,6,13,1
Spain - La Liga 2,Real Zaragoza,0,1,0,0,9,2,2,0,2,5,0,3,9,3,4,8
Spain - La Liga 2,Sporting Gijon,1,1,3,0,5,2,2,1,3,2,4,2,9,3,9,5
Spain - La Liga 2,Tenerife,0,1,4,1,1,2,0,0,5,1,1,2,5,4,6,3
Spain - La Liga 2,Valladolid,2,0,3,0,3,3,2,4,4,0,6,2,8,3,12,6
Spain - La Liga 2,Villarreal B,4,2,4,1,1,4,4,2,2,5,1,1,9,7,7,8
Sweden - Allsvenskan,AIK,1,2,4,3,6,2,4,3,2,2,4,2,11,7,10,7
Sweden - Allsvenskan,Brommapojkarna,5,2,4,4,0,6,5,1,2,2,2,8,9,12,9,11
Sweden - Allsvenskan,Degerfors,1,3,2,4,1,7,5,4,5,3,4,3,4,14,14,10
Sweden - Allsvenskan,Djurgarden,4,2,4,3,4,3,6,3,3,4,4,0,12,8,13,7
Sweden - Allsvenskan,Elfsborg,4,0,2,6,7,2,11,0,5,3,4,2,13,8,20,5
Sweden - Allsvenskan,Hacken,7,3,4,4,9,2,10,4,7,1,12,4,20,9,29,9
Sweden - Allsvenskan,Halmstad,0,1,4,5,5,3,2,2,2,1,1,5,9,9,5,8
Sweden - Allsvenskan,Hammarby,2,1,2,3,8,1,7,2,4,5,6,9,12,5,17,16
Sweden - Allsvenskan,IFK Goteborg,2,0,3,3,4,2,2,4,3,2,6,3,9,5,11,9
Sweden - Allsvenskan,Kalmar,5,2,1,2,3,2,1,5,2,2,6,5,9,6,9,12
Sweden - Allsvenskan,Malmo FF,7,3,3,1,5,2,7,3,8,1,8,1,15,6,23,5
Sweden - Allsvenskan,Mjallby,3,1,1,3,5,1,2,3,2,5,2,6,9,5,6,14
Sweden - Allsvenskan,Norrkoping,2,2,2,0,4,4,3,6,3,2,7,5,8,6,13,13
Sweden - Allsvenskan,Sirius,3,1,5,3,10,6,4,4,3,4,6,5,18,10,13,13
Sweden - Allsvenskan,Varberg BoIS,2,4,2,3,1,4,0,7,2,3,3,9,5,11,5,19
Sweden - Allsvenskan,Varnamo,2,0,2,4,1,1,3,0,3,3,2,5,5,5,8,8
Switzerland - Super League,BSC Young Boys,5,2,2,1,8,1,5,1,4,0,7,2,15,4,16,3
Switzerland - Super League,FC Basel,2,2,1,1,1,1,2,1,4,4,4,4,4,4,10,9
Switzerland - Super League,FC Zurich,2,1,2,1,3,4,5,0,2,1,4,4,7,6,11,5
Switzerland - Super League,Grasshopper,1,1,6,4,3,0,4,1,3,3,3,3,10,5,10,7
Switzerland - Super League,Lausanne Ouchy,0,4,0,5,2,2,1,5,3,2,5,5,2,11,9,12
Switzerland - Super League,Lausanne Sport,0,3,2,0,1,2,0,2,7,1,5,4,3,5,12,7
Switzerland - Super League,Lugano,0,3,1,2,4,3,3,2,4,1,4,3,5,8,11,6
Switzerland - Super League,Luzern,2,2,5,1,1,0,2,1,3,4,5,4,8,3,10,9
Switzerland - Super League,Servette,2,2,2,1,2,3,4,2,3,1,7,3,6,6,14,6
Switzerland - Super League,St. Gallen,3,2,5,2,5,2,1,2,7,2,4,3,13,6,12,7
Switzerland - Super League,Winterthur,1,4,2,2,3,3,1,0,5,5,6,4,6,9,12,9
Switzerland - Super League,Yverdon,4,2,2,2,1,3,3,3,2,4,5,4,7,7,10,11
Switzerland - Challenge League,Aarau,4,2,1,3,2,2,4,2,2,2,2,2,7,7,8,6
Switzerland - Challenge League,Baden,0,2,1,4,1,3,0,4,2,2,3,7,2,9,5,13
Switzerland - Challenge League,Bellinzona,0,3,1,3,1,0,2,2,1,3,2,4,2,6,5,9
Switzerland - Challenge League,Neuchatel Xamax,1,2,5,0,3,3,3,3,2,0,2,4,9,5,7,7
Switzerland - Challenge League,Schaffhausen,2,2,4,1,2,1,1,3,1,1,0,2,8,4,2,6
Switzerland - Challenge League,Sion,2,2,3,2,1,0,3,1,2,1,4,3,6,4,9,5
Switzerland - Challenge League,Stade Nyonnais,2,0,0,3,2,0,3,3,4,0,6,4,4,3,13,7
Switzerland - Challenge League,Thun,2,1,4,0,3,2,3,1,3,2,5,0,9,3,11,3
Switzerland - Challenge League,Vaduz,1,1,1,2,2,2,3,3,2,0,7,5,4,5,12,8
Switzerland - Challenge League,Wil,0,1,0,1,1,3,3,2,4,2,3,5,1,5,10,9
Thailand - Thai League 1,Bangkok Utd,0,1,0,0,3,2,3,0,1,0,9,2,3,3,13,2
Thailand - Thai League 1,Buriram Utd,3,0,3,0,2,0,2,0,2,1,5,2,8,0,9,3
Thailand - Thai League 1,Chiangrai Utd,1,1,5,0,2,2,1,1,1,0,1,2,8,3,3,3
Thailand - Thai League 1,Chonburi,1,2,0,2,1,1,0,1,0,0,2,2,2,5,2,3
Thailand - Thai League 1,Khon Kaen Utd,0,4,1,0,3,2,3,0,0,3,4,2,4,6,7,5
Thailand - Thai League 1,Lamphun Warrior,4,2,3,1,2,3,1,0,1,2,5,1,9,6,7,3
Thailand - Thai League 1,Muang Thong Utd,0,3,0,1,1,0,1,1,1,2,4,1,1,4,6,4
Thailand - Thai League 1,Nakhon Pathom,3,1,1,4,3,2,0,2,5,0,1,2,7,7,6,4
Thailand - Thai League 1,Pathum Utd,1,2,2,0,4,1,0,2,4,0,5,2,7,3,9,4
Thailand - Thai League 1,Police Tero,2,1,1,3,2,1,3,3,2,5,5,6,5,5,10,14
Thailand - Thai League 1,Port FC,2,4,4,0,4,0,3,1,4,1,7,5,10,4,14,7
Thailand - Thai League 1,Prachuap,1,2,1,1,2,3,1,2,0,0,4,3,4,6,5,5
Thailand - Thai League 1,Ratchaburi,2,0,2,0,1,1,3,0,2,2,6,3,5,1,11,5
Thailand - Thai League 1,Sukhothai,3,0,2,3,3,3,0,1,2,2,1,2,8,6,3,5
Thailand - Thai League 1,Trat,2,1,2,1,2,3,1,2,4,3,3,4,6,5,8,9
Thailand - Thai League 1,Uthai Thani,0,3,2,2,1,1,1,3,2,2,3,5,3,6,6,10
Turkey - Super Lig,Adana Demirspor,3,0,6,0,2,3,4,0,3,2,6,6,11,3,13,8
Turkey - Super Lig,Alanyaspor,1,0,5,0,2,5,2,2,2,1,5,8,8,5,9,11
Turkey - Super Lig,Ankaragucu,2,1,2,4,2,1,2,1,4,2,2,2,6,6,8,5
Turkey - Super Lig,Antalyaspor,3,2,3,0,2,3,3,2,1,0,1,2,8,5,5,4
Turkey - Super Lig,Basaksehir,4,3,1,3,4,2,4,3,4,1,0,1,9,8,8,5
Turkey - Super Lig,Besiktas,3,1,2,0,2,2,2,1,5,1,2,6,7,3,9,8
Turkey - Super Lig,F. Karagumruk,0,2,1,1,7,3,4,2,2,0,6,2,8,6,12,4
Turkey - Super Lig,Fenerbahce,8,2,4,0,8,3,4,4,7,2,5,2,20,5,16,8
Turkey - Super Lig,Galatasaray,1,0,6,2,6,1,3,5,5,1,9,0,13,3,17,6
Turkey - Super Lig,Gaziantep,1,2,2,0,1,3,4,2,2,4,2,5,4,5,8,11
Turkey - Super Lig,Hatayspor,2,0,2,1,0,6,4,3,6,1,4,5,4,7,14,9
Turkey - Super Lig,Istanbulspor,1,2,2,2,3,5,1,6,1,2,3,4,6,9,5,12
Turkey - Super Lig,Kasimpasa,1,3,4,3,3,5,4,4,4,4,6,4,8,11,14,12
Turkey - Super Lig,Kayserispor,1,1,1,2,4,3,1,1,6,1,3,4,6,6,10,6
Turkey - Super Lig,Konyaspor,2,2,0,0,2,1,2,1,3,4,4,5,4,3,9,10
Turkey - Super Lig,Pendikspor,1,3,1,5,2,1,1,3,4,2,5,7,4,9,10,12
Turkey - Super Lig,Rizespor,2,4,3,0,4,2,3,1,0,1,4,1,9,6,7,3
Turkey - Super Lig,Samsunspor,3,1,2,3,1,2,2,0,3,1,5,4,6,6,10,5
Turkey - Super Lig,Sivasspor,6,1,2,1,1,5,0,2,1,1,2,3,9,7,3,6
Turkey - Super Lig,Trabzonspor,2,2,4,1,3,2,3,2,1,4,4,5,9,5,8,11
UAE - Pro League,Ajman,1,1,0,2,0,5,0,3,2,1,1,1,1,8,3,5
UAE - Pro League,Al Ain,3,1,1,2,7,0,1,2,3,1,1,0,11,3,5,3
UAE - Pro League,Al Bataeh,1,1,3,0,4,5,1,3,1,1,0,1,8,6,2,5
UAE - Pro League,Al Jazira,1,0,3,2,3,3,2,3,0,4,3,3,7,5,5,10
UAE - Pro League,Al Khaleej,1,5,2,1,5,1,4,0,1,3,3,3,8,7,8,6
UAE - Pro League,Al Nasr,0,0,1,1,0,3,0,2,1,1,3,1,1,4,4,4
UAE - Pro League,Al Sharjah,3,2,1,1,3,3,3,1,2,1,2,1,7,6,7,3
UAE - Pro League,Al Wahda,0,2,3,1,0,0,4,0,1,1,2,2,3,3,7,3
UAE - Pro League,Al Wasl,1,0,2,2,1,1,2,0,4,1,4,2,4,3,10,3
UAE - Pro League,Bani Yas,1,2,1,4,0,1,4,1,2,1,3,1,2,7,9,3
UAE - Pro League,Emirates,1,6,0,2,2,3,1,2,2,1,3,2,3,11,6,5
UAE - Pro League,Hatta,0,1,0,4,0,5,0,0,1,2,0,3,0,10,1,5
UAE - Pro League,Ittihad Kalba,0,0,3,2,3,2,1,5,0,2,1,3,6,4,2,10
UAE - Pro League,Shabab Al Ahli,6,1,1,2,3,2,3,1,2,1,1,3,10,5,6,5
Ukraine - Premier League,Chornomorets,2,1,3,0,0,0,2,3,3,1,3,3,5,1,8,7
Ukraine - Premier League,Dnipro-1,2,0,2,1,2,2,3,1,2,1,3,3,6,3,8,5
Ukraine - Premier League,Dynamo Kyiv,4,2,3,1,3,1,0,2,1,1,7,0,10,4,8,3
Ukraine - Premier League,FC Minaj,0,0,1,1,0,2,0,2,1,2,1,4,1,3,2,8
Ukraine - Premier League,Kolos Kovalivka,0,1,2,2,1,1,1,0,1,1,2,1,3,4,4,2
Ukraine - Premier League,Kryvbas KR,3,2,1,2,5,4,2,0,1,3,4,1,9,8,7,4
Ukraine - Premier League,LNZ Cherkasy,0,1,2,0,1,2,1,1,1,3,4,4,3,3,6,8
Ukraine - Premier League,Metalist 1925,1,1,1,3,1,1,2,1,1,3,1,1,3,5,4,5
Ukraine - Premier League,Obolon,0,1,2,1,2,3,1,0,0,2,0,2,4,5,1,4
Ukraine - Premier League,Oleksandria,1,1,0,2,1,2,0,0,2,1,1,4,2,5,3,5
Ukraine - Premier League,Polessya,1,2,0,0,0,2,1,2,6,0,4,2,1,4,11,4
Ukraine - Premier League,Rukh Lviv,1,1,1,5,1,2,2,1,2,0,4,0,3,8,8,1
Ukraine - Premier League,Shakhtar,3,0,1,1,1,1,2,3,1,1,4,0,5,2,7,4
Ukraine - Premier League,Veres,1,4,1,2,4,4,0,2,3,2,4,2,6,10,7,6
Ukraine - Premier League,Vorskla Poltava,1,2,2,2,2,4,1,4,1,0,3,4,5,8,5,8
Ukraine - Premier League,Zorya Luhansk,1,1,0,2,0,1,0,1,0,0,1,2,1,4,1,3
USA - MLS,Atlanta Utd,6,3,5,4,5,2,7,6,3,2,16,4,16,9,26,12
USA - MLS,Austin,3,2,6,3,5,4,2,2,6,3,6,8,14,9,14,13
USA - MLS,CF Montreal,3,2,4,1,2,2,5,4,5,1,7,2,9,5,17,7
USA - MLS,Charlotte,5,3,3,1,3,5,3,3,7,4,3,5,11,9,13,12
USA - MLS,Chicago Fire,2,1,3,4,8,1,6,8,4,4,3,4,13,6,13,16
USA - MLS,Cincinnati,3,3,5,2,6,5,8,2,8,0,3,1,14,10,19,3
USA - MLS,Colorado Rapids,0,2,0,2,4,4,3,4,4,1,2,3,4,8,9,8
USA - MLS,Columbus Crew,7,3,9,0,7,2,5,5,6,2,7,2,23,5,18,9
USA - MLS,Dallas,3,3,1,3,4,2,6,3,3,2,6,3,8,8,15,8
USA - MLS,DC United,3,3,3,1,8,5,2,5,5,4,10,5,14,9,17,14
USA - MLS,Houston Dynamo,10,1,1,3,7,1,2,1,7,1,9,4,18,5,18,6
USA - MLS,Inter Miami,1,1,1,5,7,2,6,3,2,2,8,8,9,8,16,13
USA - MLS,LA Galaxy,3,7,5,5,6,7,3,1,7,4,7,5,14,19,17,10
USA - MLS,Los Angeles FC,6,3,4,5,8,0,3,3,6,4,9,2,18,8,18,9
USA - MLS,Minnesota Utd,1,0,4,3,7,4,5,4,2,3,5,6,12,7,12,13
USA - MLS,Nashville SC,1,1,3,0,8,3,3,3,3,2,7,4,12,4,13,9
USA - MLS,New England,2,2,5,4,12,1,9,1,5,0,4,8,19,7,18,9
USA - MLS,New York City,2,0,4,1,6,3,4,6,4,2,3,4,12,4,11,12
USA - MLS,New York RB,1,1,2,3,4,4,5,1,1,3,8,5,7,8,14,9
USA - MLS,Orlando City,2,1,5,3,5,2,10,4,3,4,6,5,12,6,19,13
USA - MLS,Philadelphia,2,3,7,1,9,1,5,3,5,1,5,4,18,5,15,8
USA - MLS,Portland,4,3,7,1,4,5,4,6,4,3,6,4,15,9,14,13
USA - MLS,Real Salt Lake,1,4,3,5,3,4,7,3,3,7,8,4,7,13,18,14
USA - MLS,Seattle,2,2,3,0,3,3,2,3,4,3,5,0,8,5,11,6
USA - MLS,SJ Earthquakes,6,1,4,4,3,5,3,4,5,1,4,1,13,10,12,6
USA - MLS,Sporting KC,4,1,5,3,10,3,4,4,3,5,4,5,19,7,11,14
USA - MLS,St. Louis City,5,1,5,2,9,1,5,1,7,4,10,8,19,4,22,13
USA - MLS,Toronto,2,1,2,4,5,2,4,3,4,8,2,4,9,7,10,15
USA - MLS,Vancouver,5,3,5,2,5,3,10,2,3,6,7,3,15,8,20,11
USL Championship,Birmingham L.,2,0,4,1,3,6,6,6,3,5,7,5,9,7,16,16
USL Championship,Charleston,7,5,2,2,5,2,5,3,2,4,1,5,14,9,8,12
USL Championship,Colorado S.,3,5,3,2,2,2,4,3,8,4,9,2,8,9,21,9
USL Championship,Detroit City,4,1,2,3,3,1,4,1,1,5,0,1,9,5,5,7
USL Championship,El Paso,0,3,5,0,3,4,5,4,3,7,3,5,8,7,11,16
USL Championship,FC Tulsa,5,1,0,4,6,4,1,7,2,5,8,5,11,9,11,17
USL Championship,Hartford A.,1,7,3,9,5,5,1,4,3,5,4,8,9,21,8,17
USL Championship,Indy Eleven,0,3,3,4,2,3,1,2,7,2,6,3,5,10,14,7
USL Championship,Las Vegas L.,0,6,3,3,4,7,5,5,4,2,4,13,7,16,13,20
USL Championship,Loudoun Utd,3,7,6,0,4,6,4,2,2,7,2,7,13,13,8,16
USL Championship,Louisville City,2,2,4,0,2,6,2,3,7,4,4,5,8,8,13,12
USL Championship,Memphis,4,6,7,6,8,8,4,4,5,1,6,3,19,20,15,8
USL Championship,Miami FC,6,1,3,1,3,6,3,2,4,3,7,7,12,8,14,12
USL Championship,Monterey Bay,1,3,3,5,8,7,2,1,6,1,5,7,12,15,13,9
USL Championship,New Mexico,4,2,2,2,8,5,5,6,6,3,5,5,14,9,16,14
USL Championship,Oakland Roots,4,7,2,0,4,3,1,2,2,3,5,3,10,10,8,8
USL Championship,Orange County,2,3,3,1,7,3,2,2,3,2,4,3,12,7,9,7
USL Championship,Phoenix Rising,4,1,3,0,7,4,5,2,7,4,12,7,14,5,24,13
USL Championship,Pittsburgh,5,2,7,1,4,5,5,0,6,2,5,3,16,8,16,5
USL Championship,Rio Grande,4,4,2,3,5,4,3,0,6,6,4,8,11,11,13,14
USL Championship,Sacramento R.,7,0,4,2,6,0,5,3,2,2,7,2,17,2,14,7
USL Championship,San Antonio,8,6,5,0,4,2,6,4,4,3,6,5,17,8,16,12
USL Championship,San Diego Loyal,3,3,7,5,7,2,1,3,6,3,8,4,17,10,15,10
USL Championship,Tampa Bay,5,2,5,3,10,4,8,2,3,2,3,6,20,9,14,10
USA - USL League One,Central Valley,2,2,1,3,3,6,6,3,1,7,2,8,6,11,9,18
USA - USL League One,Charlotte,6,0,4,3,2,4,4,3,4,2,8,0,12,7,16,5
USA - USL League One,Chattanooga RW,1,2,2,4,5,9,6,4,6,5,11,2,8,15,23,11
USA - USL League One,Forward Madison,4,2,2,1,6,2,3,5,3,5,2,2,12,5,8,12
USA - USL League One,Greenville,4,4,4,5,7,4,0,3,3,1,5,3,15,13,8,7
USA - USL League One,Lexington,5,4,2,4,3,4,3,6,5,2,6,4,10,12,14,12
USA - USL League One,N. Colorado,2,2,4,2,11,4,4,1,6,5,7,5,17,8,17,11
USA - USL League One,North Carolina,2,3,1,4,5,6,9,1,5,3,5,3,8,13,19,7
USA - USL League One,One Knoxville,5,3,1,2,7,3,3,5,2,4,1,5,13,8,6,14
USA - USL League One,Richmond K.,4,2,2,1,4,5,3,5,3,7,6,6,10,8,12,18
USA - USL League One,Tormenta,4,8,3,5,7,5,4,4,2,2,3,7,14,18,9,13
USA - USL League One,Union Omaha,2,3,7,2,6,2,9,5,5,1,9,9,15,7,23,15
Vietnam - V League,Binh Dinh,1,1,1,2,1,0,1,1,3,2,2,1,3,3,6,4
Vietnam - V League,Binh Duong,0,0,0,0,0,0,2,1,2,2,1,0,0,0,5,3
Vietnam - V League,Cong An Nhan,0,0,2,0,1,1,1,0,0,0,2,0,3,1,3,0
Vietnam - V League,Gia Lai,1,1,2,3,1,0,0,1,0,1,0,0,4,4,0,2
Vietnam - V League,Ha Noi,0,1,0,1,4,0,0,1,1,1,1,3,4,2,2,5
Vietnam - V League,Hai Phong,0,1,2,0,0,1,2,1,2,0,1,1,2,2,5,2
Vietnam - V League,Ho Chi Minh,1,0,0,0,2,0,0,0,1,1,2,1,3,0,3,2
Vietnam - V League,Hong Linh Ha T.,0,2,1,2,0,1,1,1,0,1,1,2,1,5,2,4
Vietnam - V League,Nam Dinh,1,0,2,2,2,0,1,1,2,1,4,0,5,2,7,2
Vietnam - V League,Quang Nam,1,2,0,0,1,2,0,0,0,0,2,0,2,4,2,0
Vietnam - V League,S. Khanh Hoa,1,2,0,1,3,1,0,0,0,2,0,3,4,4,0,5
Vietnam - V League,Song Lam Nghe,1,2,2,0,1,1,2,1,0,0,0,1,4,3,2,2
Vietnam - V League,Thanh Hoa,1,1,2,1,1,0,0,1,1,0,1,1,4,2,2,2
Vietnam - V League,Viettel,0,1,0,0,0,1,0,0,1,1,1,0,0,2,2,1
