league,Away,0-15_mar,0-15_sofri,16-30_mar,16-30_sofri,31-45_mar,31-45_sofri,46-60_mar,46-60_sofri,61-75_mar,61-75_sofri,76-90_mar,76-90_sofri,1st H_marc,1st H_sofri,2nd H_marc,2nd H_sofri
Argentina - Liga Profesional,A. Tucuman,0,1,1,4,1,6,2,0,4,1,2,2,2,11,8,3
Argentina - Liga Profesional,Argentinos Jrs,2,0,0,1,2,2,2,3,0,2,1,1,4,3,3,6
Argentina - Liga Profesional,Arsenal Sarandi,2,3,0,4,0,3,0,2,2,0,1,5,2,10,3,7
Argentina - Liga Profesional,Banfield,2,3,2,3,1,6,3,1,2,3,2,5,5,12,7,9
Argentina - Liga Profesional,Barracas C.,4,1,0,4,0,5,1,4,4,3,4,2,4,10,9,9
Argentina - Liga Profesional,Belgrano,0,4,0,3,5,2,1,4,0,1,2,4,5,9,3,9
Argentina - Liga Profesional,Boca Juniors,0,1,1,5,4,1,0,2,3,3,6,2,5,7,9,7
Argentina - Liga Profesional,Central Cordoba,3,3,1,2,2,3,1,5,1,3,3,3,6,8,5,11
Argentina - Liga Profesional,Colon Santa Fe,2,0,0,3,0,2,2,1,0,3,2,5,2,5,4,9
Argentina - Liga Profesional,Defensa y J.,3,1,0,2,1,1,2,4,6,3,3,1,4,4,11,8
Argentina - Liga Profesional,Estudiantes,3,1,2,2,2,4,3,2,1,2,2,3,7,7,6,7
Argentina - Liga Profesional,Gimnasia,2,1,2,7,3,4,1,7,2,2,1,5,7,12,4,14
Argentina - Liga Profesional,Godoy Cruz,0,2,1,4,0,2,1,3,3,4,5,4,1,8,9,11
Argentina - Liga Profesional,Huracan,2,1,0,1,1,7,0,4,3,1,2,2,3,9,5,7
Argentina - Liga Profesional,Independiente,1,3,0,4,2,1,3,1,1,1,1,5,3,8,5,7
Argentina - Liga Profesional,Instituto,3,3,1,2,3,5,1,4,4,5,1,5,7,10,6,14
Argentina - Liga Profesional,Lanus,4,1,0,5,6,2,2,1,4,2,2,7,10,8,8,10
Argentina - Liga Profesional,Newells,3,3,1,7,0,4,0,3,5,1,2,1,4,14,7,5
Argentina - Liga Profesional,Platense,2,3,3,4,1,2,1,1,2,3,2,4,6,9,5,8
Argentina - Liga Profesional,Racing Club,1,5,3,3,4,2,0,2,5,3,3,3,8,10,8,8
Argentina - Liga Profesional,River Plate,3,1,4,2,1,2,3,2,3,4,10,2,8,5,16,8
Argentina - Liga Profesional,Rosario Central,3,3,1,2,2,0,1,4,1,5,1,4,6,5,3,13
Argentina - Liga Profesional,San Lorenzo,2,1,1,7,2,1,3,0,0,0,3,2,5,9,6,2
Argentina - Liga Profesional,Sarmiento,1,1,1,1,1,4,1,4,1,1,2,2,3,6,4,7
Argentina - Liga Profesional,T. de Cordoba,8,1,2,0,1,5,2,3,4,3,7,1,11,6,13,7
Argentina - Liga Profesional,Tigre,1,4,1,0,4,1,1,6,3,2,3,2,6,5,7,10
Argentina - Liga Profesional,Union Santa Fe,0,2,2,4,1,1,1,3,1,0,2,3,3,7,4,6
Argentina - Liga Profesional,Velez Sarsfield,0,1,2,2,2,5,1,1,1,2,2,5,4,8,4,8
Armenia - Premier League,Alashkert,5,1,2,3,0,5,1,2,2,3,6,2,7,9,9,7
Armenia - Premier League,Ararat Yerevan,2,3,1,2,1,0,1,1,3,3,1,3,4,5,5,7
Armenia - Premier League,Ararat-Armenia,1,0,0,3,1,2,3,2,4,0,6,1,2,5,13,3
Armenia - Premier League,BKMA,0,1,2,2,0,3,1,3,2,3,2,2,2,6,5,8
Armenia - Premier League,Noah,2,2,0,1,5,2,1,3,2,1,4,2,7,5,7,6
Armenia - Premier League,Pyunik,2,1,3,2,6,0,3,1,2,0,7,1,11,3,12,2
Armenia - Premier League,Shirak,1,3,3,2,2,3,0,2,1,0,3,3,6,8,4,5
Armenia - Premier League,Urartu,2,2,1,1,2,4,2,1,1,1,7,5,5,7,10,7
Armenia - Premier League,Van,0,3,2,2,0,2,0,2,0,7,0,3,2,7,0,12
Armenia - Premier League,West Armenia,1,1,0,2,0,3,0,1,1,2,5,6,1,6,6,9
Australia - A-League,Adelaide Utd,0,0,0,1,0,0,1,0,0,0,0,0,0,1,1,0
Australia - A-League,Brisbane Roar,1,0,0,1,0,1,1,2,1,1,0,1,1,2,2,4
Australia - A-League,Central Coast,0,0,0,0,0,1,0,1,0,1,0,2,0,1,0,4
Australia - A-League,Macarthur FC,0,0,0,0,0,0,1,0,0,0,1,1,0,0,2,1
Australia - A-League,Melbourne City,0,1,0,1,0,0,0,0,0,1,0,3,0,2,0,4
Australia - A-League,Melbourne V.,0,0,0,0,0,0,0,0,1,0,1,0,0,0,2,0
Australia - A-League,Newcastle Jets,2,2,0,0,0,3,1,1,1,1,1,0,2,5,3,2
Australia - A-League,Perth Glory,0,1,0,0,0,0,1,0,0,1,0,0,0,1,1,1
Australia - A-League,Sydney FC,0,1,0,1,0,1,0,2,0,0,0,0,0,3,0,2
Australia - A-League,Western Sydney,0,0,0,1,0,1,0,0,1,0,1,0,0,2,2,0
Australia - A-League,Western United,0,2,0,0,0,3,1,0,0,1,1,1,0,5,2,2
Austria - Bundesliga,A. Klagenfurt,2,2,0,1,1,1,2,0,4,2,2,3,3,4,8,5
Austria - Bundesliga,A. Lustenau,0,0,0,2,0,0,2,1,1,0,0,4,0,2,3,5
Austria - Bundesliga,Altach,2,0,1,2,0,2,1,4,0,1,1,1,3,4,2,6
Austria - Bundesliga,Austria Wien,3,2,1,0,1,2,0,3,1,0,1,1,5,4,2,4
Austria - Bundesliga,BW Linz,3,4,0,1,1,3,2,4,2,2,1,3,4,8,5,9
Austria - Bundesliga,Hartberg,2,2,1,0,2,1,1,0,5,0,1,2,5,3,7,2
Austria - Bundesliga,LASK Linz,0,1,1,3,4,1,0,1,2,0,2,3,5,5,4,4
Austria - Bundesliga,Rapid Wien,3,1,3,0,0,1,0,0,4,0,3,1,6,2,7,1
Austria - Bundesliga,Salzburg,1,0,5,0,3,3,5,1,3,2,2,0,9,3,10,3
Austria - Bundesliga,Sturm Graz,1,0,1,1,2,3,4,0,1,0,1,2,4,4,6,2
Austria - Bundesliga,Tirol,1,0,0,0,2,2,0,5,1,1,0,4,3,2,1,10
Austria - Bundesliga,Wolfsberger AC,1,1,0,1,0,2,1,2,3,0,3,3,1,4,7,5
Austria - 2. Liga,Admira Wacker,1,0,1,6,1,2,1,0,3,2,1,1,3,8,5,3
Austria - 2. Liga,Amstetten,2,0,1,3,0,0,1,3,1,3,0,4,3,3,2,10
Austria - 2. Liga,Bregenz,3,0,2,1,2,0,3,0,1,2,2,3,7,1,6,5
Austria - 2. Liga,Dornbirn,0,3,1,0,0,3,0,2,0,0,2,1,1,6,2,3
Austria - 2. Liga,First Vienna,1,4,1,3,1,0,0,1,2,2,2,1,3,7,4,4
Austria - 2. Liga,Floridsdorfer,2,1,0,1,2,1,0,3,3,0,4,2,4,3,7,5
Austria - 2. Liga,Grazer AK,3,0,0,2,2,2,1,1,1,1,5,3,5,4,7,5
Austria - 2. Liga,Kapfenberger,1,3,0,0,3,0,1,1,3,5,3,2,4,3,7,8
Austria - 2. Liga,Lafnitz,1,0,2,2,1,3,0,1,0,2,0,2,4,5,0,5
Austria - 2. Liga,Leoben,2,0,1,0,1,3,0,2,2,1,3,2,4,3,5,5
Austria - 2. Liga,Liefering,2,3,0,0,0,2,0,2,2,1,0,3,2,5,2,6
Austria - 2. Liga,Ried,0,1,1,1,0,2,1,2,0,0,3,0,1,4,4,2
Austria - 2. Liga,St. Polten,3,1,2,1,0,3,1,0,4,2,2,1,5,5,7,3
Austria - 2. Liga,Stripfing,3,0,1,0,2,3,1,2,0,1,2,2,6,3,3,5
Austria - 2. Liga,Sturm Graz B,1,2,1,3,1,6,1,0,1,0,3,4,3,11,5,4
Austria - 2. Liga,SV Horn,1,1,0,4,3,3,1,4,0,1,0,4,4,8,1,9
Belgium - First Division A,Anderlecht,1,0,3,2,2,1,2,3,2,1,2,2,6,3,6,6
Belgium - First Division A,Antwerp,0,1,2,0,2,2,1,1,2,1,2,4,4,3,5,6
Belgium - First Division A,Cercle Brugge,1,0,0,1,0,1,1,2,3,0,2,1,1,2,6,3
Belgium - First Division A,Charleroi,1,0,1,3,1,6,0,1,0,0,1,3,3,9,1,4
Belgium - First Division A,Club Brugge,1,1,2,2,2,2,1,1,3,1,1,1,5,5,5,3
Belgium - First Division A,Eupen,2,1,1,2,0,2,2,2,0,3,3,3,3,5,5,8
Belgium - First Division A,Gent,0,1,2,1,2,1,3,1,1,0,1,2,4,3,5,3
Belgium - First Division A,Kortrijk,1,2,1,3,0,5,0,3,0,2,1,0,2,10,1,5
Belgium - First Division A,KRC Genk,0,2,1,0,5,1,1,0,4,1,3,1,6,3,8,2
Belgium - First Division A,KV Mechelen,0,1,0,4,1,2,0,1,2,4,3,2,1,7,5,7
Belgium - First Division A,OH Leuven,3,3,0,2,3,3,0,4,0,2,2,4,6,8,2,10
Belgium - First Division A,Royale Union SG,1,1,2,0,4,3,3,0,0,0,3,3,7,4,6,3
Belgium - First Division A,RWDM,0,1,2,3,1,0,1,1,0,2,2,6,3,4,3,9
Belgium - First Division A,Sint-Truiden,2,1,0,1,3,1,1,4,1,1,1,3,5,3,3,8
Belgium - First Division A,Standard Liege,0,0,0,1,4,3,0,0,3,1,1,3,4,4,4,4
Belgium - First Division A,Westerlo,0,2,1,1,0,2,1,2,3,3,5,0,1,5,9,5
Belgium - First Division B,Anderlecht B,1,0,0,1,2,1,0,0,3,1,2,2,3,2,5,3
Belgium - First Division B,Beerschot,0,0,1,0,0,1,0,2,3,0,6,0,1,1,9,2
Belgium - First Division B,Beveren,2,1,0,1,1,0,2,1,1,0,0,2,3,2,3,3
Belgium - First Division B,Club Brugge B,3,0,0,1,1,0,1,3,0,0,1,2,4,1,2,5
Belgium - First Division B,Deinze,0,1,1,1,2,0,1,1,0,1,0,4,3,2,1,6
Belgium - First Division B,Dender,0,1,0,0,2,2,1,1,0,0,5,0,2,3,6,1
Belgium - First Division B,Francs Borains,1,1,0,1,1,2,0,2,0,2,2,2,2,4,2,6
Belgium - First Division B,KRC Genk B,1,3,1,1,2,0,2,2,3,1,4,2,4,4,9,5
Belgium - First Division B,Lierse K.,1,2,0,2,3,2,0,0,2,1,4,4,4,6,6,5
Belgium - First Division B,Lommel SK,1,0,1,2,1,1,0,3,0,2,4,1,3,3,4,6
Belgium - First Division B,Oostende,0,0,2,1,1,2,0,1,0,1,1,0,3,3,1,2
Belgium - First Division B,Patro Eisden,0,1,2,0,0,1,2,0,0,2,3,1,2,2,5,3
Belgium - First Division B,RFC Liege,1,1,1,0,2,1,2,0,1,4,2,3,4,2,5,7
Belgium - First Division B,Seraing,1,1,1,2,0,0,1,2,2,0,0,1,2,3,3,3
Belgium - First Division B,Standard L. B,0,3,1,0,0,3,0,5,0,1,1,3,1,6,1,9
Belgium - First Division B,Zulte-Waregem,1,0,2,0,1,3,4,0,0,1,7,0,4,3,11,1
Brazil - Serie A,America MG,5,3,4,6,2,11,4,4,2,6,3,6,11,20,9,16
Brazil - Serie A,Athletico PR,2,5,2,3,3,1,1,1,1,2,7,7,7,9,9,10
Brazil - Serie A,Atletico MG,4,3,1,2,3,1,1,2,4,2,7,2,8,6,12,6
Brazil - Serie A,Bahia,2,4,3,4,4,4,3,9,1,3,1,4,9,12,5,16
Brazil - Serie A,Botafogo,0,0,6,2,2,4,2,3,2,0,4,3,8,6,8,6
Brazil - Serie A,Bragantino,2,2,4,2,4,3,3,4,2,3,5,3,10,7,10,10
Brazil - Serie A,Corinthians,3,1,4,5,3,6,0,1,0,2,4,8,10,12,4,11
Brazil - Serie A,Coritiba,2,5,5,3,5,9,1,10,6,8,4,7,12,17,11,25
Brazil - Serie A,Cruzeiro,3,0,1,2,5,2,0,1,3,3,7,6,9,4,10,10
Brazil - Serie A,Cuiaba,0,3,3,2,3,2,3,2,0,2,7,4,6,7,10,8
Brazil - Serie A,Flamengo,3,1,5,3,8,4,3,7,2,1,6,9,16,8,11,17
Brazil - Serie A,Fluminense,1,1,1,6,2,4,6,4,2,4,2,8,4,11,10,16
Brazil - Serie A,Fortaleza,1,3,2,2,2,2,3,4,0,3,4,6,5,7,7,13
Brazil - Serie A,Goias,2,2,3,4,4,4,1,8,4,1,1,4,9,10,6,13
Brazil - Serie A,Gremio,3,3,5,7,2,7,6,5,5,8,5,5,10,17,16,18
Brazil - Serie A,Internacional,2,3,2,3,1,4,3,3,2,3,2,4,5,10,7,10
Brazil - Serie A,Palmeiras,3,2,3,5,4,4,6,1,2,4,8,2,10,11,16,7
Brazil - Serie A,Santos,0,3,1,5,2,5,1,6,2,6,6,7,3,13,9,19
Brazil - Serie A,Sao Paulo,4,5,0,2,2,5,0,1,0,3,3,6,6,12,3,10
Brazil - Serie A,Vasco da Gama,3,2,1,3,3,7,2,2,2,4,4,7,7,12,8,13
Brazil - Serie C,Altos,0,3,3,3,1,5,0,2,0,4,2,1,4,11,2,7
Brazil - Serie C,Amazonas,0,3,3,2,7,5,8,3,0,4,2,2,10,10,10,9
Brazil - Serie C,America RN,0,1,0,0,1,2,0,2,1,2,0,5,1,3,1,9
Brazil - Serie C,Aparecidense,2,1,1,0,0,2,1,2,1,1,1,2,3,3,3,5
Brazil - Serie C,Botafogo PB,1,2,2,2,2,2,2,1,0,2,3,3,5,6,5,6
Brazil - Serie C,Brusque,0,3,2,0,1,2,3,2,3,1,4,3,3,5,10,6
Brazil - Serie C,Confianca,0,0,2,1,1,5,1,4,1,2,5,5,3,6,7,11
Brazil - Serie C,CSA,0,0,2,1,0,0,2,3,0,1,2,2,2,1,4,6
Brazil - Serie C,EC Sao Jose,2,1,1,1,2,5,2,3,2,1,4,4,5,7,8,8
Brazil - Serie C,Figueirense,0,0,1,4,2,2,2,2,1,3,1,0,3,6,4,5
Brazil - Serie C,Floresta,0,3,0,2,2,1,2,1,1,1,0,4,2,6,3,6
Brazil - Serie C,Manaus,0,1,0,1,0,3,2,3,1,3,1,2,0,5,4,8
Brazil - Serie C,Nautico,2,0,3,3,4,2,1,3,1,4,2,6,9,5,4,13
Brazil - Serie C,Operario PR,3,0,2,1,2,4,1,0,3,3,3,7,7,5,7,10
Brazil - Serie C,Paysandu,0,2,3,2,3,5,1,3,0,4,3,4,6,9,4,11
Brazil - Serie C,Pouso Alegre,1,2,1,2,4,0,0,3,1,3,1,5,6,4,2,11
Brazil - Serie C,Remo,1,2,1,0,0,1,1,2,2,0,3,3,2,3,6,5
Brazil - Serie C,Sao Bernardo,2,1,1,2,1,2,1,0,2,4,3,5,4,5,6,9
Brazil - Serie C,Volta Redonda,2,5,3,1,2,1,2,5,5,3,2,3,7,7,9,11
Brazil - Serie C,Ypiranga,1,1,0,0,0,4,2,4,0,1,4,4,1,5,6,9
Bulgaria - Parva Liga,Arda,1,1,2,0,3,1,0,0,0,2,1,1,6,2,1,3
Bulgaria - Parva Liga,Beroe,0,0,2,3,2,3,1,4,0,4,2,3,4,6,3,11
Bulgaria - Parva Liga,Botev Plovdiv,2,1,1,1,0,1,2,2,1,2,4,3,3,3,7,7
Bulgaria - Parva Liga,Botev Vratsa,1,2,0,3,0,2,0,4,1,0,1,3,1,7,2,7
Bulgaria - Parva Liga,Cherno More,1,1,1,0,3,2,0,2,2,2,7,1,5,3,9,5
Bulgaria - Parva Liga,CSKA 1948 Sofia,1,0,1,1,2,1,0,0,0,2,2,1,4,2,2,3
Bulgaria - Parva Liga,CSKA Sofia,1,1,4,0,1,2,1,1,2,0,3,1,6,3,6,2
Bulgaria - Parva Liga,Etar,0,2,1,3,1,0,2,4,0,3,0,2,2,5,2,9
Bulgaria - Parva Liga,Hebar,1,2,1,1,1,4,2,2,2,0,2,5,3,7,6,7
Bulgaria - Parva Liga,L. Krumovgrad,0,2,0,5,0,2,1,0,0,0,1,3,0,9,2,3
Bulgaria - Parva Liga,Levski Sofia,0,2,1,1,5,1,2,2,1,2,1,1,6,4,4,5
Bulgaria - Parva Liga,Lok. Plovdiv,1,3,2,2,6,2,0,0,3,0,2,2,9,7,5,2
Bulgaria - Parva Liga,Lokomotiv Sofia,0,3,1,2,1,4,1,2,1,3,1,4,2,9,3,9
Bulgaria - Parva Liga,Ludogorets,1,2,1,1,1,0,2,1,5,1,2,0,3,3,9,2
Bulgaria - Parva Liga,Pirin Blag.,2,2,0,2,1,1,1,1,1,2,0,6,3,5,2,9
Bulgaria - Parva Liga,Slavia Sofia,1,0,0,2,1,4,0,1,0,3,2,3,2,6,2,7
Canada - Premier League,A. Ottawa,5,4,2,3,4,2,3,3,5,2,3,5,11,9,11,10
Canada - Premier League,Cavalry,5,3,2,1,6,2,4,3,1,3,3,4,13,6,8,10
Canada - Premier League,Forge,2,3,6,1,3,4,4,2,1,2,4,3,11,8,9,7
Canada - Premier League,HFX Wanderers,1,2,2,1,7,2,1,3,1,2,2,6,10,5,4,11
Canada - Premier League,Pacific,6,3,3,3,3,2,2,3,7,4,7,7,12,8,16,14
Canada - Premier League,Valour,0,1,3,1,0,4,2,5,2,2,4,6,3,6,8,13
Canada - Premier League,Vancouver FC,3,5,2,2,2,2,1,3,0,6,2,3,7,9,3,12
Canada - Premier League,York Utd,4,4,4,1,3,4,6,4,5,1,2,7,11,9,13,12
Costa Rica - Primera Div. - Apertura,AD Grecia,0,3,1,1,1,7,1,2,0,6,2,5,2,11,3,13
Costa Rica - Primera Div. - Apertura,Alajuelense,1,1,3,0,2,3,3,1,0,3,5,3,6,4,8,7
Costa Rica - Primera Div. - Apertura,Cartagines,1,5,2,4,2,2,4,1,1,0,3,1,5,11,8,2
Costa Rica - Primera Div. - Apertura,Guanacasteca,0,0,2,2,3,0,0,2,2,2,1,3,5,2,3,7
Costa Rica - Primera Div. - Apertura,Herediano,3,0,3,3,2,2,3,1,5,0,1,4,8,5,9,5
Costa Rica - Primera Div. - Apertura,M. Liberia,1,4,4,3,5,5,3,2,4,6,3,4,10,12,10,12
Costa Rica - Primera Div. - Apertura,Puntarenas,3,0,1,0,2,4,2,3,1,6,1,5,6,4,4,14
Costa Rica - Primera Div. - Apertura,San Carlos,0,0,0,1,1,5,4,2,2,3,2,5,1,6,8,10
Costa Rica - Primera Div. - Apertura,Santos DG,0,2,0,4,2,0,0,2,2,3,0,1,2,6,2,6
Costa Rica - Primera Div. - Apertura,Saprissa,4,2,2,0,4,2,1,1,3,4,4,2,10,4,8,7
Costa Rica - Primera Div. - Apertura,Sporting SJ,2,1,3,2,2,5,1,2,0,3,3,4,7,8,4,9
Costa Rica - Primera Div. - Apertura,Zeledon,1,1,0,1,0,6,0,5,1,6,2,5,1,8,3,16
Costa Rica - Primera Div. - Clausura,AD Grecia,1,4,0,6,0,2,2,8,2,5,2,6,1,12,6,19
Costa Rica - Primera Div. - Clausura,Alajuelense,6,0,1,1,3,2,5,1,2,1,5,6,10,3,12,8
Costa Rica - Primera Div. - Clausura,Cartagines,3,3,1,1,3,4,3,5,6,4,2,2,7,8,11,11
Costa Rica - Primera Div. - Clausura,Guadalupe,4,1,1,4,2,2,2,7,2,3,2,7,7,7,6,17
Costa Rica - Primera Div. - Clausura,Guanacasteca,0,2,2,2,2,5,0,5,0,2,2,3,4,9,2,10
Costa Rica - Primera Div. - Clausura,Herediano,3,3,0,5,0,4,4,1,3,3,5,1,3,12,12,5
Costa Rica - Primera Div. - Clausura,Puntarenas,1,3,0,7,1,3,0,2,2,3,2,2,2,13,4,7
Costa Rica - Primera Div. - Clausura,San Carlos,2,4,1,3,0,4,3,4,1,1,3,1,3,11,7,6
Costa Rica - Primera Div. - Clausura,Santos DG,3,1,3,1,2,4,0,3,1,3,3,4,8,6,4,10
Costa Rica - Primera Div. - Clausura,Saprissa,1,2,1,3,5,3,0,0,5,1,7,2,7,8,12,3
Costa Rica - Primera Div. - Clausura,Sporting SJ,1,0,4,4,5,7,1,3,0,1,1,4,10,11,2,8
Costa Rica - Primera Div. - Clausura,Zeledon,1,1,1,6,4,3,2,3,2,8,2,2,6,10,6,13
Croatia - 1. NL,Bijelo Brdo,0,1,0,0,1,0,0,2,0,2,1,3,1,1,1,7
Croatia - 1. NL,C. Zmijavci,1,4,1,1,1,1,0,2,0,1,0,3,3,6,0,6
Croatia - 1. NL,Cibalia,0,2,0,2,1,4,1,3,3,3,1,1,1,8,5,7
Croatia - 1. NL,Dubrava Zagreb,2,1,1,3,1,1,0,1,3,1,1,3,4,5,4,5
Croatia - 1. NL,Dugopolje,1,0,0,1,3,1,0,0,1,2,3,3,4,2,4,5
Croatia - 1. NL,Jarun,1,1,1,1,0,3,2,1,0,2,0,2,2,5,2,5
Croatia - 1. NL,Orijent,1,4,0,2,3,2,1,4,2,4,3,3,4,8,6,11
Croatia - 1. NL,Sesvete,1,1,1,1,0,1,1,1,1,0,1,1,2,3,3,2
Croatia - 1. NL,Sibenik,2,0,0,1,4,1,1,2,1,1,3,4,6,2,5,7
Croatia - 1. NL,Solin,1,0,1,1,2,1,0,3,0,1,2,6,4,2,2,10
Croatia - 1. NL,Vukovar,1,0,3,1,0,2,2,1,1,2,4,2,4,3,7,5
Croatia - 1. NL,Z. Jurjevac,1,1,3,1,2,1,0,0,1,1,1,1,6,3,2,2
CzechRepublic - 1. Liga,Banik Ostrava,1,0,1,3,1,2,4,1,0,1,3,2,3,5,7,4
CzechRepublic - 1. Liga,Bohemians,1,1,1,1,0,2,1,1,0,1,1,3,2,4,2,5
CzechRepublic - 1. Liga,C. Budejovice,0,0,1,3,1,6,2,3,0,3,0,4,2,9,2,10
CzechRepublic - 1. Liga,Hradec Kralove,0,4,0,1,0,1,1,1,2,2,1,5,0,6,4,8
CzechRepublic - 1. Liga,Jablonec,1,1,1,3,1,1,1,4,1,0,1,1,3,5,3,5
CzechRepublic - 1. Liga,Karvina,1,4,0,2,1,4,0,1,0,2,3,3,2,10,3,6
CzechRepublic - 1. Liga,Mlada Boleslav,3,3,1,1,1,0,5,3,0,5,5,4,5,4,10,12
CzechRepublic - 1. Liga,Pardubice,2,2,0,4,1,1,0,4,2,0,2,2,3,7,4,6
CzechRepublic - 1. Liga,Sigma Olomouc,2,2,2,2,2,3,1,1,0,1,3,1,6,7,4,3
CzechRepublic - 1. Liga,Slavia Prague,1,2,3,0,0,1,3,1,2,0,2,0,4,3,7,1
CzechRepublic - 1. Liga,Slovacko,0,2,1,2,1,1,0,0,0,1,0,3,2,5,0,4
CzechRepublic - 1. Liga,Slovan Liberec,4,2,1,0,1,3,1,2,0,2,0,3,6,5,1,7
CzechRepublic - 1. Liga,Sparta Prague,2,0,2,1,5,1,0,2,2,1,3,2,9,2,5,5
CzechRepublic - 1. Liga,Teplice,2,0,0,2,1,2,2,4,1,2,2,1,3,4,5,7
CzechRepublic - 1. Liga,Viktoria Plzen,3,2,3,4,1,1,3,0,2,2,3,1,7,7,8,3
CzechRepublic - 1. Liga,Zlin,0,2,0,1,2,2,1,5,0,3,1,1,2,5,2,9
CzechRepublic - FNL,Chrudim,0,3,3,1,2,5,2,2,3,1,3,6,5,9,8,9
CzechRepublic - FNL,Dukla Praha,2,1,1,1,3,1,4,1,5,3,1,0,6,3,10,4
CzechRepublic - FNL,Han. Kromeriz,0,6,1,0,0,3,1,0,0,4,5,2,1,9,6,6
CzechRepublic - FNL,Jihlava,2,2,1,1,3,1,1,2,0,3,2,0,6,4,3,5
CzechRepublic - FNL,Lisen,0,1,1,2,2,0,0,2,1,2,0,5,3,3,1,9
CzechRepublic - FNL,Opava,3,2,0,0,1,0,0,0,2,2,0,2,4,2,2,4
CzechRepublic - FNL,Pribram,0,3,2,2,2,2,1,2,0,3,4,1,4,7,5,6
CzechRepublic - FNL,Prostejov,2,2,1,2,2,0,2,3,1,5,1,6,5,4,4,14
CzechRepublic - FNL,Sigma Olomouc B,2,2,1,2,2,5,2,1,2,3,3,3,5,9,7,7
CzechRepublic - FNL,Sparta Prague B,3,3,1,2,2,2,2,1,2,3,1,5,6,7,5,9
CzechRepublic - FNL,Taborsko,0,1,2,1,1,1,1,1,0,2,3,1,3,3,4,4
CzechRepublic - FNL,Varnsdorf,0,3,2,1,1,2,1,1,1,4,3,1,3,6,5,6
CzechRepublic - FNL,Vikto Zizkov,2,1,1,2,1,2,2,4,3,1,1,4,4,5,6,9
CzechRepublic - FNL,Vlasim,3,1,0,1,1,4,2,0,2,0,2,4,4,6,6,4
CzechRepublic - FNL,Vyskov,1,1,1,1,2,0,2,3,2,2,2,0,4,2,6,5
CzechRepublic - FNL,Zbrojovka Brno,2,3,1,4,1,0,3,1,2,1,4,1,4,7,9,3
Denmark - Superligaen,AGF Aarhus,1,1,1,1,1,3,2,0,2,1,2,0,3,5,6,1
Denmark - Superligaen,Brondby IF,1,1,2,0,3,1,2,2,2,1,3,1,6,2,7,4
Denmark - Superligaen,FC Kobenhavn,2,1,2,3,2,0,3,2,3,4,5,0,6,4,11,6
Denmark - Superligaen,FC Midtjylland,0,1,3,2,1,1,3,3,2,1,4,4,4,4,9,8
Denmark - Superligaen,Hvidovre,0,3,0,0,2,3,1,1,0,2,0,2,2,6,1,5
Denmark - Superligaen,Lyngby,0,3,3,3,1,2,2,2,0,0,0,4,4,8,2,6
Denmark - Superligaen,Nordsjaelland,1,0,0,1,2,2,1,1,3,2,5,0,3,3,9,3
Denmark - Superligaen,Odense BK,2,0,1,0,0,0,4,4,1,1,4,3,3,0,9,8
Denmark - Superligaen,Randers FC,2,2,0,5,1,2,1,1,2,3,2,2,3,9,5,6
Denmark - Superligaen,Silkeborg,1,2,1,1,1,4,2,0,3,0,3,2,3,7,8,2
Denmark - Superligaen,Vejle BK,0,1,1,1,0,0,1,2,3,3,1,3,1,2,5,8
Denmark - Superligaen,Viborg,1,1,1,3,0,2,0,3,0,2,2,1,2,6,2,6
Denmark - 1st Division,Aalborg BK,1,2,1,0,3,1,5,1,2,1,3,0,5,3,10,2
Denmark - 1st Division,AC Horsens,1,1,1,1,1,3,1,3,1,2,2,3,3,5,4,8
Denmark - 1st Division,B 93,1,4,1,1,1,1,2,1,2,1,3,2,3,6,7,4
Denmark - 1st Division,Fredericia,0,1,0,2,1,2,2,2,3,2,10,1,1,5,15,5
Denmark - 1st Division,HB Koge,1,2,2,4,0,3,0,3,4,0,2,4,3,9,6,7
Denmark - 1st Division,Helsingor,1,3,0,1,1,1,0,3,1,3,1,2,2,5,2,8
Denmark - 1st Division,Hillerod,0,1,1,1,3,3,4,1,3,2,6,4,4,5,13,7
Denmark - 1st Division,Hobro,1,1,1,0,1,0,3,1,2,0,2,2,3,1,7,3
Denmark - 1st Division,Kolding IF,1,2,0,3,2,1,2,3,1,0,3,5,3,6,6,8
Denmark - 1st Division,Naestved,0,2,2,4,2,1,1,3,1,1,2,7,4,7,4,11
Denmark - 1st Division,SonderjyskE,2,0,4,3,1,1,5,4,4,1,6,1,7,4,15,6
Denmark - 1st Division,Vendsyssel,1,1,2,1,2,1,1,2,1,2,3,2,5,3,5,6
England - Premier League,Arsenal,0,1,1,0,1,0,2,1,1,1,3,0,2,1,6,2
England - Premier League,Aston Villa,2,3,1,2,0,0,1,5,2,0,0,2,3,5,3,7
England - Premier League,Bournemouth,1,2,2,2,0,5,0,2,1,2,1,4,3,9,2,8
England - Premier League,Brentford,0,0,1,0,1,0,2,0,1,2,2,2,2,0,5,4
England - Premier League,Brighton,1,3,1,3,0,0,5,0,2,3,1,2,2,6,8,5
England - Premier League,Burnley,1,1,0,2,2,0,0,0,0,2,1,4,3,3,1,6
England - Premier League,Chelsea,0,3,3,0,2,0,1,1,3,0,2,1,5,3,6,2
England - Premier League,Crystal Palace,0,1,2,1,0,2,2,0,0,1,2,3,2,4,4,4
England - Premier League,Everton,2,0,0,3,0,2,2,1,2,2,0,1,2,5,4,4
England - Premier League,Fulham,1,0,0,1,1,3,0,2,2,3,1,1,2,4,3,6
England - Premier League,Liverpool,0,1,1,2,3,2,1,0,0,0,5,3,4,5,6,3
England - Premier League,Luton Town,0,0,1,2,1,2,0,2,0,5,4,3,2,4,4,10
England - Premier League,Manchester City,1,1,1,0,1,1,3,0,2,1,4,2,3,2,9,3
England - Premier League,Manchester Utd,0,0,2,1,1,1,0,1,0,0,2,3,3,2,2,4
England - Premier League,Newcastle Utd,0,1,2,1,3,2,2,0,4,3,2,1,5,4,8,4
England - Premier League,Nottm Forest,2,2,0,2,0,3,1,1,0,0,1,2,2,7,2,3
England - Premier League,Sheffield Utd,0,1,0,2,0,1,1,3,2,0,0,7,0,4,3,10
England - Premier League,Tottenham,1,1,2,2,3,1,4,1,4,0,0,2,6,4,8,3
England - Premier League,West Ham Utd,0,1,3,2,2,0,3,3,1,2,1,5,5,3,5,10
England - Premier League,Wolverhampton,0,0,0,1,0,0,2,1,1,2,4,4,0,1,7,7
England - Championship,Birmingham City,0,1,0,1,2,0,2,3,0,1,1,5,2,2,3,9
England - Championship,Blackburn,3,2,3,4,0,0,4,1,4,0,1,5,6,6,9,6
England - Championship,Bristol City,0,1,0,1,1,2,2,1,1,1,3,2,1,4,6,4
England - Championship,Cardiff City,2,0,2,0,3,1,2,4,0,1,1,4,7,1,3,9
England - Championship,Coventry City,0,1,1,0,3,4,3,1,1,2,2,6,4,5,6,9
England - Championship,Huddersfield,0,2,0,3,2,3,1,1,1,3,3,2,2,8,5,6
England - Championship,Hull City,2,3,4,0,2,2,0,1,2,4,2,2,8,5,4,7
England - Championship,Ipswich Town,0,2,3,0,2,0,1,1,1,1,4,2,5,2,6,4
England - Championship,Leeds Utd,3,3,1,0,0,4,2,0,2,0,4,3,4,7,8,3
England - Championship,Leicester City,3,1,3,2,3,1,0,1,3,0,6,0,9,4,9,1
England - Championship,Middlesbrough,2,1,2,3,0,4,6,3,3,1,3,4,4,8,12,8
England - Championship,Millwall,2,2,1,1,0,0,1,3,0,0,4,1,3,3,5,4
England - Championship,Norwich City,2,2,4,3,2,6,2,2,1,0,3,5,8,11,6,7
England - Championship,Plymouth,1,4,2,1,0,3,1,1,1,0,1,3,3,8,3,4
England - Championship,Preston,0,0,1,1,1,3,4,2,0,1,1,3,2,4,5,6
England - Championship,QP Rangers,0,4,0,2,4,2,1,1,2,3,0,1,4,8,3,5
England - Championship,Rotherham,0,3,1,3,0,3,1,3,1,1,0,3,1,9,2,7
England - Championship,Sheffield Wed,0,1,0,1,1,3,0,2,0,4,2,4,1,5,2,10
England - Championship,Southampton,1,2,2,1,2,2,1,5,0,1,5,1,5,5,6,7
England - Championship,Stoke City,1,2,1,2,2,3,1,0,1,1,1,2,4,7,3,3
England - Championship,Sunderland,3,3,1,1,4,1,1,2,0,0,2,0,8,5,3,2
England - Championship,Swansea City,1,0,2,2,1,0,2,1,2,3,3,3,4,2,7,7
England - Championship,Watford,0,0,0,1,1,2,2,1,0,4,2,2,1,3,4,7
England - Championship,West Brom,3,1,3,4,0,1,2,0,2,1,1,1,6,6,5,2
England - League One,Barnsley,3,0,1,1,1,0,2,0,1,0,5,2,5,1,8,2
England - League One,Blackpool,0,3,1,1,1,2,2,1,2,1,1,3,2,6,5,5
England - League One,Bolton,2,0,4,0,3,0,1,2,1,0,3,3,9,0,5,5
England - League One,Bristol Rovers,1,1,1,2,0,2,2,1,1,1,3,6,2,5,6,8
England - League One,Burton Albion,1,1,1,3,0,2,2,1,1,1,1,2,2,6,4,4
England - League One,Cambridge Utd,0,2,0,1,1,1,1,2,1,1,1,0,1,4,3,3
England - League One,Carlisle Utd,0,1,2,1,1,1,0,2,1,3,2,2,3,3,3,7
England - League One,Charlton,1,1,1,0,2,3,0,1,1,0,1,4,4,4,2,5
England - League One,Cheltenham,0,1,0,2,2,4,0,2,1,2,1,1,2,7,2,5
England - League One,Derby County,1,0,2,1,6,4,1,1,1,2,4,2,9,5,6,5
England - League One,Exeter City,2,1,1,1,0,1,0,0,2,2,2,5,3,3,4,7
England - League One,Fleetwood,2,3,3,2,2,3,0,1,0,1,3,1,7,8,3,3
England - League One,Leyton Orient,1,1,1,1,2,1,1,4,0,1,3,1,4,3,4,6
England - League One,Lincoln City,2,2,2,0,0,1,1,2,0,1,2,5,4,3,3,8
England - League One,Northampton,0,3,2,3,0,1,1,1,1,1,2,3,2,7,4,5
England - League One,Oxford Utd,2,2,3,2,1,0,3,0,2,1,2,2,6,4,7,3
England - League One,Peterborough,1,1,2,0,2,3,3,3,2,1,3,3,5,4,8,7
England - League One,Port Vale,0,1,1,2,0,2,2,5,1,3,2,3,1,5,5,11
England - League One,Portsmouth,2,0,2,3,5,0,2,1,0,0,2,2,9,3,4,3
England - League One,Reading,0,1,0,3,2,3,0,2,1,3,1,5,2,7,2,10
England - League One,Shrewsbury,0,0,0,4,1,1,0,3,0,3,1,3,1,5,1,9
England - League One,Stevenage,1,1,3,0,2,2,0,3,3,1,3,3,6,3,6,7
England - League One,Wigan Athletic,2,3,2,1,4,0,0,3,2,2,2,2,8,4,4,7
England - League One,Wycombe,1,0,3,2,3,2,2,1,3,3,1,6,7,4,6,10
England - National League,AFC Fylde,5,2,0,5,4,3,1,3,1,0,3,6,9,10,5,9
England - National League,Aldershot Town,0,1,0,1,1,6,2,2,5,4,1,3,1,8,8,9
England - National League,Altrincham,2,2,1,2,5,2,2,2,2,1,3,4,8,6,7,7
England - National League,Barnet,3,2,5,2,2,2,1,1,6,2,2,4,10,6,9,7
England - National League,Boreham Wood,0,1,2,5,2,3,4,0,4,4,1,3,4,9,9,7
England - National League,Bromley,2,0,0,1,0,2,2,4,3,3,2,0,2,3,7,7
England - National League,Chesterfield,2,1,3,3,5,0,4,1,1,2,5,4,10,4,10,7
England - National League,Dagenham & R.,2,2,0,1,2,0,1,2,2,1,4,4,4,3,7,7
England - National League,Dorking,1,1,1,2,1,2,2,0,1,2,2,4,3,5,5,6
England - National League,Eastleigh,0,4,3,2,0,2,4,1,1,1,1,5,3,8,6,7
England - National League,Ebbsfleet Utd,1,3,3,2,2,5,1,4,2,5,1,6,6,10,4,15
England - National League,Gateshead FC,0,1,3,2,3,0,3,2,6,2,4,3,6,3,13,7
England - National League,Halifax Town,0,1,3,2,1,2,2,1,3,1,2,2,4,5,7,4
England - National League,Hartlepool,3,2,3,2,2,3,2,4,1,4,3,5,8,7,6,13
England - National League,Kidderminster,2,1,0,6,2,2,0,3,0,0,3,3,4,9,3,6
England - National League,Maidenhead Utd,2,1,1,2,1,4,1,4,1,2,3,7,4,7,5,13
England - National League,Oldham,0,3,3,1,1,2,1,2,3,4,2,6,4,6,6,12
England - National League,Oxford City,1,3,3,3,0,7,2,3,0,3,4,4,4,13,6,10
England - National League,Rochdale,2,0,1,1,3,2,2,5,2,2,5,3,6,3,9,10
England - National League,Solihull Moors,2,1,1,0,3,2,5,1,1,4,1,3,6,3,7,8
England - National League,Southend Utd,1,1,4,3,0,2,3,2,2,2,1,2,5,6,6,6
England - National League,Wealdstone,1,2,0,1,1,2,1,3,2,6,2,2,2,5,5,11
England - National League,Woking,1,1,1,3,1,0,4,1,1,0,1,1,3,4,6,2
England - National League,York City,0,1,2,2,1,3,1,6,2,2,4,6,3,6,7,14
FaroeIslands - Premier League,07 Vestur,2,1,3,2,3,3,4,1,4,5,6,8,8,6,14,14
FaroeIslands - Premier League,AB Argir,1,8,1,5,2,12,1,5,2,4,2,8,4,25,5,17
FaroeIslands - Premier League,B36 Torshavn,3,1,6,2,4,2,4,2,6,3,3,5,13,5,13,10
FaroeIslands - Premier League,B68 Toftir,4,2,0,8,3,3,2,2,1,1,3,6,7,13,6,9
FaroeIslands - Premier League,HB Torshavn,7,0,4,3,2,2,4,3,7,1,5,1,13,5,16,5
FaroeIslands - Premier League,IF Fuglafjordur,1,3,0,2,1,11,2,4,3,4,1,9,2,16,6,17
FaroeIslands - Premier League,Klaksvik,7,3,2,0,9,2,5,3,8,2,6,0,18,5,19,5
FaroeIslands - Premier League,Streymur,3,8,2,1,3,4,1,4,1,5,2,9,8,13,4,18
FaroeIslands - Premier League,TB Tvoroyri,0,5,1,2,1,5,0,8,0,6,3,8,2,12,3,22
FaroeIslands - Premier League,Vikingur,6,1,3,2,6,5,7,2,5,3,5,2,15,8,17,7
Finland - Veikkausliiga,Haka,0,3,3,6,4,5,2,3,1,4,1,4,7,14,4,11
Finland - Veikkausliiga,HJK Helsinki,2,4,3,1,2,1,4,4,5,0,7,7,7,6,16,11
Finland - Veikkausliiga,Honka,1,3,1,4,3,1,2,7,3,0,2,2,5,8,7,9
Finland - Veikkausliiga,Ilves,1,2,3,2,3,2,3,2,4,5,6,2,7,6,13,9
Finland - Veikkausliiga,Inter Turku,4,2,5,5,3,4,0,3,3,5,2,5,12,11,5,13
Finland - Veikkausliiga,KTP,0,6,2,5,2,1,2,6,3,3,1,2,4,12,6,11
Finland - Veikkausliiga,KuPS,4,2,2,0,2,2,8,2,3,3,3,1,8,4,14,6
Finland - Veikkausliiga,Lahti,0,2,0,4,1,5,3,2,3,2,2,2,1,11,8,6
Finland - Veikkausliiga,Mariehamn,4,2,2,4,4,5,2,5,2,1,5,6,10,11,9,12
Finland - Veikkausliiga,Oulu,0,3,2,6,2,2,3,5,4,4,9,2,4,11,16,11
Finland - Veikkausliiga,SJK,1,0,3,2,3,1,3,3,5,1,1,5,7,3,9,9
Finland - Veikkausliiga,VPS,4,4,4,1,4,1,3,0,3,2,2,5,12,6,8,7
Finland - Ykkonen,Ekenas IF,1,4,3,1,5,1,1,1,3,1,10,3,9,6,14,5
Finland - Ykkonen,Gnistan,3,4,2,1,4,2,4,3,2,2,9,1,9,7,15,6
Finland - Ykkonen,HIFK,2,3,2,4,3,3,2,2,2,5,7,5,7,10,11,12
Finland - Ykkonen,JaPS,2,0,2,1,3,6,4,3,1,2,2,6,7,7,7,11
Finland - Ykkonen,Jaro,0,4,1,1,2,4,3,3,2,5,3,6,3,9,8,14
Finland - Ykkonen,JJK,0,7,3,2,3,4,2,7,1,8,3,6,6,13,6,21
Finland - Ykkonen,KaPa,3,5,4,5,3,5,5,4,2,8,3,6,10,15,10,18
Finland - Ykkonen,KPV Kokkola,2,3,3,5,0,1,2,3,1,8,4,6,5,9,7,17
Finland - Ykkonen,Mikkelin,2,1,3,1,5,4,0,2,6,2,4,6,10,6,10,10
Finland - Ykkonen,SalPa,3,4,3,3,2,4,0,2,1,4,3,1,8,11,4,7
Finland - Ykkonen,SJK Akatemia,3,6,3,4,2,5,6,4,4,7,3,3,8,15,13,14
Finland - Ykkonen,TPS,2,2,3,2,3,5,2,4,1,2,4,7,8,9,7,13
Finland - Kakkonen,Atlantis B,1,2,1,0,1,2,1,0,3,2,1,0,3,4,5,2
Finland - Kakkonen,Futura,1,6,0,3,3,4,2,5,1,1,1,8,4,13,4,14
Finland - Kakkonen,JIPPO,4,3,2,0,0,0,2,0,2,0,4,2,6,3,8,2
Finland - Kakkonen,Kiffen,1,3,1,1,2,0,0,2,1,0,1,2,4,4,2,4
Finland - Kakkonen,Klubi-04,3,0,2,0,1,0,1,0,2,0,4,1,6,0,7,1
Finland - Kakkonen,NJS,2,0,2,0,4,1,2,4,0,3,2,3,8,1,4,10
Finland - Kakkonen,PEPO,1,3,3,4,2,3,3,3,0,4,4,5,6,10,7,12
Finland - Kakkonen,PK-35,2,0,3,2,3,2,1,0,1,2,5,2,8,4,7,4
Finland - Kakkonen,PKKU,2,1,1,3,3,1,1,3,2,2,5,6,6,5,8,11
Finland - Kakkonen,PPJ,3,3,4,0,0,1,4,1,3,3,3,3,7,4,10,7
Finland - Kakkonen,Reipas,1,1,0,1,2,1,2,0,2,0,0,2,3,3,4,2
Finland - Kakkonen,TiPS,0,2,1,2,1,1,0,3,1,4,1,6,2,5,2,13
France - Ligue 1,Brest,0,2,1,2,0,0,3,1,0,2,0,0,1,4,3,3
France - Ligue 1,Clermont,1,4,0,1,3,0,0,1,0,0,1,1,4,5,1,2
France - Ligue 1,Le Havre,1,1,0,3,1,0,0,3,1,0,3,1,2,4,4,4
France - Ligue 1,Lens,1,0,2,1,0,3,0,3,0,0,1,2,3,4,1,5
France - Ligue 1,Lille,0,2,0,1,3,0,2,0,1,4,1,1,3,3,4,5
France - Ligue 1,Lorient,1,0,1,2,0,2,1,3,1,1,2,4,2,4,4,8
France - Ligue 1,Lyon,0,0,0,0,0,1,0,0,0,3,1,1,0,1,1,4
France - Ligue 1,Marseille,3,2,1,1,0,2,0,2,0,2,1,2,4,5,1,6
France - Ligue 1,Metz,1,0,1,1,1,3,0,2,1,1,1,4,3,4,2,7
France - Ligue 1,Monaco,0,4,3,0,2,2,3,3,2,0,2,1,5,6,7,4
France - Ligue 1,Montpellier,0,2,2,0,3,1,0,1,2,5,2,0,5,3,4,6
France - Ligue 1,Nantes,0,1,0,1,1,0,3,1,0,3,0,4,1,2,3,8
France - Ligue 1,Nice,1,0,1,1,0,0,1,0,3,0,1,2,2,1,5,2
France - Ligue 1,Paris SG,1,0,3,0,4,1,1,2,1,1,1,1,8,1,3,4
France - Ligue 1,Reims,3,1,2,1,1,1,3,1,1,2,0,1,6,3,4,4
France - Ligue 1,Rennes,0,2,1,0,0,2,1,0,0,0,0,1,1,4,1,1
France - Ligue 1,Strasbourg,0,1,0,2,0,3,0,1,0,1,2,1,0,6,2,3
France - Ligue 1,Toulouse,0,2,1,0,1,1,0,1,1,2,1,3,2,3,2,6
France - Ligue 2,AC Ajaccio,1,1,1,0,1,3,1,0,1,1,0,3,3,4,2,4
France - Ligue 2,Amiens,1,2,0,1,1,1,1,2,0,1,0,0,2,4,1,3
France - Ligue 2,Angers,1,1,1,0,2,0,0,4,1,1,2,2,4,1,3,7
France - Ligue 2,Annecy,0,0,2,3,2,0,2,1,0,2,1,2,4,3,3,5
France - Ligue 2,Auxerre,1,0,4,2,2,1,2,2,5,2,2,2,7,3,9,6
France - Ligue 2,Bordeaux,0,2,0,3,1,1,0,1,0,3,2,1,1,6,2,5
France - Ligue 2,Caen,1,3,0,2,4,1,1,0,2,2,4,4,5,6,7,6
France - Ligue 2,Concarneau,0,0,1,0,3,1,0,0,0,1,0,6,4,1,0,7
France - Ligue 2,Grenoble,1,1,1,2,0,1,3,0,1,0,1,2,2,4,5,2
France - Ligue 2,Guingamp,0,0,0,0,1,2,2,0,2,1,2,4,1,2,6,5
France - Ligue 2,Laval,1,1,1,2,1,0,4,0,0,0,2,1,3,3,6,1
France - Ligue 2,Paris FC,1,0,0,1,0,2,2,2,3,4,1,2,1,3,6,8
France - Ligue 2,Pau FC,1,1,2,1,0,4,2,2,1,2,2,3,3,6,5,7
France - Ligue 2,Quevilly Rouen,2,1,1,2,1,1,2,2,0,0,1,3,4,4,3,5
France - Ligue 2,Rodez Aveyron,1,1,2,3,1,4,0,1,2,2,3,2,4,8,5,5
France - Ligue 2,Saint-Etienne,1,0,1,1,0,1,2,0,1,0,2,2,2,2,5,2
France - Ligue 2,SC Bastia,1,0,0,1,1,1,0,2,0,1,0,2,2,2,0,5
France - Ligue 2,Troyes,3,0,2,1,0,0,1,3,1,2,1,4,5,1,3,9
France - Ligue 2,USL Dunkerque,0,1,2,0,1,0,1,3,1,2,2,5,3,1,4,10
France - Ligue 2,Valenciennes,2,1,0,2,0,2,1,0,0,0,1,4,2,5,2,4
France - National,Avranches,0,2,2,1,0,3,1,3,2,3,1,2,2,6,4,8
France - National,Chateauroux,0,1,2,2,2,0,1,4,0,1,2,1,4,3,3,6
France - National,Cholet,3,0,0,2,0,1,0,2,0,1,1,3,3,3,1,6
France - National,Dijon,0,1,0,0,0,3,0,1,1,1,0,3,0,4,1,5
France - National,Epinal,2,3,2,2,2,3,0,1,1,2,1,2,6,8,2,5
France - National,G. O. A. L.,0,1,2,1,0,1,1,2,1,0,2,2,2,3,4,4
France - National,Le Mans,2,3,1,2,2,2,2,2,2,1,2,0,5,7,6,3
France - National,Marignane G.,0,0,1,0,0,1,0,4,1,0,1,1,1,1,2,5
France - National,Martigues,1,1,0,1,0,0,0,0,1,0,1,1,1,2,2,1
France - National,Nancy,0,2,0,0,2,1,1,1,0,0,0,0,2,3,1,1
France - National,Nimes,0,1,2,0,1,0,1,0,1,0,0,4,3,1,2,4
France - National,Niort,1,4,1,1,0,3,2,0,1,1,1,1,2,8,4,2
France - National,Orleans,0,1,0,1,2,3,0,1,2,1,1,3,2,5,3,5
France - National,Red Star,2,0,2,2,1,2,2,1,2,3,1,0,5,4,5,4
France - National,Rouen,0,1,1,1,3,1,0,2,1,0,5,1,4,3,6,3
France - National,Sochaux,1,4,2,0,1,1,0,2,1,1,4,0,4,5,5,3
France - National,Versailles,1,0,2,1,0,0,1,3,0,0,2,1,3,1,3,4
France - National,Villefranche,2,2,1,1,0,3,0,0,1,2,2,1,3,6,3,3
Georgia - Erovnuli Liga,Dila Gori,4,3,4,3,2,2,3,1,5,2,2,6,10,8,10,9
Georgia - Erovnuli Liga,Dinamo Batumi,5,3,4,0,9,1,6,4,8,1,6,5,18,4,20,10
Georgia - Erovnuli Liga,Dinamo Tbilisi,4,3,1,5,11,5,12,1,3,7,9,4,16,13,24,12
Georgia - Erovnuli Liga,Gagra,2,6,2,2,3,9,3,5,1,4,3,6,7,17,7,15
Georgia - Erovnuli Liga,Saburtalo,3,1,4,5,4,4,5,5,2,4,5,7,11,10,12,16
Georgia - Erovnuli Liga,Samgurali,1,3,2,5,3,6,5,4,2,5,8,7,6,14,15,16
Georgia - Erovnuli Liga,Samtredia,2,3,2,1,1,2,2,1,5,5,3,11,5,6,10,17
Georgia - Erovnuli Liga,Shukura,3,9,2,4,3,6,1,10,2,6,5,7,8,19,8,23
Georgia - Erovnuli Liga,Telavi,2,5,0,5,4,7,1,3,4,6,3,7,6,17,8,16
Georgia - Erovnuli Liga,Torpedo Kutaisi,0,1,1,1,4,4,3,2,4,1,4,5,5,6,11,8
Germany - Bundesliga,Bayern Munich,4,0,1,3,0,1,3,0,3,0,4,0,5,4,10,0
Germany - Bundesliga,Bochum,1,2,1,3,1,5,1,2,1,2,0,3,3,10,2,7
Germany - Bundesliga,Darmstadt,0,0,2,2,0,2,1,4,1,5,0,5,2,4,2,14
Germany - Bundesliga,Dortmund,1,2,1,2,2,2,3,0,0,1,4,0,4,6,7,1
Germany - Bundesliga,E. Frankfurt,3,1,1,1,1,1,1,0,0,1,2,1,5,3,3,2
Germany - Bundesliga,FC Augsburg,0,3,2,4,2,2,0,1,1,1,2,0,4,9,3,2
Germany - Bundesliga,FC Koln,0,1,0,1,2,5,0,0,0,2,0,4,2,7,0,6
Germany - Bundesliga,Freiburg,0,2,0,3,2,1,0,2,1,2,0,1,2,6,1,5
Germany - Bundesliga,FSV Mainz,1,4,1,2,0,1,1,1,2,1,1,5,2,7,4,7
Germany - Bundesliga,Heidenheim,0,5,0,1,1,1,1,1,1,3,1,1,1,7,3,5
Germany - Bundesliga,Hoffenheim,3,0,4,2,1,0,1,1,1,3,4,1,8,2,6,5
Germany - Bundesliga,Leverkusen,2,1,3,0,2,1,2,2,3,0,1,1,7,2,6,3
Germany - Bundesliga,Monchengladbach,1,4,4,1,4,3,1,0,2,2,2,4,9,8,5,6
Germany - Bundesliga,RB Leipzig,1,0,1,1,1,2,1,0,3,1,2,2,3,3,6,3
Germany - Bundesliga,Stuttgart,0,0,1,0,1,0,1,1,1,5,5,2,2,0,7,8
Germany - Bundesliga,Union Berlin,2,2,1,2,3,1,0,3,1,2,0,0,6,5,1,5
Germany - Bundesliga,Werder Bremen,1,2,0,1,0,2,1,2,3,3,1,2,1,5,5,7
Germany - Bundesliga,Wolfsburg,0,0,0,1,4,1,0,2,2,3,0,4,4,2,2,9
Germany - 2. Bundesliga,Braunschweig,0,1,0,3,0,5,0,0,0,2,1,2,0,9,1,4
Germany - 2. Bundesliga,Dusseldorf,4,0,1,0,2,1,0,1,2,0,3,1,7,1,5,2
Germany - 2. Bundesliga,Elversberg,1,0,2,1,2,2,1,1,2,2,2,1,5,3,5,4
Germany - 2. Bundesliga,FC Nurnberg,0,1,1,4,4,1,0,3,2,1,2,4,5,6,4,8
Germany - 2. Bundesliga,Greuther Furth,2,1,1,2,0,3,1,1,1,3,0,1,3,6,2,5
Germany - 2. Bundesliga,Hamburger SV,2,3,0,2,0,1,0,2,5,0,2,2,2,6,7,4
Germany - 2. Bundesliga,Hannover 96,3,0,4,0,0,2,2,3,0,2,2,4,7,2,4,9
Germany - 2. Bundesliga,Hansa Rostock,0,1,1,1,0,2,0,2,0,0,2,2,1,4,2,4
Germany - 2. Bundesliga,Hertha Berlin,2,1,2,0,3,3,2,6,0,2,1,4,7,4,3,12
Germany - 2. Bundesliga,Holstein Kiel,1,2,2,1,1,1,4,1,0,1,2,1,4,4,6,3
Germany - 2. Bundesliga,Kaiserslautern,1,1,2,1,2,3,1,2,1,3,1,1,5,5,3,6
Germany - 2. Bundesliga,Karlsruher SC,4,4,1,1,3,1,0,3,0,2,1,2,8,6,1,7
Germany - 2. Bundesliga,Magdeburg,1,2,4,0,0,2,1,2,2,5,1,1,5,4,4,8
Germany - 2. Bundesliga,Osnabruck,0,0,0,2,1,2,0,4,0,5,2,2,1,4,2,11
Germany - 2. Bundesliga,Paderborn,3,1,2,0,1,6,2,2,1,2,2,2,6,7,5,6
Germany - 2. Bundesliga,Sankt Pauli,0,1,2,0,1,0,3,0,2,1,1,3,3,1,6,4
Germany - 2. Bundesliga,Schalke 04,0,0,2,4,2,2,1,5,1,1,2,5,4,6,4,11
Germany - 2. Bundesliga,Wehen Wiesbaden,2,1,2,0,1,0,1,2,1,2,1,2,5,1,3,6
Germany - 3. Liga,1860 Munchen,0,2,2,0,2,2,2,1,1,0,1,4,4,4,4,5
Germany - 3. Liga,Bielefeld,0,2,1,1,2,3,0,1,1,2,3,2,3,6,4,5
Germany - 3. Liga,Dortmund B,3,0,0,3,2,1,1,2,2,2,1,0,5,4,4,4
Germany - 3. Liga,Dynamo Dresden,1,0,0,3,2,1,2,0,0,0,2,2,3,4,4,2
Germany - 3. Liga,Erzgebirge Aue,0,2,1,1,1,1,0,4,3,1,3,2,2,4,6,7
Germany - 3. Liga,FC Ingolstadt,0,3,3,2,0,0,0,1,4,4,0,4,3,5,4,9
Germany - 3. Liga,Freiburg B,1,1,2,2,2,4,0,1,1,0,0,3,5,7,1,4
Germany - 3. Liga,Hallescher,2,5,2,2,0,1,2,2,1,3,2,3,4,8,5,8
Germany - 3. Liga,Mannheim,0,2,1,2,1,1,1,5,1,1,2,3,2,5,4,9
Germany - 3. Liga,MSV Duisburg,0,2,1,1,1,0,1,2,0,0,0,2,2,3,1,4
Germany - 3. Liga,Preuss. Munster,1,1,1,1,2,1,0,4,0,0,3,2,4,3,3,6
Germany - 3. Liga,Regensburg,2,0,0,2,1,0,0,2,3,1,5,0,3,2,8,3
Germany - 3. Liga,RW Essen,0,1,1,2,0,2,2,2,2,0,3,3,1,5,7,5
Germany - 3. Liga,Saarbrucken,1,1,2,2,2,3,3,1,1,2,3,2,5,6,7,5
Germany - 3. Liga,Sandhausen,1,2,4,0,1,1,0,1,1,1,1,3,6,3,2,5
Germany - 3. Liga,Ulm,1,4,0,2,3,2,1,2,4,0,2,3,4,8,7,5
Germany - 3. Liga,Unterhaching,2,1,1,1,2,1,0,1,0,2,1,3,5,3,1,6
Germany - 3. Liga,Verl,1,3,1,0,4,3,3,3,3,2,4,2,6,6,10,7
Germany - 3. Liga,VfB Lubeck,1,1,2,1,0,4,2,0,0,2,2,6,3,6,4,8
Germany - 3. Liga,Viktoria Koln,1,2,0,2,4,1,3,4,1,1,2,4,5,5,6,9
Greece - Super League,AEK Athens,0,3,0,0,4,0,1,0,1,1,3,2,4,3,5,3
Greece - Super League,Aris,0,0,0,2,1,2,1,0,1,2,0,2,1,4,2,4
Greece - Super League,Asteras T.,2,0,2,2,0,0,0,3,0,1,1,1,4,2,1,5
Greece - Super League,Atromitos,0,1,1,0,0,9,1,3,0,1,4,3,1,10,5,7
Greece - Super League,Kifisia,0,0,0,4,0,2,0,1,2,2,1,3,0,6,3,6
Greece - Super League,Lamia,0,0,0,1,0,1,1,1,1,3,2,3,0,2,4,7
Greece - Super League,OFI Crete,0,2,3,2,0,0,0,1,1,1,0,2,3,4,1,4
Greece - Super League,Olympiakos,1,0,2,1,1,0,1,0,0,0,1,0,4,1,2,0
Greece - Super League,Panaitolikos,0,1,1,2,0,2,0,2,0,1,2,3,1,5,2,6
Greece - Super League,Panathinaikos,2,1,0,0,3,0,0,0,2,1,5,0,5,1,7,1
Greece - Super League,Panserraikos,3,2,1,0,0,1,0,2,0,2,1,6,4,3,1,10
Greece - Super League,PAOK,1,0,1,2,2,1,2,1,1,0,2,4,4,3,5,5
Greece - Super League,PAS Giannina,1,2,3,1,0,3,0,1,1,1,0,1,4,6,1,3
Greece - Super League,Volos,0,1,0,0,0,5,1,2,1,1,0,1,0,6,2,4
Hong Kong - Premier League,Eastern,0,0,0,0,1,0,1,1,0,0,1,0,1,0,2,1
Hong Kong - Premier League,HK Rangers,3,3,2,0,5,0,1,1,3,1,2,2,10,3,6,4
Hong Kong - Premier League,HK U23,0,0,0,3,0,3,0,3,0,2,0,1,0,6,0,6
Hong Kong - Premier League,Hong Kong FC,0,1,1,5,0,0,1,1,0,1,0,1,1,6,1,3
Hong Kong - Premier League,Kitchee,0,0,0,1,1,1,0,1,0,0,0,1,1,2,0,2
Hong Kong - Premier League,LM Warriors,0,0,0,0,3,0,0,1,0,0,0,0,3,0,0,1
Hong Kong - Premier League,North District,1,1,0,0,0,0,0,0,1,1,3,0,1,1,4,1
Hong Kong - Premier League,Resources C.,1,2,0,1,0,2,0,0,1,0,0,2,1,5,1,2
Hong Kong - Premier League,Sham Shui Po,1,0,0,2,0,3,0,3,0,4,1,4,1,5,1,11
Hong Kong - Premier League,Southern D.,0,0,2,1,2,0,1,1,0,2,1,1,4,1,2,4
Hong Kong - Premier League,Wofoo Tai Po,0,0,0,0,1,1,0,0,0,2,0,0,1,1,0,2
Hungary - NB I,Debrecen,0,4,2,1,1,3,0,0,2,1,0,1,3,8,2,2
Hungary - NB I,Diosgyor VTK,1,1,1,0,1,2,1,3,2,1,2,4,3,3,5,8
Hungary - NB I,Ferencvaros,2,2,3,2,3,2,2,2,6,1,4,0,8,6,12,3
Hungary - NB I,Kecskemeti TE,0,2,0,1,0,1,2,3,0,4,2,1,0,4,4,8
Hungary - NB I,Kisvarda,4,1,0,3,1,6,1,3,2,0,0,7,5,10,3,10
Hungary - NB I,Mezokovesd,0,0,2,1,1,2,0,1,1,1,2,5,3,3,3,7
Hungary - NB I,MOL Fehervar,0,3,0,0,1,3,2,1,0,3,1,0,1,6,3,4
Hungary - NB I,MTK,2,3,1,0,1,2,0,1,2,0,0,1,4,5,2,2
Hungary - NB I,Paks,0,2,1,2,5,5,2,1,3,1,0,0,6,9,5,2
Hungary - NB I,Puskas Akad.,3,1,1,0,1,2,1,1,3,1,4,2,5,3,8,4
Hungary - NB I,Ujpest,1,0,0,4,1,2,1,0,1,3,2,3,2,6,4,6
Hungary - NB I,Zalaegerszegi,0,1,0,0,1,3,2,0,2,4,3,2,1,4,7,6
Iceland - Urvalsdeild,Breidablik,6,0,4,3,5,8,1,4,3,3,3,6,15,11,7,13
Iceland - Urvalsdeild,Fram,1,6,0,7,4,5,5,8,1,1,4,10,5,18,10,19
Iceland - Urvalsdeild,Fylkir,0,4,1,2,3,3,1,4,6,4,6,6,4,9,13,14
Iceland - Urvalsdeild,Hafnarfjordur,2,7,2,2,5,3,4,3,2,7,6,9,9,12,12,19
Iceland - Urvalsdeild,HK Kopavogur,6,6,1,3,3,8,3,6,2,7,5,2,10,17,10,15
Iceland - Urvalsdeild,IBV,1,5,3,5,2,3,1,6,5,7,3,7,6,13,9,20
Iceland - Urvalsdeild,KA Akureyri,1,2,1,5,5,2,3,7,5,4,2,5,7,9,10,16
Iceland - Urvalsdeild,Keflavik,0,3,1,5,2,5,3,4,4,5,2,8,3,13,9,17
Iceland - Urvalsdeild,KR Reykjavik,3,5,2,5,2,5,4,4,5,4,3,9,7,15,12,17
Iceland - Urvalsdeild,Stjarnan,4,1,0,4,2,3,3,3,2,1,7,5,6,8,12,9
Iceland - Urvalsdeild,Valur,3,0,6,2,7,2,9,8,5,2,4,4,16,4,18,14
Iceland - Urvalsdeild,Vikingur R.,6,6,5,1,5,2,3,3,4,1,8,4,16,9,15,8
Iceland - 1. Deild,AEggir,1,4,2,6,3,2,1,9,2,2,4,15,6,12,7,26
Iceland - 1. Deild,Afturelding,2,0,6,4,3,4,4,3,3,1,8,5,11,8,15,9
Iceland - 1. Deild,Fjolnir,2,3,4,2,5,4,0,3,2,0,6,4,11,9,8,7
Iceland - 1. Deild,Grindavik,2,4,2,2,4,3,3,3,0,5,2,8,8,9,5,16
Iceland - 1. Deild,Grotta,4,1,0,4,2,4,1,3,2,5,3,4,6,9,6,12
Iceland - 1. Deild,IA Akranes,7,0,3,2,4,2,3,2,8,3,4,6,14,4,15,11
Iceland - 1. Deild,Leiknir R.,3,3,3,4,4,2,6,3,2,3,7,3,10,9,15,9
Iceland - 1. Deild,Njardv√≠k,5,2,3,2,3,7,0,7,0,6,4,2,11,11,4,15
Iceland - 1. Deild,Selfoss,1,9,5,1,1,5,4,3,1,4,5,5,7,15,10,12
Iceland - 1. Deild,Thor Akureyri,0,2,3,1,1,4,0,4,2,5,2,8,4,7,4,17
Iceland - 1. Deild,Throttur R.,4,3,2,6,4,4,3,4,2,6,3,4,10,13,8,14
Iceland - 1. Deild,Vestri,5,2,1,2,3,2,1,1,6,5,2,3,9,6,9,9
Ireland - Premier Division,Bohemians,0,1,3,2,0,2,3,4,2,1,8,9,3,5,13,14
Ireland - Premier Division,Cork City,1,4,2,5,6,7,2,8,2,5,2,15,9,16,6,28
Ireland - Premier Division,Derry City,4,2,3,2,8,1,5,2,5,4,3,5,15,5,13,11
Ireland - Premier Division,Drogheda Utd,2,4,3,4,4,5,3,5,5,2,3,13,9,13,11,20
Ireland - Premier Division,Dundalk,0,4,2,3,4,3,1,4,5,3,9,5,6,10,15,12
Ireland - Premier Division,Shamrock Rovers,0,0,6,0,3,0,6,0,4,4,5,5,9,0,15,9
Ireland - Premier Division,Shelbourne,3,0,3,0,3,3,4,3,6,4,3,2,9,3,13,9
Ireland - Premier Division,Sligo Rovers,1,4,5,3,3,4,2,7,2,8,4,5,9,11,8,20
Ireland - Premier Division,St. Patricks,3,5,6,5,7,2,3,3,2,4,6,9,16,12,11,16
Ireland - Premier Division,UC Dublin,2,6,1,9,1,11,1,10,2,14,2,6,4,26,5,30
Ireland - First Division,Athlone Town,5,8,5,4,6,5,2,6,7,9,4,6,16,17,13,21
Ireland - First Division,Bray Wanderers,2,6,5,5,2,5,2,3,5,7,6,5,9,16,13,15
Ireland - First Division,Cobh Ramblers,2,3,5,5,2,6,3,8,8,4,7,5,9,14,18,17
Ireland - First Division,Finn Harps,2,6,2,8,4,7,3,7,1,10,7,8,8,21,11,25
Ireland - First Division,Galway Utd,3,3,6,2,8,4,5,2,10,1,8,1,17,9,23,4
Ireland - First Division,Kerry,1,8,4,5,1,9,4,6,2,9,4,10,6,22,10,25
Ireland - First Division,Longford Town,1,4,4,3,4,4,2,7,4,3,5,3,9,11,11,13
Ireland - First Division,Treaty Utd,1,4,4,2,3,7,3,4,7,2,4,9,8,13,14,15
Ireland - First Division,Waterford,8,1,5,2,3,2,5,4,10,3,7,1,16,5,22,8
Ireland - First Division,Wexford,6,4,3,1,4,6,3,2,6,3,4,4,13,11,13,9
Israel - Ligat HaAl,Ashdod,0,0,0,0,0,0,0,2,0,3,1,1,0,0,1,6
Israel - Ligat HaAl,B. Jerusalem,1,0,0,1,1,0,0,2,1,0,0,0,2,1,1,2
Israel - Ligat HaAl,Bnei Sakhnin,1,1,0,1,1,3,0,1,0,0,1,1,2,5,1,2
Israel - Ligat HaAl,H. Beer Sheva,1,1,0,0,0,0,0,1,0,0,0,0,1,1,0,1
Israel - Ligat HaAl,H. Jerusalem,0,2,0,0,1,1,0,2,1,0,0,1,1,3,1,3
Israel - Ligat HaAl,H. Petah Tikva,0,1,0,1,0,0,0,1,0,1,1,2,0,2,1,4
Israel - Ligat HaAl,Hapoel Hadera,0,1,0,1,0,0,0,2,1,1,0,0,0,2,1,3
Israel - Ligat HaAl,Hapoel Haifa,0,1,0,1,2,0,1,0,0,0,1,0,2,2,2,0
Israel - Ligat HaAl,Hapoel Tel Aviv,1,0,0,0,1,0,2,0,0,1,0,0,2,0,2,1
Israel - Ligat HaAl,M. Bnei Raina,0,0,0,1,2,2,1,0,0,0,1,0,2,3,2,0
Israel - Ligat HaAl,M. Petah Tikva,1,0,0,0,0,0,1,2,0,0,1,1,1,0,2,3
Israel - Ligat HaAl,M. Tel Aviv,1,0,1,0,2,0,2,0,1,0,1,0,4,0,4,0
Israel - Ligat HaAl,Maccabi Haifa,0,1,1,0,4,3,0,0,1,0,1,2,5,4,2,2
Israel - Ligat HaAl,Maccabi Netanya,0,1,0,0,0,0,0,1,0,0,1,1,0,1,1,2
Israel - Leumit League,Bnei Yehuda,0,1,0,0,2,0,2,2,1,0,0,2,2,1,3,4
Israel - Leumit League,H. Ironi Rishon,0,1,2,1,1,0,0,0,0,0,0,1,3,2,0,1
Israel - Leumit League,H. Kfar Saba,0,0,0,1,0,0,2,1,0,0,0,0,0,1,2,1
Israel - Leumit League,H. Nof Hagalil,1,0,0,1,2,1,0,0,1,1,0,3,3,2,1,4
Israel - Leumit League,H. Ramat Gan,3,0,1,0,1,1,0,0,0,1,0,2,5,1,0,3
Israel - Leumit League,H. Umm al-Fahm,1,0,0,0,0,0,1,0,1,1,1,1,1,0,3,2
Israel - Leumit League,Hapoel Afula,0,1,0,0,2,4,0,1,0,2,2,2,2,5,2,5
Israel - Leumit League,Hapoel Akko,0,0,0,0,0,0,0,1,0,0,0,1,0,0,0,2
Israel - Leumit League,Ihud B. Shfaram,0,0,2,0,2,1,0,0,1,3,0,4,4,1,1,7
Israel - Leumit League,Ironi Tiberias,0,1,0,1,0,1,2,1,1,0,0,2,0,3,3,3
Israel - Leumit League,Kafr Qasim,0,0,0,0,0,1,0,0,2,0,0,1,0,1,2,1
Israel - Leumit League,Kiryat Shmona,1,1,0,1,0,0,0,0,1,0,2,2,1,2,3,2
Israel - Leumit League,M. Herziliya,0,2,0,0,0,1,1,1,0,1,2,2,0,3,3,4
Israel - Leumit League,Maccabi Jaffa,0,3,0,0,1,1,3,2,1,1,1,1,1,4,5,4
Israel - Leumit League,Nes Tziona,0,0,1,1,0,3,3,2,0,2,0,4,1,4,3,8
Israel - Leumit League,Ramat Hasharon,2,0,2,1,0,0,0,0,1,1,3,1,4,1,4,2
Italy - Serie A,AC Milan,2,1,2,1,3,1,3,1,0,2,1,3,7,3,4,6
Italy - Serie A,AS Roma,0,2,3,0,0,2,3,0,1,1,0,4,3,4,4,5
Italy - Serie A,Atalanta,2,3,2,1,1,2,3,0,1,0,2,2,5,6,6,2
Italy - Serie A,Bologna,1,2,2,0,0,1,1,0,0,0,0,1,3,3,1,1
Italy - Serie A,Cagliari,0,1,1,1,0,1,0,1,0,0,2,5,1,3,2,6
Italy - Serie A,Empoli,0,2,1,1,0,2,0,3,0,2,2,4,1,5,2,9
Italy - Serie A,Fiorentina,3,0,1,1,2,1,1,3,1,2,2,1,6,2,4,6
Italy - Serie A,Frosinone,1,0,1,3,1,0,1,1,1,1,0,4,3,3,2,6
Italy - Serie A,Genoa,1,0,1,1,1,0,1,1,0,2,0,4,3,1,1,7
Italy - Serie A,Hellas Verona,0,2,0,0,0,1,1,0,1,3,1,1,0,3,3,4
Italy - Serie A,Inter Milan,0,0,2,0,1,0,3,0,2,1,4,0,3,0,9,1
Italy - Serie A,Juventus,2,1,3,0,1,1,0,0,1,0,2,2,6,2,3,2
Italy - Serie A,Lazio,0,1,3,1,1,1,1,2,1,1,0,3,4,3,2,6
Italy - Serie A,Lecce,1,1,0,2,0,0,1,2,1,0,2,2,1,3,4,4
Italy - Serie A,Monza,0,2,0,0,2,2,0,0,2,1,1,3,2,4,3,4
Italy - Serie A,Napoli,1,1,3,0,2,1,2,2,0,0,6,0,6,2,8,2
Italy - Serie A,Salernitana,0,2,0,2,1,2,1,0,0,0,0,3,1,6,1,3
Italy - Serie A,Sassuolo,1,1,3,1,0,2,1,1,1,3,0,2,4,4,2,6
Italy - Serie A,Torino,1,0,0,0,3,3,1,2,0,3,0,0,4,3,1,5
Italy - Serie A,Udinese,0,0,0,2,0,1,1,0,2,2,1,1,0,3,4,3
Italy - Serie B,Ascoli,1,1,1,1,2,0,1,4,0,2,1,3,4,2,2,9
Italy - Serie B,Bari,0,4,0,0,2,0,2,0,0,0,2,1,2,4,4,1
Italy - Serie B,Brescia,2,1,0,1,0,1,0,0,3,0,0,1,2,3,3,1
Italy - Serie B,Catanzaro,0,1,1,1,5,1,1,1,0,1,2,2,6,3,3,4
Italy - Serie B,Cittadella,1,2,0,2,0,1,1,1,1,1,2,0,1,5,4,2
Italy - Serie B,Como,2,1,1,1,1,1,1,2,1,2,1,0,4,3,3,4
Italy - Serie B,Cosenza,1,0,0,0,1,0,0,2,0,1,2,2,2,0,2,5
Italy - Serie B,Cremonese,0,1,1,1,1,0,0,1,4,1,4,1,2,2,8,3
Italy - Serie B,FeralpiSalo,1,1,0,2,0,2,2,3,1,2,0,4,1,5,3,9
Italy - Serie B,Lecco,1,1,2,2,1,0,0,1,1,1,1,3,4,3,2,5
Italy - Serie B,Modena,1,2,1,1,1,0,0,0,0,1,4,0,3,3,4,1
Italy - Serie B,Palermo,2,0,0,0,0,2,1,0,2,1,4,0,2,2,7,1
Italy - Serie B,Parma,2,1,2,0,2,0,4,1,1,2,3,2,6,1,8,5
Italy - Serie B,Pisa,2,1,0,0,0,1,1,0,1,1,0,1,2,2,2,2
Italy - Serie B,Reggiana,1,3,0,0,1,1,3,1,0,0,2,2,2,4,5,3
Italy - Serie B,Sampdoria,1,0,1,1,0,1,3,1,0,0,1,5,2,2,4,6
Italy - Serie B,Spezia,1,1,1,1,3,1,0,5,2,2,0,3,5,3,2,10
Italy - Serie B,Sudtirol,0,2,1,1,1,0,0,2,2,0,3,2,2,3,5,4
Italy - Serie B,Ternana,1,2,0,2,1,1,0,1,1,0,2,4,2,5,3,5
Italy - Serie B,Venezia,0,0,0,0,0,0,1,3,1,0,4,0,0,0,6,3
Japan - J1 League,Albirex Niigata,3,5,4,3,2,3,2,1,1,2,3,4,9,11,6,7
Japan - J1 League,Avispa Fukuoka,2,5,5,3,2,2,4,2,3,3,1,7,9,10,8,12
Japan - J1 League,C. Sapporo,5,5,4,2,7,3,1,6,5,9,6,9,16,10,12,24
Japan - J1 League,Cerezo Osaka,3,2,3,1,2,3,4,3,0,3,5,3,8,6,9,9
Japan - J1 League,FC Tokyo,2,3,3,5,1,5,1,3,1,2,2,4,6,13,4,9
Japan - J1 League,Gamba Osaka,2,3,3,4,5,8,3,7,1,7,2,7,10,15,6,21
Japan - J1 League,K. Frontale,2,4,4,4,4,3,2,7,4,3,5,3,10,11,11,13
Japan - J1 League,Kashima Antlers,5,2,3,3,4,6,1,2,2,2,5,1,12,11,8,5
Japan - J1 League,Kashiwa Reysol,0,2,4,2,5,4,2,5,2,1,0,6,9,8,4,12
Japan - J1 League,Kyoto Sanga,2,4,1,1,4,1,4,5,4,6,2,6,7,6,10,17
Japan - J1 League,Nagoya G.,4,3,1,2,3,1,4,1,2,3,2,9,8,6,8,13
Japan - J1 League,S. Hiroshima,3,0,0,3,1,1,3,5,3,4,5,2,4,4,11,11
Japan - J1 League,Sagan Tosu,1,0,3,2,4,2,3,7,6,2,6,6,8,4,15,15
Japan - J1 League,Shonan Bellmare,2,2,1,4,4,4,5,2,4,5,5,8,7,10,14,15
Japan - J1 League,Urawa RD,1,2,3,3,3,0,1,1,3,3,4,3,7,5,8,7
Japan - J1 League,Vissel Kobe,3,2,5,3,3,0,7,1,2,4,6,4,11,5,15,9
Japan - J1 League,Yokohama FC,2,5,1,5,2,4,0,4,2,6,4,7,5,14,6,17
Japan - J1 League,Yokohama M.,4,4,4,3,8,4,3,4,2,2,5,5,16,11,10,11
Japan - J2 League,Blaublitz Akita,1,4,2,3,4,7,4,3,2,3,10,5,7,14,16,11
Japan - J2 League,Fagiano Okayama,0,2,4,1,2,2,5,4,2,3,9,10,6,5,16,17
Japan - J2 League,Fujieda MYFC,6,5,4,8,8,8,2,6,6,4,6,7,18,21,14,17
Japan - J2 League,Iwaki,3,4,3,5,3,3,4,6,4,3,4,11,9,12,12,20
Japan - J2 League,JEF Utd Chiba,4,4,8,3,4,4,3,4,3,8,9,9,16,11,15,21
Japan - J2 League,Jubilo Iwata,9,2,2,0,4,4,5,4,2,3,7,5,15,6,14,12
Japan - J2 League,Kusatsu,2,4,3,4,3,5,6,5,6,5,5,7,8,13,17,17
Japan - J2 League,M. Yamagata,5,5,0,3,4,5,1,7,7,5,9,8,9,13,17,20
Japan - J2 League,Machida Zelvia,4,1,3,1,8,4,5,0,5,3,10,3,15,6,20,6
Japan - J2 League,Mito Hollyhock,3,3,4,3,3,10,3,2,1,7,5,5,10,16,9,14
Japan - J2 League,Oita Trinita,3,2,3,5,4,6,4,5,6,4,4,7,10,13,14,16
Japan - J2 League,Omiya Ardija,2,2,2,5,4,5,2,5,3,8,4,12,8,12,9,25
Japan - J2 League,R. Kumamoto,4,4,4,4,5,2,6,3,5,4,5,6,13,10,16,13
Japan - J2 League,R. Yamaguchi,2,7,2,5,0,5,0,1,5,5,3,7,4,17,8,13
Japan - J2 League,Shimizu S-Pulse,5,2,5,0,6,5,3,4,7,3,9,3,16,7,19,10
Japan - J2 League,Tochigi SC,2,1,0,4,2,4,2,5,3,2,1,9,4,9,6,16
Japan - J2 League,Tokushima V.,6,1,3,3,5,4,4,5,3,6,3,8,14,8,10,19
Japan - J2 League,Tokyo Verdy,7,1,2,2,4,4,5,2,7,3,8,1,13,7,20,6
Japan - J2 League,Vegalta Sendai,0,2,3,4,5,7,6,5,9,4,3,10,8,13,18,19
Japan - J2 League,Ventforet Kofu,1,2,3,2,8,7,4,3,5,4,7,9,12,11,16,16
Japan - J2 League,V-V. Nagasaki,0,5,6,4,3,5,5,5,5,4,7,4,9,14,17,13
Japan - J2 League,Z. Kanazawa,2,7,3,3,4,11,3,9,1,4,3,8,9,21,7,21
Japan - J3 League,AC Numazu,5,2,2,7,1,6,1,3,4,1,7,6,8,15,12,10
Japan - J3 League,Ehime FC,4,3,4,1,2,3,5,0,3,2,8,9,10,7,16,11
Japan - J3 League,FC Gifu,2,1,2,2,5,6,2,2,3,3,6,2,9,9,11,7
Japan - J3 League,FC Imabari,2,3,5,1,1,3,6,1,8,4,1,9,8,7,15,14
Japan - J3 League,FC Ryukyu,2,5,0,1,5,3,4,3,3,3,3,11,7,9,10,17
Japan - J3 League,Fukushima Utd,3,3,0,1,4,2,2,2,5,4,10,6,7,6,17,12
Japan - J3 League,G. Kitakyushu,1,1,1,1,2,6,3,2,1,3,2,7,4,8,6,12
Japan - J3 League,Gainare Tottori,3,3,2,4,6,1,6,4,4,3,5,7,11,8,15,14
Japan - J3 League,IG Morioka,5,0,3,1,3,0,7,4,3,4,7,8,11,1,17,16
Japan - J3 League,Kagoshima Utd,2,1,6,2,1,3,6,3,0,5,9,3,9,6,15,11
Japan - J3 League,Kamatamare S.,4,3,1,2,3,4,0,5,0,4,2,7,8,9,2,16
Japan - J3 League,Kataller Toyama,3,5,3,3,4,1,6,5,4,3,3,7,10,9,13,15
Japan - J3 League,Matsumoto Y.,3,4,4,4,5,4,2,2,3,0,8,7,12,12,13,9
Japan - J3 League,Nagano Parceiro,3,2,1,2,1,4,7,3,3,3,6,9,5,8,16,15
Japan - J3 League,Nara Club,5,1,4,1,5,1,4,4,3,3,5,2,14,3,12,9
Japan - J3 League,Osaka,3,1,5,1,3,2,2,1,4,2,3,4,11,4,9,7
Japan - J3 League,SC Sagamihara,0,3,3,4,5,4,4,7,3,5,7,3,8,11,14,15
Japan - J3 League,T. Miyazaki,4,5,0,4,1,2,0,4,7,3,1,2,5,11,8,9
Japan - J3 League,V. Hachinohe,1,1,5,5,2,4,5,4,2,4,6,3,8,10,13,11
Japan - J3 League,YSCC,3,3,2,2,4,3,5,4,3,4,1,6,9,8,9,14
Kazakhstan - Premier League,Aksu,2,7,1,2,1,6,0,4,3,2,2,7,4,15,5,13
Kazakhstan - Premier League,Aktobe,1,0,2,1,3,3,6,1,3,2,2,4,6,4,11,7
Kazakhstan - Premier League,Atyrau,1,0,2,5,3,3,3,2,1,3,1,5,6,8,5,10
Kazakhstan - Premier League,FC Astana,0,0,1,1,3,0,2,1,3,1,3,5,4,1,8,7
Kazakhstan - Premier League,Kairat Almaty,1,5,1,3,4,1,2,2,6,1,4,4,6,9,12,7
Kazakhstan - Premier League,Kaisar K.,3,1,3,1,3,4,2,3,3,3,4,3,9,6,9,9
Kazakhstan - Premier League,Kaspiy Aktau,0,4,3,6,5,3,2,3,2,3,1,6,8,13,5,12
Kazakhstan - Premier League,Kyzylzhar,0,1,2,2,4,2,2,2,1,4,5,4,6,5,8,10
Kazakhstan - Premier League,Maqtaaral,1,3,1,4,4,4,0,1,0,3,4,1,6,11,4,5
Kazakhstan - Premier League,Okzhetpes,1,2,2,5,4,4,2,2,1,2,4,6,7,11,7,10
Kazakhstan - Premier League,Ordabasy,4,0,1,0,2,2,4,1,6,7,4,3,7,2,14,11
Kazakhstan - Premier League,S. Karagandy,2,6,2,5,3,4,2,2,1,3,3,2,7,15,6,7
Kazakhstan - Premier League,Tobol,2,3,4,1,2,3,0,4,3,3,3,5,8,7,6,12
Kazakhstan - Premier League,Zhetysu,1,1,2,3,3,6,5,2,2,3,4,2,6,10,11,7
Lithuania - A Lyga,Banga,2,2,3,1,1,4,1,2,0,6,3,5,6,7,4,13
Lithuania - A Lyga,Dainava,1,3,1,2,2,3,1,2,1,5,1,4,4,8,3,11
Lithuania - A Lyga,Dziugas Telsiai,0,4,3,2,2,4,1,4,1,5,4,6,5,10,6,15
Lithuania - A Lyga,FA Siauliai,3,0,6,3,2,5,5,1,3,5,4,11,11,8,12,17
Lithuania - A Lyga,Hegelmann L.,3,4,2,1,4,4,6,6,5,3,6,7,9,9,17,16
Lithuania - A Lyga,Kauno Zalgiris,6,3,3,3,4,1,2,3,5,3,8,8,13,7,15,14
Lithuania - A Lyga,Panevezys,3,0,2,3,7,2,2,1,11,0,8,2,12,5,21,3
Lithuania - A Lyga,Riteriai,3,1,3,3,1,8,3,5,2,3,1,8,7,12,6,16
Lithuania - A Lyga,Suduva,3,2,2,4,3,8,1,7,0,4,3,11,8,14,4,22
Lithuania - A Lyga,Zalgiris,2,2,3,1,6,1,5,2,8,1,8,7,11,4,21,10
Malaysia - Super League,Johor Darul,3,1,7,1,5,1,8,1,12,0,9,1,15,3,29,2
Malaysia - Super League,Kedah,2,1,3,4,4,3,0,3,2,1,7,4,9,8,9,8
Malaysia - Super League,Kelantan,3,5,0,14,3,8,3,6,1,9,2,13,6,27,6,28
Malaysia - Super League,Kelantan United,1,4,0,4,1,3,0,5,0,4,6,5,2,11,6,14
Malaysia - Super League,Kuala Lumpur,4,2,3,2,1,7,5,3,2,2,4,6,8,11,11,11
Malaysia - Super League,Kuching,0,2,2,4,2,4,3,10,2,1,3,2,4,10,8,13
Malaysia - Super League,Negeri Sembilan,2,6,1,4,3,3,0,2,1,1,4,5,6,13,5,8
Malaysia - Super League,Pahang,3,2,4,1,2,4,4,0,5,3,2,3,9,7,11,6
Malaysia - Super League,PDRM,2,4,1,2,4,3,4,3,3,5,1,5,7,9,8,13
Malaysia - Super League,Perak,1,3,0,3,2,6,1,3,2,2,2,2,3,12,5,7
Malaysia - Super League,Pulau Pinang,1,3,0,3,0,3,1,4,2,6,2,4,1,9,5,14
Malaysia - Super League,Sabah,3,1,2,5,2,3,1,0,1,1,1,4,7,9,3,5
Malaysia - Super League,Selangor,4,2,5,2,9,0,10,1,5,3,8,3,18,4,23,7
Malaysia - Super League,Terengganu,2,1,5,4,5,5,5,1,6,2,3,5,12,10,14,8
Malta - Premier League,Balzan,1,1,4,2,3,1,7,2,3,3,3,3,8,4,13,8
Malta - Premier League,Birkirkara,0,3,2,1,6,2,2,2,7,1,4,3,8,6,13,6
Malta - Premier League,Floriana,1,3,1,3,5,3,3,0,5,1,2,4,7,9,10,5
Malta - Premier League,Gudja Utd,4,7,1,2,2,2,1,3,2,2,3,3,7,11,6,8
Malta - Premier League,Gzira Utd,5,1,2,3,4,1,5,0,8,0,2,2,11,5,15,2
Malta - Premier League,Hamrun Spartans,3,2,6,1,4,0,0,0,4,3,6,3,13,3,10,6
Malta - Premier League,Hibernians,5,2,3,3,5,3,5,3,4,2,6,3,13,8,15,8
Malta - Premier League,Marsaxlokk,2,2,1,2,5,1,2,1,2,2,4,4,8,5,8,7
Malta - Premier League,Mosta,2,2,4,5,7,1,2,2,5,1,6,3,13,8,13,6
Malta - Premier League,Pieta Hotspurs,1,4,2,3,1,7,0,2,4,4,2,5,4,14,6,11
Malta - Premier League,Santa Lucia,5,2,2,5,1,4,1,3,0,5,2,7,8,11,3,15
Malta - Premier League,Sirens,1,2,0,2,0,1,2,2,4,0,0,3,1,5,6,5
Malta - Premier League,Valletta,4,1,3,2,5,1,7,3,3,2,8,7,12,4,18,12
Malta - Premier League,Zebbug Rangers,1,6,1,6,2,0,2,4,1,9,2,6,4,12,5,19
Mexico - Liga MX - Apertura,A. San Luis,0,1,1,2,2,3,1,2,4,3,5,6,3,6,10,11
Mexico - Liga MX - Apertura,Atlas,1,4,2,1,2,1,1,2,0,4,1,4,5,6,2,10
Mexico - Liga MX - Apertura,CF America,2,1,2,1,4,1,2,1,0,0,2,1,8,3,4,2
Mexico - Liga MX - Apertura,Club Leon,1,1,0,2,5,3,2,4,0,1,1,4,6,6,3,9
Mexico - Liga MX - Apertura,Cruz Azul,1,2,1,0,2,2,3,2,0,4,4,3,4,4,7,9
Mexico - Liga MX - Apertura,Guadalajara,1,0,3,2,1,1,0,2,2,3,2,2,5,3,4,7
Mexico - Liga MX - Apertura,Juarez,0,3,2,5,2,2,1,5,1,3,4,2,4,10,6,10
Mexico - Liga MX - Apertura,Mazatlan,3,1,0,4,4,3,0,2,1,3,3,2,7,8,4,7
Mexico - Liga MX - Apertura,Monterrey,2,1,2,2,2,0,1,2,0,2,3,0,6,3,4,4
Mexico - Liga MX - Apertura,Necaxa,2,2,1,2,1,3,3,2,2,3,0,4,4,7,5,9
Mexico - Liga MX - Apertura,Pachuca,0,0,1,3,1,4,1,3,1,2,1,3,2,7,3,8
Mexico - Liga MX - Apertura,Puebla,5,1,0,0,1,3,1,3,1,0,1,3,6,4,3,6
Mexico - Liga MX - Apertura,Pumas UNAM,1,2,3,0,2,6,2,2,3,1,2,2,6,8,7,5
Mexico - Liga MX - Apertura,Queretaro,1,2,1,1,1,5,3,5,0,3,5,4,3,8,8,12
Mexico - Liga MX - Apertura,Santos Laguna,3,5,3,2,1,5,3,0,1,3,2,5,7,12,6,8
Mexico - Liga MX - Apertura,Tigres,3,0,0,3,2,3,2,1,2,0,4,3,5,6,8,4
Mexico - Liga MX - Apertura,Tijuana,0,1,1,2,0,2,0,2,1,3,1,5,1,5,2,10
Mexico - Liga MX - Apertura,Toluca,1,1,0,2,2,3,0,1,0,1,4,1,3,6,4,3
Mexico - Liga MX - Clausura,A. San Luis,1,3,0,1,1,2,0,0,3,3,1,7,2,6,4,10
Mexico - Liga MX - Clausura,Atlas,2,0,5,0,3,6,1,0,2,0,1,3,10,6,4,3
Mexico - Liga MX - Clausura,CF America,1,2,2,2,9,3,2,0,2,3,3,0,12,7,7,3
Mexico - Liga MX - Clausura,Club Leon,1,2,3,0,2,1,0,1,0,2,3,1,6,3,3,4
Mexico - Liga MX - Clausura,Cruz Azul,1,1,2,0,3,3,1,5,2,1,2,3,6,4,5,9
Mexico - Liga MX - Clausura,Guadalajara,3,0,2,0,4,3,3,3,1,0,0,2,9,3,4,5
Mexico - Liga MX - Clausura,Juarez,1,2,1,2,0,3,2,1,3,2,1,7,2,7,6,10
Mexico - Liga MX - Clausura,Mazatlan,0,2,2,4,2,7,2,4,0,3,2,3,4,13,4,10
Mexico - Liga MX - Clausura,Monterrey,0,2,3,1,1,2,3,0,4,0,3,2,4,5,10,2
Mexico - Liga MX - Clausura,Necaxa,1,0,0,1,1,2,1,3,1,5,2,2,2,3,4,10
Mexico - Liga MX - Clausura,Pachuca,4,1,3,4,2,2,4,2,1,0,2,4,9,7,7,6
Mexico - Liga MX - Clausura,Puebla,0,3,0,0,3,3,1,4,3,6,5,2,3,6,9,12
Mexico - Liga MX - Clausura,Pumas UNAM,0,4,1,5,2,2,1,0,3,2,0,5,3,11,4,7
Mexico - Liga MX - Clausura,Queretaro,0,0,0,2,1,2,1,1,0,1,4,3,1,4,5,5
Mexico - Liga MX - Clausura,Santos Laguna,0,1,3,3,1,5,2,1,1,5,4,2,4,9,7,8
Mexico - Liga MX - Clausura,Tigres,1,1,0,2,3,2,1,0,0,2,4,0,4,5,5,2
Mexico - Liga MX - Clausura,Tijuana,2,3,2,2,1,6,1,4,1,3,2,3,5,11,4,10
Mexico - Liga MX - Clausura,Toluca,3,1,3,1,3,5,2,2,1,1,4,2,9,7,7,5
Netherlands - Eredivisie,Ajax Amsterdam,1,2,1,1,2,2,2,5,2,2,0,2,4,5,4,9
Netherlands - Eredivisie,Almere City,1,3,0,2,2,0,0,1,0,2,4,2,3,5,4,5
Netherlands - Eredivisie,AZ Alkmaar,1,0,0,0,1,1,5,0,2,1,2,1,2,1,9,2
Netherlands - Eredivisie,Excelsior,1,0,2,0,2,2,1,5,1,1,2,1,5,2,4,7
Netherlands - Eredivisie,FC Twente,2,0,0,1,3,0,2,0,1,2,4,2,5,1,7,4
Netherlands - Eredivisie,FC Utrecht,1,0,0,0,1,3,0,2,0,2,1,1,2,3,1,5
Netherlands - Eredivisie,FC Volendam,0,3,0,0,2,3,0,3,1,1,4,7,2,6,5,11
Netherlands - Eredivisie,Feyenoord,2,1,3,2,2,1,3,1,2,0,4,1,7,4,9,2
Netherlands - Eredivisie,Fortuna Sittard,0,0,0,2,0,3,0,2,1,1,2,6,0,5,3,9
Netherlands - Eredivisie,Go Ahead Eagles,0,2,0,1,0,1,0,5,2,0,1,3,0,4,3,8
Netherlands - Eredivisie,Heerenveen,0,2,1,4,2,2,0,2,1,4,2,3,3,8,3,9
Netherlands - Eredivisie,Heracles Almelo,0,3,0,2,1,1,3,0,0,4,0,4,1,6,3,8
Netherlands - Eredivisie,NEC Nijmegen,0,1,1,0,1,2,1,1,0,2,0,2,2,3,1,5
Netherlands - Eredivisie,PEC Zwolle,1,0,1,1,1,1,2,0,2,1,2,6,3,2,6,7
Netherlands - Eredivisie,PSV Eindhoven,0,0,2,1,3,0,4,0,6,0,6,0,5,1,16,0
Netherlands - Eredivisie,RKC Waalwijk,0,0,0,3,1,2,1,1,0,1,1,2,1,5,2,4
Netherlands - Eredivisie,Sparta,1,0,0,2,1,0,2,0,2,2,0,2,2,2,4,4
Netherlands - Eredivisie,Vitesse Arnhem,1,3,0,1,0,3,1,2,0,1,4,3,1,7,5,6
Netherlands - Eerste Divisie,ADO Den Haag,2,1,2,2,2,1,1,0,0,1,5,0,6,4,6,1
Netherlands - Eerste Divisie,Cambuur,1,2,2,4,5,1,3,2,4,0,2,5,8,7,9,7
Netherlands - Eerste Divisie,De Graafschap,1,0,2,3,1,1,4,2,0,0,1,6,4,4,5,8
Netherlands - Eerste Divisie,FC Den Bosch,1,2,1,5,1,1,1,0,1,3,2,5,3,8,4,8
Netherlands - Eerste Divisie,FC Dordrecht,2,1,2,0,2,3,1,1,0,1,2,2,6,4,3,4
Netherlands - Eerste Divisie,FC Eindhoven,0,0,0,0,2,3,2,2,1,1,4,0,2,3,7,3
Netherlands - Eerste Divisie,FC Emmen,1,2,0,2,2,0,2,0,3,1,3,2,3,4,8,3
Netherlands - Eerste Divisie,FC Groningen,0,3,1,0,2,2,1,1,3,0,1,3,3,5,5,4
Netherlands - Eerste Divisie,Helmond Sport,1,1,1,2,0,2,4,1,2,2,2,2,2,5,8,5
Netherlands - Eerste Divisie,Jong Ajax,3,7,0,3,3,3,0,4,0,4,3,3,6,13,3,11
Netherlands - Eerste Divisie,Jong AZ,2,0,0,1,1,6,0,3,1,0,2,3,3,7,3,6
Netherlands - Eerste Divisie,Jong PSV,0,4,4,2,0,3,1,3,1,2,1,1,4,9,3,6
Netherlands - Eerste Divisie,Jong Utrecht,0,4,1,1,2,2,1,4,1,4,0,2,3,7,2,10
Netherlands - Eerste Divisie,MVV Maastricht,1,1,1,1,1,2,4,0,1,5,5,4,3,4,10,9
Netherlands - Eerste Divisie,NAC Breda,1,2,2,2,2,2,2,1,3,3,1,2,5,6,6,6
Netherlands - Eerste Divisie,Roda JC,2,1,2,0,1,1,1,0,1,1,1,1,5,2,3,2
Netherlands - Eerste Divisie,Telstar,1,2,0,5,0,0,1,0,0,4,1,3,1,7,2,7
Netherlands - Eerste Divisie,TOP Oss,0,2,0,1,1,1,0,2,1,2,1,4,1,4,2,8
Netherlands - Eerste Divisie,VVV,0,3,2,1,1,1,2,1,1,3,2,0,3,5,5,4
Netherlands - Eerste Divisie,Willem II,2,1,1,0,0,0,0,1,1,0,0,1,3,1,1,2
Northern Ireland - NIFL Premiership,Ballymena Utd,2,1,1,3,0,2,1,2,0,2,1,2,3,6,2,6
Northern Ireland - NIFL Premiership,Carrick Rangers,0,4,2,7,3,5,2,2,3,6,2,5,5,16,7,13
Northern Ireland - NIFL Premiership,Cliftonville,1,1,3,0,2,2,3,0,1,1,3,2,6,3,7,3
Northern Ireland - NIFL Premiership,Coleraine,1,2,1,2,1,1,2,4,2,1,4,4,3,5,8,9
Northern Ireland - NIFL Premiership,Crusaders,2,1,4,2,0,1,2,0,1,2,8,1,6,4,11,3
Northern Ireland - NIFL Premiership,Dungannon,0,1,1,5,3,1,1,5,0,0,3,5,4,7,4,10
Northern Ireland - NIFL Premiership,Glenavon,2,4,2,3,1,6,1,3,3,3,1,3,5,13,5,9
Northern Ireland - NIFL Premiership,Glentoran,3,0,1,1,2,4,1,0,1,2,2,0,6,5,4,2
Northern Ireland - NIFL Premiership,Larne,0,0,0,0,1,1,4,1,2,0,2,2,1,1,8,3
Northern Ireland - NIFL Premiership,Linfield,1,1,0,0,2,1,3,1,6,1,3,2,3,2,12,4
Northern Ireland - NIFL Premiership,Loughgall,1,4,4,0,1,3,2,2,2,4,1,2,6,7,5,8
Northern Ireland - NIFL Premiership,Newry City,1,1,1,1,2,6,2,2,1,2,3,5,4,8,6,9
Norway - Eliteserien,Aalesund,2,4,0,7,3,6,1,7,1,5,2,12,5,17,4,24
Norway - Eliteserien,Bodo / Glimt,6,5,7,3,6,2,8,3,7,3,3,2,19,10,18,8
Norway - Eliteserien,Brann,2,3,3,1,4,4,3,1,1,3,5,5,9,8,9,9
Norway - Eliteserien,HamKam,1,2,1,7,5,6,3,8,1,7,5,6,7,15,9,21
Norway - Eliteserien,Haugesund,2,0,3,1,0,3,1,6,1,6,2,2,5,4,4,14
Norway - Eliteserien,Lillestrom,1,3,2,2,2,2,2,2,3,6,5,6,5,7,10,14
Norway - Eliteserien,Molde,5,3,3,1,5,3,4,5,4,3,4,7,13,7,12,15
Norway - Eliteserien,Odd,4,1,2,1,2,4,1,5,3,8,4,6,8,6,8,19
Norway - Eliteserien,Rosenborg,3,7,2,1,1,5,2,6,4,1,3,6,6,13,9,13
Norway - Eliteserien,Sandefjord,3,6,1,10,5,6,3,5,4,3,4,6,9,22,11,14
Norway - Eliteserien,Sarpsborg 08,2,3,6,2,4,4,4,2,0,4,3,9,12,9,7,15
Norway - Eliteserien,Stabaek,3,5,3,6,2,5,2,4,0,1,3,8,8,16,5,13
Norway - Eliteserien,Stromsgodset,0,2,1,3,2,1,0,3,5,3,4,7,3,6,9,13
Norway - Eliteserien,Tromso,0,1,2,1,3,4,7,1,5,2,5,7,5,6,17,10
Norway - Eliteserien,Valerenga,2,6,1,2,3,3,4,2,3,5,5,3,6,11,12,10
Norway - Eliteserien,Viking,3,2,2,6,1,0,2,2,3,3,7,7,6,8,12,12
Norway - 1st Division,Asane,3,4,4,2,3,7,2,4,0,3,4,3,10,13,6,10
Norway - 1st Division,Bryne,3,4,2,2,1,5,3,3,0,6,6,4,6,11,9,13
Norway - 1st Division,Fredrikstad,2,0,4,2,1,3,4,4,5,2,8,3,7,5,17,9
Norway - 1st Division,Hodd,2,2,1,3,2,3,3,4,3,4,2,7,5,8,8,15
Norway - 1st Division,Jerv,3,3,4,4,2,7,5,7,6,5,2,7,9,14,13,19
Norway - 1st Division,KFUM Oslo,2,3,3,1,6,3,2,5,4,3,6,3,11,7,12,11
Norway - 1st Division,Kongsvinger,3,2,6,1,2,6,3,4,3,3,8,5,11,9,14,12
Norway - 1st Division,Kristiansund,2,2,5,2,5,0,3,7,2,4,5,7,12,4,10,18
Norway - 1st Division,Mjondalen,1,4,3,2,2,5,4,3,0,4,6,4,6,11,10,11
Norway - 1st Division,Moss,1,2,4,2,1,3,2,4,2,4,5,11,6,7,9,19
Norway - 1st Division,Ranheim,4,1,1,4,4,4,1,2,1,5,3,6,9,9,5,13
Norway - 1st Division,Raufoss,1,3,2,4,1,3,3,4,0,4,9,5,4,10,12,13
Norway - 1st Division,Sandnes Ulf,4,3,2,5,6,6,0,3,2,2,3,2,12,14,5,7
Norway - 1st Division,Skeid,1,3,1,6,2,3,1,2,2,6,2,9,4,12,5,17
Norway - 1st Division,Sogndal,2,2,3,8,3,2,3,3,5,5,4,4,8,12,12,12
Norway - 1st Division,Start,2,1,1,4,3,3,4,7,4,2,3,5,6,8,11,14
Paraguay - Primera Div. - Apertura,Cerro Porteno,0,3,4,2,8,5,2,0,4,3,1,3,12,10,7,6
Paraguay - Primera Div. - Apertura,G. Caballero,2,5,1,1,0,2,1,0,3,0,1,5,3,8,5,5
Paraguay - Primera Div. - Apertura,Guairena,1,3,2,2,2,0,1,3,2,4,1,2,5,5,4,9
Paraguay - Primera Div. - Apertura,Guarani,0,1,2,2,3,0,4,2,1,0,5,5,5,3,10,7
Paraguay - Primera Div. - Apertura,Libertad,4,1,1,1,2,5,4,1,3,2,4,1,7,7,11,4
Paraguay - Primera Div. - Apertura,Nacional,0,0,1,2,1,4,3,2,3,2,4,1,2,6,10,5
Paraguay - Primera Div. - Apertura,Olimpia,2,1,4,5,1,1,1,0,1,3,5,3,7,7,7,6
Paraguay - Primera Div. - Apertura,Resistencia,1,2,0,1,0,6,4,4,1,4,2,1,1,9,7,9
Paraguay - Primera Div. - Apertura,S. Ameliano,2,2,6,0,2,4,1,1,1,1,2,3,10,6,4,5
Paraguay - Primera Div. - Apertura,S. Luqueno,2,4,2,2,4,4,3,1,1,3,3,6,8,10,7,10
Paraguay - Primera Div. - Apertura,S. Trinidense,1,1,2,2,3,3,3,3,2,1,5,3,6,6,10,7
Paraguay - Primera Div. - Apertura,Tacuary,0,3,1,3,0,3,0,1,0,3,1,4,1,9,1,8
Peru - Liga 1 - Apertura,AD Cantolao,0,4,1,4,0,2,0,3,1,4,0,8,1,10,1,15
Peru - Liga 1 - Apertura,ADT,1,1,2,2,3,2,2,0,1,5,1,3,6,5,4,8
Peru - Liga 1 - Apertura,Alianza A.,5,4,3,4,0,4,2,5,2,4,2,1,8,12,6,10
Peru - Liga 1 - Apertura,Alianza Lima,0,1,2,2,3,2,4,1,2,1,1,2,5,5,7,4
Peru - Liga 1 - Apertura,Atletico Grau,3,0,0,2,1,3,3,3,2,6,2,2,4,5,7,11
Peru - Liga 1 - Apertura,Binacional,0,3,3,0,1,5,0,4,2,1,0,5,4,8,2,10
Peru - Liga 1 - Apertura,Cajamarca,0,3,0,1,4,1,2,2,1,8,1,4,4,5,4,14
Peru - Liga 1 - Apertura,Carlos Manucci,0,2,0,2,1,1,2,4,1,2,1,2,1,5,4,8
Peru - Liga 1 - Apertura,Cesar Vallejo,0,3,0,3,1,0,2,4,2,4,2,2,1,6,6,10
Peru - Liga 1 - Apertura,Cienciano,3,1,2,3,1,6,0,5,0,2,3,2,6,10,3,9
Peru - Liga 1 - Apertura,Cusco,2,2,0,1,1,3,3,4,1,2,1,2,3,6,5,8
Peru - Liga 1 - Apertura,D. Garcilaso,4,1,2,2,1,2,2,3,1,2,4,4,7,5,7,9
Peru - Liga 1 - Apertura,D. Municipal,1,0,1,3,0,0,2,1,3,3,1,2,2,3,6,6
Peru - Liga 1 - Apertura,FBC Melgar,0,1,1,0,1,1,2,2,1,0,2,4,2,2,5,6
Peru - Liga 1 - Apertura,S. Cristal,2,2,0,0,2,2,1,2,4,1,7,4,4,4,12,7
Peru - Liga 1 - Apertura,Sport Boys,0,1,1,2,0,4,0,1,2,3,0,2,1,7,2,6
Peru - Liga 1 - Apertura,Sport Huancayo,0,6,2,1,0,2,3,1,4,1,1,3,2,9,8,5
Peru - Liga 1 - Apertura,Union Comercio,0,2,1,1,1,3,2,0,2,9,2,7,2,6,6,16
Peru - Liga 1 - Apertura,Universitario,0,1,2,2,0,1,3,2,0,0,3,4,2,4,6,6
Poland - Ekstraklasa,Cracovia Krakow,1,0,2,1,0,3,1,0,1,1,1,1,3,4,3,2
Poland - Ekstraklasa,Gornik Zabrze,1,2,0,1,3,3,0,0,2,2,4,2,4,6,6,4
Poland - Ekstraklasa,Jagiellonia,2,1,0,1,2,3,3,5,2,2,3,2,4,5,8,9
Poland - Ekstraklasa,Korona Kielce,0,0,2,2,1,2,0,0,2,2,1,3,3,4,3,5
Poland - Ekstraklasa,Lech Poznan,0,0,1,1,1,5,3,1,0,1,2,3,2,6,5,5
Poland - Ekstraklasa,Legia Warsaw,0,1,1,3,2,1,0,2,2,3,2,1,3,5,4,6
Poland - Ekstraklasa,LKS Lodz,0,3,0,4,0,3,1,1,1,4,1,2,0,10,3,7
Poland - Ekstraklasa,Piast Gliwice,0,1,1,0,0,3,0,1,2,0,1,0,1,4,3,1
Poland - Ekstraklasa,Pogon Szczecin,1,0,2,0,1,0,2,0,3,0,2,3,4,0,7,3
Poland - Ekstraklasa,Puszcza Niepolo,2,2,0,3,0,4,1,4,2,1,3,6,2,9,6,11
Poland - Ekstraklasa,Radomiak Radom,4,1,2,2,0,3,1,1,1,2,1,3,6,6,3,6
Poland - Ekstraklasa,Rakow C.,1,3,3,2,1,1,0,0,2,3,3,3,5,6,5,6
Poland - Ekstraklasa,Ruch Chorzow,0,0,2,2,0,5,0,2,1,2,2,1,2,7,3,5
Poland - Ekstraklasa,Slask Wroclaw,2,0,2,2,1,1,1,2,0,0,6,2,5,3,7,4
Poland - Ekstraklasa,Stal Mielec,0,0,1,3,2,3,1,0,0,3,1,3,3,6,2,6
Poland - Ekstraklasa,Warta Poznan,2,1,2,1,0,0,3,2,2,0,0,3,4,2,5,5
Poland - Ekstraklasa,Widzew Lodz,2,2,0,2,3,1,1,1,0,4,2,3,5,5,3,8
Poland - Ekstraklasa,Zaglebie Lubin,0,3,1,4,1,4,2,2,0,4,3,0,2,11,5,6
Poland - 1. Liga,Arka Gdynia,2,1,1,1,2,4,2,1,0,1,2,2,5,6,4,4
Poland - 1. Liga,Chrobry Glogow,2,0,1,1,0,3,2,4,1,3,0,1,3,4,3,8
Poland - 1. Liga,Gornik Leczna,1,0,0,0,4,1,1,1,0,1,1,2,5,1,2,4
Poland - 1. Liga,Katowice,2,1,1,0,1,1,2,2,0,4,2,4,4,2,4,10
Poland - 1. Liga,Lechia Gdansk,1,1,1,3,3,1,2,3,2,0,2,3,5,5,6,6
Poland - 1. Liga,Miedz Legnica,2,2,1,0,1,0,4,1,2,3,3,2,4,2,9,6
Poland - 1. Liga,Motor Lublin,0,1,1,1,0,1,1,0,0,1,3,0,1,3,4,1
Poland - 1. Liga,Odra Opole,1,0,1,0,1,1,2,0,1,3,4,2,3,1,7,5
Poland - 1. Liga,Podbeskidzie,0,1,1,0,1,3,0,4,0,1,1,4,2,4,1,9
Poland - 1. Liga,Polonia Warszaw,0,0,3,2,2,2,3,1,1,0,2,1,5,4,6,2
Poland - 1. Liga,Resovia Rzeszow,0,1,0,1,1,5,1,3,1,2,3,6,1,7,5,11
Poland - 1. Liga,Stal Rzeszow,0,1,0,1,2,2,1,0,1,2,3,2,2,4,5,4
Poland - 1. Liga,T. Nieciecza,2,2,2,0,3,1,2,2,4,2,4,2,7,3,10,6
Poland - 1. Liga,Tychy,2,3,0,0,2,1,1,3,0,2,5,4,4,4,6,9
Poland - 1. Liga,Wisla Krakow,0,0,3,2,2,2,3,0,1,2,2,3,5,4,6,5
Poland - 1. Liga,Wisla Plock,0,3,2,2,0,2,2,2,0,2,2,2,2,7,4,6
Poland - 1. Liga,Z. Sosnowiec,0,1,0,0,2,1,0,1,0,2,3,2,2,2,3,5
Poland - 1. Liga,Znicz Pruszkow,1,0,2,2,1,5,0,2,0,1,1,4,4,7,1,7
Portugal - Liga Portugal,Arouca,0,1,0,1,1,3,1,0,1,1,1,2,1,5,3,3
Portugal - Liga Portugal,Benfica,2,0,3,0,1,0,2,2,2,2,3,3,6,0,7,7
Portugal - Liga Portugal,Boavista,3,0,3,1,1,4,0,3,0,0,1,1,7,5,1,4
Portugal - Liga Portugal,Casa Pia,1,0,0,0,1,1,0,1,1,1,3,1,2,1,4,3
Portugal - Liga Portugal,Chaves,0,5,0,4,0,2,1,2,1,1,1,2,0,11,3,5
Portugal - Liga Portugal,Estoril,2,1,1,1,0,3,2,5,4,2,1,3,3,5,7,10
Portugal - Liga Portugal,Estrela Amadora,1,0,0,0,1,2,2,0,1,1,1,5,2,2,4,6
Portugal - Liga Portugal,Famalicao,2,1,0,0,0,1,0,2,1,2,2,0,2,2,3,4
Portugal - Liga Portugal,Farense,1,1,0,1,2,2,0,0,0,1,2,2,3,4,2,3
Portugal - Liga Portugal,FC Porto,0,0,2,0,1,0,0,2,2,1,2,0,3,0,4,3
Portugal - Liga Portugal,Gil Vicente,0,1,1,1,2,2,1,3,1,1,0,4,3,4,2,8
Portugal - Liga Portugal,Guimaraes,1,1,1,0,1,2,0,1,0,1,1,1,3,3,1,3
Portugal - Liga Portugal,Moreirense,2,0,1,0,1,0,1,1,0,2,2,1,4,0,3,4
Portugal - Liga Portugal,Portimonense,2,2,0,1,2,1,0,5,0,1,3,6,4,4,3,12
Portugal - Liga Portugal,Rio Ave,1,2,0,1,0,0,1,1,0,0,0,3,1,3,1,4
Portugal - Liga Portugal,Sporting Braga,1,0,2,1,0,5,3,3,2,1,7,2,3,6,12,6
Portugal - Liga Portugal,Sporting CP,1,0,2,0,2,1,0,2,1,0,2,1,5,1,3,3
Portugal - Liga Portugal,Vizela,0,2,0,0,0,0,0,2,3,2,2,1,0,2,5,5
Portugal - Liga Portugal 2,Academico Viseu,0,1,2,1,0,2,0,2,1,1,1,0,2,4,2,3
Portugal - Liga Portugal 2,AVS,0,0,2,1,0,0,2,1,2,1,1,0,2,1,5,2
Portugal - Liga Portugal 2,Benfica B,2,2,2,1,2,0,0,0,0,2,1,1,6,3,1,3
Portugal - Liga Portugal 2,FC Porto B,1,0,1,1,0,2,2,0,4,1,2,0,2,3,8,1
Portugal - Liga Portugal 2,Feirense,0,1,0,0,3,2,0,3,0,3,1,1,3,3,1,7
Portugal - Liga Portugal 2,Leixoes,0,2,1,2,2,1,0,3,1,1,2,2,3,5,3,6
Portugal - Liga Portugal 2,Mafra,0,0,1,3,1,2,2,1,0,0,2,2,2,5,4,3
Portugal - Liga Portugal 2,Maritimo,2,2,1,0,2,2,3,0,1,1,1,1,5,4,5,2
Portugal - Liga Portugal 2,Nacional,1,1,3,1,1,2,1,0,1,2,0,0,5,4,2,2
Portugal - Liga Portugal 2,Oliveirense,0,4,0,1,1,1,0,2,2,0,1,1,1,6,3,3
Portugal - Liga Portugal 2,Os Belenense,0,0,0,1,0,1,1,1,0,0,2,1,0,2,3,2
Portugal - Liga Portugal 2,Pacos Ferreira,0,1,1,1,1,2,0,0,1,1,0,1,2,4,1,2
Portugal - Liga Portugal 2,Penafiel,0,1,1,0,0,2,0,0,0,2,0,2,1,3,0,4
Portugal - Liga Portugal 2,Santa Clara,0,0,1,1,1,1,1,0,0,0,1,0,2,2,2,0
Portugal - Liga Portugal 2,Tondela,0,1,0,2,0,3,3,0,2,4,1,0,0,6,6,4
Portugal - Liga Portugal 2,Torreense,0,1,0,2,1,0,1,0,3,2,1,0,1,3,5,2
Portugal - Liga Portugal 2,Uniao de Leiria,2,0,2,1,1,1,2,1,1,1,2,2,5,2,5,4
Portugal - Liga Portugal 2,Vilaverdense,0,1,0,1,1,0,0,0,0,2,2,3,1,2,2,5
Scotland - Premiership,Aberdeen,0,1,1,0,3,1,0,1,3,3,2,3,4,2,5,7
Scotland - Premiership,Celtic,3,0,2,1,2,0,2,0,0,1,7,1,7,1,9,2
Scotland - Premiership,Dundee FC,0,1,0,0,1,1,1,1,1,2,2,2,1,2,4,5
Scotland - Premiership,Hearts,1,1,0,0,0,0,0,0,2,1,1,2,1,1,3,3
Scotland - Premiership,Hibernian,2,0,0,2,0,1,1,2,4,3,2,4,2,3,7,9
Scotland - Premiership,Kilmarnock,1,2,1,2,0,1,1,1,1,0,1,3,2,5,3,4
Scotland - Premiership,Livingston,1,1,0,1,1,2,1,3,3,1,0,5,2,4,4,9
Scotland - Premiership,Motherwell,0,0,1,3,1,0,0,2,2,2,0,0,2,3,2,4
Scotland - Premiership,Rangers,1,0,4,0,0,0,1,0,2,1,4,0,5,0,7,1
Scotland - Premiership,Ross County,0,0,0,3,0,3,2,3,3,1,3,3,0,6,8,7
Scotland - Premiership,St. Johnstone,0,0,0,0,0,3,0,2,0,2,0,1,0,3,0,5
Scotland - Premiership,St. Mirren,2,0,1,2,1,0,1,0,0,1,2,3,4,2,3,4
Scotland - Championship,Airdrieonians,0,1,1,2,1,3,1,0,0,1,0,3,2,6,1,4
Scotland - Championship,Arbroath,1,3,1,0,1,1,0,1,2,2,2,1,3,4,4,4
Scotland - Championship,Ayr Utd,3,0,2,3,3,0,3,2,1,3,0,2,8,3,4,7
Scotland - Championship,Dundee Utd,2,0,2,1,2,0,2,0,4,0,4,0,6,1,10,0
Scotland - Championship,Dunfermline,2,1,0,1,0,0,1,2,2,0,1,3,2,2,4,5
Scotland - Championship,Greenock Morton,0,3,1,2,0,0,1,0,1,0,2,2,1,5,4,2
Scotland - Championship,Inverness,1,2,0,0,1,1,2,1,1,1,0,2,2,3,3,4
Scotland - Championship,Partick Thistle,1,1,1,0,3,0,2,2,5,2,2,1,5,1,9,5
Scotland - Championship,Queen`s Park,1,1,0,3,2,3,3,2,3,2,1,3,3,7,7,7
Scotland - Championship,Raith Rovers,0,1,3,0,2,1,0,2,0,1,2,0,5,2,2,3
Serbia - Super Liga,Backa Topola,0,0,3,0,3,0,0,0,2,0,4,3,6,0,6,3
Serbia - Super Liga,Cukaricki,1,0,1,1,0,2,2,0,1,1,2,3,2,3,5,4
Serbia - Super Liga,IMT N. Beograd,4,2,1,1,1,3,0,0,2,3,3,3,6,6,5,6
Serbia - Super Liga,Javor Ivanjica,0,2,2,2,0,1,2,2,1,2,2,4,2,5,5,8
Serbia - Super Liga,Mladost Lucani,1,1,0,1,2,0,0,3,0,1,2,3,3,2,2,7
Serbia - Super Liga,Napredak,1,2,2,1,1,2,1,0,0,3,2,0,4,5,3,3
Serbia - Super Liga,Novi Pazar,0,3,0,0,0,1,2,2,0,1,1,2,0,4,3,5
Serbia - Super Liga,Partizan,1,2,1,0,4,2,1,1,5,0,8,1,6,4,14,2
Serbia - Super Liga,Rad. Surdulica,2,2,1,2,0,1,0,1,1,2,1,3,3,5,2,6
Serbia - Super Liga,Radnicki 1923,2,1,0,2,0,0,2,2,2,2,4,5,2,3,8,9
Serbia - Super Liga,Radnicki Nis,1,2,0,1,2,3,1,1,1,1,1,3,3,6,3,5
Serbia - Super Liga,Red Star,1,2,3,2,3,2,1,0,3,3,2,1,7,6,6,4
Serbia - Super Liga,Sp. Subotica,1,1,0,2,0,2,1,1,2,1,0,1,1,5,3,3
Serbia - Super Liga,Vojvodina,2,3,1,0,1,3,0,3,0,1,1,4,4,6,1,8
Serbia - Super Liga,Vozdovac,0,1,1,1,1,0,1,4,1,1,1,2,2,2,3,7
Serbia - Super Liga,Z. Pancevo,0,4,1,1,0,3,3,1,1,1,3,4,1,8,7,6
Slovakia - Fortuna Liga,Banska Bystrica,3,2,3,1,3,1,2,3,3,2,3,0,9,4,8,5
Slovakia - Fortuna Liga,DAC Streda,1,1,3,1,1,2,0,0,1,3,2,0,5,4,3,3
Slovakia - Fortuna Liga,FC Kosice,1,6,0,3,2,2,1,1,1,2,2,5,3,11,4,8
Slovakia - Fortuna Liga,Podbrezova,0,1,1,3,3,3,0,2,2,1,8,2,4,7,10,5
Slovakia - Fortuna Liga,Ruzomberok,0,1,0,5,0,6,3,1,1,2,1,1,0,12,5,4
Slovakia - Fortuna Liga,S. Bratislava,1,2,2,1,1,0,5,2,3,2,2,0,4,3,10,4
Slovakia - Fortuna Liga,Skalica,2,2,0,1,0,0,2,2,2,2,0,3,2,3,4,7
Slovakia - Fortuna Liga,Spartak Trnava,3,0,1,0,2,2,2,2,2,1,1,2,6,2,5,5
Slovakia - Fortuna Liga,Trencin,1,1,1,1,3,3,1,3,1,1,4,2,5,5,6,6
Slovakia - Fortuna Liga,Z. Michalovce,1,2,1,3,1,2,1,2,1,1,0,3,3,7,2,6
Slovakia - Fortuna Liga,Zilina,1,0,2,0,0,1,2,2,2,1,1,1,3,1,5,4
Slovakia - Fortuna Liga,Zlate Moravce,2,2,1,3,0,0,0,3,0,0,0,3,3,5,0,6
South Africa - Premier Division ,AmaZulu,0,1,1,0,1,0,0,1,0,2,0,2,2,1,0,5
South Africa - Premier Division ,Cape Town City,0,2,1,0,3,0,3,1,0,2,0,2,4,2,3,5
South Africa - Premier Division ,Cape Town Spurs,1,4,1,1,1,2,0,0,0,2,2,4,3,7,2,6
South Africa - Premier Division ,Chippa Utd,0,0,0,1,2,1,0,0,1,0,1,1,2,2,2,1
South Africa - Premier Division ,Golden Arrows,0,1,1,3,2,1,2,1,0,0,3,1,3,5,5,2
South Africa - Premier Division ,Kaizer Chiefs,0,1,1,2,0,0,1,2,0,0,2,1,1,3,3,3
South Africa - Premier Division ,Mamelodi S.,4,0,0,0,2,0,2,0,0,1,0,0,6,0,2,1
South Africa - Premier Division ,Moroka Swallows,1,0,1,1,0,0,0,1,1,0,2,0,2,1,3,1
South Africa - Premier Division ,Orlando Pirates,0,1,1,0,1,2,0,0,0,1,0,0,2,3,0,1
South Africa - Premier Division ,Polokwane,1,1,0,1,1,2,1,0,1,0,0,1,2,4,2,1
South Africa - Premier Division ,Richards Bay,0,1,1,1,0,0,2,2,0,1,0,0,1,2,2,3
South Africa - Premier Division ,Royal AM,0,2,0,2,2,2,2,1,1,0,1,3,2,6,4,4
South Africa - Premier Division ,Sekhukhune,1,1,1,0,2,0,1,1,1,1,0,3,4,1,2,5
South Africa - Premier Division ,Stellenbosch,1,0,0,0,0,4,1,0,2,0,0,1,1,4,3,1
South Africa - Premier Division ,SuperSport Utd,1,2,1,1,1,1,1,0,0,0,4,2,3,4,5,2
South Africa - Premier Division ,TS Galaxy,0,1,0,1,0,1,0,0,0,3,0,0,0,3,0,3
South Korea - K League 1,Daegu,4,4,3,4,1,6,2,2,2,3,7,4,8,14,11,9
South Korea - K League 1,Daejeon Citizen,2,3,4,6,4,2,3,4,4,5,10,13,10,11,17,22
South Korea - K League 1,Gangwon,0,5,2,2,3,1,0,5,1,1,5,4,5,8,6,10
South Korea - K League 1,Gwangju,2,1,2,1,3,0,3,4,2,3,9,10,7,2,14,17
South Korea - K League 1,Incheon Utd,1,4,2,3,5,2,4,6,1,3,8,4,8,9,13,13
South Korea - K League 1,Jeju Utd,0,2,2,5,3,3,3,3,4,5,10,8,5,10,17,16
South Korea - K League 1,Jeonbuk Motors,3,1,2,2,2,3,3,1,3,3,4,6,7,6,10,10
South Korea - K League 1,Pohang Steelers,3,0,4,3,1,3,2,6,4,4,5,2,8,6,11,12
South Korea - K League 1,Seoul,2,3,2,4,2,4,9,2,6,5,9,7,6,11,24,14
South Korea - K League 1,Suwon Bluewings,0,4,3,6,4,7,6,4,1,2,2,6,7,17,9,12
South Korea - K League 1,Suwon City,1,5,1,6,5,6,4,8,3,5,4,6,7,17,11,19
South Korea - K League 1,Ulsan,4,3,5,1,3,4,4,1,3,3,6,7,12,8,13,11
South Korea - K League 2,Ansan Greeners,1,2,1,6,4,6,2,7,3,5,8,11,6,14,13,23
South Korea - K League 2,Anyang,4,2,2,4,4,5,6,3,6,5,5,10,10,11,17,18
South Korea - K League 2,Bucheon FC,2,2,4,3,2,4,5,2,4,5,4,5,8,9,13,12
South Korea - K League 2,Busan IPark,4,4,3,2,6,2,6,4,3,2,5,3,13,8,14,9
South Korea - K League 2,Cheonan City,1,3,2,3,2,5,3,5,2,4,5,9,5,11,10,18
South Korea - K League 2,Cheongju,4,1,3,3,2,7,2,1,3,4,4,5,9,11,9,10
South Korea - K League 2,Chungnam Asan,1,1,0,3,3,10,3,2,4,4,1,4,4,14,8,10
South Korea - K League 2,Gimcheon Sangmu,2,0,3,3,5,4,4,5,7,5,9,5,10,7,20,15
South Korea - K League 2,Gimpo,1,1,2,0,2,0,4,2,3,3,6,5,5,1,13,10
South Korea - K League 2,Gyeongnam,3,1,6,5,2,4,2,1,8,0,7,4,11,10,17,5
South Korea - K League 2,Jeonnam Dragons,2,4,5,2,1,6,1,4,4,2,9,11,8,12,14,17
South Korea - K League 2,Seongnam,2,1,2,4,2,5,2,4,6,3,5,9,6,10,13,16
South Korea - K League 2,Seoul E-Land,2,4,3,2,5,1,0,6,3,4,1,6,10,7,4,16
Spain - La Liga,Alaves,0,1,0,1,0,3,1,0,1,1,1,2,0,5,3,3
Spain - La Liga,Almeria,1,3,1,0,1,5,0,2,1,2,1,5,3,8,2,9
Spain - La Liga,Athletic Bilbao,2,0,4,1,0,0,0,1,0,1,1,3,6,1,1,5
Spain - La Liga,Atletico Madrid,1,1,3,0,1,1,0,2,3,1,5,0,5,2,8,3
Spain - La Liga,Cadiz,1,1,1,1,1,1,0,2,0,3,0,4,3,3,0,9
Spain - La Liga,Celta Vigo,0,0,2,1,1,0,0,1,1,1,3,6,3,1,4,8
Spain - La Liga,FC Barcelona,2,2,0,2,3,2,0,1,3,0,3,1,5,6,6,2
Spain - La Liga,Getafe,2,3,0,1,3,1,1,2,0,4,2,2,5,5,3,8
Spain - La Liga,Girona,0,1,3,1,2,1,3,2,3,1,3,1,5,3,9,4
Spain - La Liga,Granada,0,2,0,0,1,6,0,2,3,2,3,3,1,8,6,7
Spain - La Liga,Las Palmas,0,0,1,0,1,1,1,1,0,3,1,2,2,1,2,6
Spain - La Liga,Mallorca,1,3,0,2,2,3,1,2,1,3,4,1,3,8,6,6
Spain - La Liga,Osasuna,0,1,2,0,2,2,1,2,1,2,3,3,4,3,5,7
Spain - La Liga,Rayo Vallecano,0,0,4,0,0,0,0,2,1,0,2,1,4,0,3,3
Spain - La Liga,Real Betis,3,0,1,3,1,4,1,0,0,4,1,2,5,7,2,6
Spain - La Liga,Real Madrid,0,3,4,1,2,0,1,1,3,1,3,0,6,4,7,2
Spain - La Liga,Real Sociedad,1,0,0,1,2,1,0,2,2,0,0,2,3,2,2,4
Spain - La Liga,Sevilla FC,1,2,0,2,2,1,1,2,0,0,2,1,3,5,3,3
Spain - La Liga,Valencia,1,2,0,0,1,2,1,2,3,2,1,2,2,4,5,6
Spain - La Liga,Villarreal,2,0,3,4,0,1,0,1,1,0,0,0,5,5,1,1
Spain - La Liga 2,Albacete,0,0,1,4,0,1,0,3,1,2,1,0,1,5,2,5
Spain - La Liga 2,Alcorcon,0,0,1,2,3,2,0,3,1,2,3,3,4,4,4,8
Spain - La Liga 2,Amorebieta,1,2,1,2,2,3,1,5,0,2,0,4,4,7,1,11
Spain - La Liga 2,Burgos,0,3,0,1,1,4,2,3,1,3,1,3,1,8,4,9
Spain - La Liga 2,Cartagena,0,2,0,0,1,0,1,1,3,2,2,4,1,2,6,7
Spain - La Liga 2,Eibar,2,1,1,3,1,6,2,2,3,2,4,0,4,10,9,4
Spain - La Liga 2,Elche,1,1,0,0,0,6,3,0,1,1,0,3,1,7,4,4
Spain - La Liga 2,Eldense,2,1,0,2,2,1,1,5,0,0,2,2,4,4,3,7
Spain - La Liga 2,Espanyol,1,1,1,2,3,2,2,0,0,2,2,1,5,5,4,3
Spain - La Liga 2,FC Andorra,0,2,1,1,0,6,1,1,2,0,2,5,1,9,5,6
Spain - La Liga 2,Huesca,1,0,2,0,1,2,1,0,0,1,0,2,4,2,1,3
Spain - La Liga 2,Leganes,0,1,0,0,2,2,4,0,3,0,1,0,2,3,8,0
Spain - La Liga 2,Levante,0,0,3,0,1,0,1,0,0,2,1,1,4,0,2,3
Spain - La Liga 2,Mirandes,1,2,0,2,1,2,1,1,2,1,4,3,2,6,7,5
Spain - La Liga 2,Racing,0,3,1,2,2,2,1,2,1,3,2,1,3,7,4,6
Spain - La Liga 2,Racing Ferrol,0,0,0,2,3,1,2,3,0,2,1,1,3,3,3,6
Spain - La Liga 2,Real Oviedo,2,1,1,1,0,0,1,0,0,1,0,2,3,2,1,3
Spain - La Liga 2,Real Zaragoza,0,0,1,0,4,1,0,1,1,0,2,3,5,1,3,4
Spain - La Liga 2,Sporting Gijon,1,0,0,2,2,0,3,3,2,0,1,3,3,2,6,6
Spain - La Liga 2,Tenerife,2,1,0,1,1,0,2,2,0,3,1,3,3,2,3,8
Spain - La Liga 2,Valladolid,0,1,1,2,0,3,1,0,0,2,1,2,1,6,2,4
Spain - La Liga 2,Villarreal B,1,1,0,0,2,0,1,5,2,4,1,2,3,1,4,11
Sweden - Allsvenskan,AIK,3,5,2,4,3,3,2,3,1,4,2,5,8,12,5,12
Sweden - Allsvenskan,Brommapojkarna,1,4,3,4,2,5,5,4,3,4,8,9,6,13,16,17
Sweden - Allsvenskan,Degerfors,0,6,4,4,3,9,1,5,0,8,4,6,7,19,5,19
Sweden - Allsvenskan,Djurgarden,0,1,2,2,3,2,3,4,4,2,3,8,5,5,10,14
Sweden - Allsvenskan,Elfsborg,3,0,5,2,2,5,3,3,3,0,10,2,10,7,16,5
Sweden - Allsvenskan,Hacken,1,1,1,2,2,5,5,4,6,4,4,3,4,8,15,11
Sweden - Allsvenskan,Halmstad,0,4,1,4,4,0,4,4,1,5,4,8,5,8,9,17
Sweden - Allsvenskan,Hammarby,0,3,0,1,3,5,4,4,3,1,2,4,3,9,9,9
Sweden - Allsvenskan,IFK Goteborg,2,3,2,1,2,3,0,8,2,3,3,4,6,7,5,15
Sweden - Allsvenskan,Kalmar,4,3,4,3,4,5,1,5,3,4,1,2,12,11,5,11
Sweden - Allsvenskan,Malmo FF,4,2,4,2,3,4,4,2,3,1,6,5,11,8,13,8
Sweden - Allsvenskan,Mjallby,2,2,2,1,4,5,3,3,1,1,3,2,8,8,7,6
Sweden - Allsvenskan,Norrkoping,1,5,9,2,3,2,3,5,3,3,5,7,13,9,11,15
Sweden - Allsvenskan,Sirius,1,4,2,4,3,5,7,4,2,3,5,1,6,13,14,8
Sweden - Allsvenskan,Varberg BoIS,2,4,3,6,4,8,3,5,2,5,2,9,9,18,7,19
Sweden - Allsvenskan,Varnamo,2,3,7,1,2,5,2,3,3,4,7,2,11,9,12,9
Switzerland - Super League,BSC Young Boys,2,1,1,0,2,1,1,0,2,3,3,2,5,2,6,5
Switzerland - Super League,FC Basel,0,3,2,2,1,3,0,1,0,2,1,3,3,8,1,6
Switzerland - Super League,FC Zurich,2,0,0,0,2,0,3,0,2,2,2,3,4,0,7,5
Switzerland - Super League,Grasshopper,2,1,2,2,0,4,0,1,2,3,2,2,4,7,4,6
Switzerland - Super League,Lausanne Ouchy,0,1,2,0,1,4,0,1,1,0,2,3,3,5,3,4
Switzerland - Super League,Lausanne Sport,1,0,1,0,1,1,2,3,0,3,3,4,3,1,5,10
Switzerland - Super League,Lugano,2,0,1,3,0,2,1,1,4,5,3,6,3,5,8,12
Switzerland - Super League,Luzern,0,1,0,0,2,0,1,1,1,5,2,3,2,1,4,9
Switzerland - Super League,Servette,1,2,1,2,1,0,0,2,3,1,3,1,3,4,6,4
Switzerland - Super League,St. Gallen,0,1,1,2,0,2,3,2,1,2,4,0,1,5,8,4
Switzerland - Super League,Winterthur,3,4,0,0,3,3,2,3,0,1,6,7,6,7,8,11
Switzerland - Super League,Yverdon,1,0,0,5,1,3,1,2,2,2,2,3,2,8,5,7
Switzerland - Challenge League,Aarau,1,0,1,2,3,2,1,2,1,1,2,1,5,4,4,4
Switzerland - Challenge League,Baden,1,2,3,2,1,2,1,1,0,2,1,2,5,6,2,5
Switzerland - Challenge League,Bellinzona,0,2,1,0,2,2,1,0,0,1,3,1,3,4,4,2
Switzerland - Challenge League,Neuchatel Xamax,1,1,1,0,0,0,1,3,1,2,2,2,2,1,4,7
Switzerland - Challenge League,Schaffhausen,0,0,1,3,1,1,1,1,0,2,0,6,2,4,1,9
Switzerland - Challenge League,Sion,1,0,3,1,1,0,5,1,0,0,4,1,5,1,9,2
Switzerland - Challenge League,Stade Nyonnais,1,0,0,2,2,1,0,0,3,2,0,3,3,3,3,5
Switzerland - Challenge League,Thun,1,2,0,3,1,1,2,3,2,1,7,2,2,6,11,6
Switzerland - Challenge League,Vaduz,3,1,2,1,0,2,3,2,1,1,3,4,5,4,7,7
Switzerland - Challenge League,Wil,2,1,1,2,1,0,2,3,2,2,5,3,4,3,9,8
Thailand - Thai League 1,Bangkok Utd,1,0,1,0,1,0,1,0,0,0,4,1,3,0,5,1
Thailand - Thai League 1,Buriram Utd,0,0,1,0,0,0,1,0,1,0,0,1,1,0,2,1
Thailand - Thai League 1,Chiangrai Utd,0,0,1,1,2,1,0,0,0,0,0,2,3,2,0,2
Thailand - Thai League 1,Chonburi,0,3,0,1,3,1,1,1,2,2,3,1,3,5,6,4
Thailand - Thai League 1,Khon Kaen Utd,1,2,1,1,0,2,2,2,1,3,1,3,2,5,4,8
Thailand - Thai League 1,Lamphun Warrior,0,3,1,1,0,1,1,0,1,4,1,3,1,5,3,7
Thailand - Thai League 1,Muang Thong Utd,2,0,2,2,3,2,0,1,0,2,3,5,7,4,3,8
Thailand - Thai League 1,Nakhon Pathom,0,1,1,2,2,0,2,1,1,0,1,7,3,3,4,8
Thailand - Thai League 1,Pathum Utd,2,0,0,0,0,0,1,1,2,1,1,3,2,0,4,5
Thailand - Thai League 1,Police Tero,1,2,1,2,1,0,0,1,0,1,1,4,3,4,1,6
Thailand - Thai League 1,Port FC,1,2,2,1,2,2,3,1,1,2,3,0,5,5,7,3
Thailand - Thai League 1,Prachuap,1,0,0,1,0,1,0,1,1,0,3,6,1,2,4,7
Thailand - Thai League 1,Ratchaburi,1,0,0,0,2,1,0,1,1,1,0,5,3,1,1,7
Thailand - Thai League 1,Sukhothai,0,3,0,2,1,1,2,3,2,0,1,2,1,6,5,5
Thailand - Thai League 1,Trat,0,1,0,2,0,2,0,2,1,2,0,1,0,5,1,5
Thailand - Thai League 1,Uthai Thani,2,0,1,0,0,3,1,0,1,2,2,3,3,3,4,5
Turkey - Super Lig,Adana Demirspor,0,1,1,1,1,1,1,3,0,2,3,1,2,3,4,6
Turkey - Super Lig,Alanyaspor,0,0,0,1,0,0,0,2,0,2,1,2,0,1,1,6
Turkey - Super Lig,Ankaragucu,1,2,2,3,1,1,3,1,2,4,2,1,4,6,7,6
Turkey - Super Lig,Antalyaspor,1,1,0,1,1,2,2,1,1,1,0,1,2,4,3,3
Turkey - Super Lig,Basaksehir,0,2,0,2,0,1,1,0,0,0,1,2,0,5,2,2
Turkey - Super Lig,Besiktas,0,1,0,3,2,1,0,4,2,2,4,1,2,5,6,7
Turkey - Super Lig,F. Karagumruk,1,0,1,1,0,2,1,0,0,0,2,2,2,3,3,2
Turkey - Super Lig,Fenerbahce,1,0,1,0,3,0,1,0,2,0,3,0,5,0,6,0
Turkey - Super Lig,Galatasaray,1,0,0,0,2,0,2,0,3,1,1,0,3,0,6,1
Turkey - Super Lig,Gaziantep,1,3,1,1,1,1,0,0,0,3,0,3,3,5,0,6
Turkey - Super Lig,Hatayspor,1,2,1,0,1,1,3,0,0,1,2,3,3,3,5,4
Turkey - Super Lig,Istanbulspor,1,1,0,0,0,1,0,1,0,2,1,3,1,2,1,6
Turkey - Super Lig,Kasimpasa,2,0,0,2,2,2,2,2,0,0,2,1,4,4,4,3
Turkey - Super Lig,Kayserispor,0,0,0,0,2,1,2,3,0,2,1,2,2,1,3,7
Turkey - Super Lig,Konyaspor,0,1,1,1,1,0,2,2,0,0,0,4,2,2,2,6
Turkey - Super Lig,Pendikspor,0,3,1,1,3,2,1,1,1,0,3,3,4,6,5,4
Turkey - Super Lig,Rizespor,0,1,1,2,1,2,0,3,2,3,3,4,2,5,5,10
Turkey - Super Lig,Samsunspor,0,3,1,3,0,2,2,0,0,3,1,1,1,8,3,4
Turkey - Super Lig,Sivasspor,3,0,0,1,1,2,1,1,0,3,4,0,4,3,5,4
Turkey - Super Lig,Trabzonspor,2,0,1,2,2,0,2,0,2,2,1,5,5,2,5,7
UAE - Pro League,Ajman,1,2,1,2,3,2,0,1,0,2,1,3,5,6,1,6
UAE - Pro League,Al Ain,1,0,1,1,1,1,1,2,2,1,0,1,3,2,3,4
UAE - Pro League,Al Bataeh,1,0,0,2,2,0,1,1,0,0,1,1,3,2,2,2
UAE - Pro League,Al Jazira,0,0,1,1,1,2,1,0,3,0,3,2,2,3,7,2
UAE - Pro League,Al Khaleej,0,0,0,1,1,2,0,1,0,2,1,0,1,3,1,3
UAE - Pro League,Al Nasr,1,2,2,1,2,1,1,3,1,0,1,0,5,4,3,3
UAE - Pro League,Al Sharjah,1,0,1,1,3,3,0,1,0,0,4,0,5,4,4,1
UAE - Pro League,Al Wahda,0,1,3,0,1,1,0,1,1,1,0,2,4,2,1,4
UAE - Pro League,Al Wasl,4,0,2,0,2,0,0,2,1,1,2,1,8,0,3,4
UAE - Pro League,Bani Yas,0,2,2,0,0,4,0,1,1,2,1,2,2,6,2,5
UAE - Pro League,Emirates,0,1,0,0,0,2,1,0,1,1,1,0,0,3,3,1
UAE - Pro League,Hatta,3,0,1,2,0,2,2,2,0,1,0,0,4,4,2,3
UAE - Pro League,Ittihad Kalba,0,1,0,0,3,0,2,1,1,1,0,2,3,1,3,4
UAE - Pro League,Shabab Al Ahli,1,0,0,1,1,0,5,0,1,0,1,1,2,1,7,1
Ukraine - Premier League,Chornomorets,1,1,4,0,2,3,1,2,1,2,1,3,7,4,3,7
Ukraine - Premier League,Dnipro-1,2,1,3,0,1,2,1,1,0,0,1,2,6,3,2,3
Ukraine - Premier League,Dynamo Kyiv,2,1,2,1,2,1,3,3,1,3,3,2,6,3,7,8
Ukraine - Premier League,FC Minaj,1,0,0,3,1,0,0,0,1,4,0,4,2,3,1,8
Ukraine - Premier League,Kolos Kovalivka,0,0,0,1,2,0,0,1,1,1,1,0,2,1,2,2
Ukraine - Premier League,Kryvbas KR,2,2,0,1,5,1,2,1,2,0,3,0,7,4,7,1
Ukraine - Premier League,LNZ Cherkasy,0,0,0,1,1,1,1,0,0,0,1,3,1,2,2,3
Ukraine - Premier League,Metalist 1925,0,0,2,1,1,2,0,2,0,0,1,1,3,3,1,3
Ukraine - Premier League,Obolon,0,2,0,2,1,0,2,1,0,1,2,5,1,4,4,7
Ukraine - Premier League,Oleksandria,0,2,0,1,1,3,2,0,0,0,0,2,1,6,2,2
Ukraine - Premier League,Polessya,1,1,1,0,2,0,2,0,0,1,6,2,4,1,8,3
Ukraine - Premier League,Rukh Lviv,1,0,0,0,1,2,0,0,5,0,3,3,2,2,8,3
Ukraine - Premier League,Shakhtar,1,0,4,1,4,1,3,1,1,3,1,1,9,2,5,5
Ukraine - Premier League,Veres,0,2,0,1,1,1,0,0,0,1,0,1,1,4,0,2
Ukraine - Premier League,Vorskla Poltava,2,1,2,1,0,1,0,2,1,1,0,2,4,3,1,5
Ukraine - Premier League,Zorya Luhansk,2,1,3,4,2,1,0,0,2,2,2,2,7,6,4,4
USA - MLS,Atlanta Utd,6,4,1,2,3,9,4,5,5,5,5,7,10,15,14,17
USA - MLS,Austin,1,2,2,5,6,5,5,7,2,6,5,8,9,12,12,21
USA - MLS,CF Montreal,1,4,3,7,3,12,0,8,0,3,3,6,7,23,3,17
USA - MLS,Charlotte,1,2,7,2,2,8,7,7,2,5,2,7,10,12,11,19
USA - MLS,Chicago Fire,2,3,3,5,1,6,1,1,2,5,4,9,6,14,7,15
USA - MLS,Cincinnati,1,5,1,5,4,9,4,4,5,1,9,2,6,19,18,7
USA - MLS,Colorado Rapids,2,5,1,10,2,6,2,3,2,5,4,9,5,21,8,17
USA - MLS,Columbus Crew,2,1,6,5,5,3,5,7,6,4,2,12,13,9,13,23
USA - MLS,Dallas,3,1,3,3,3,8,1,4,3,2,5,3,9,12,9,9
USA - MLS,DC United,2,5,1,4,0,5,3,4,3,5,5,3,3,14,11,12
USA - MLS,Houston Dynamo,4,5,3,3,3,3,1,7,3,3,1,6,10,11,5,16
USA - MLS,Inter Miami,2,3,1,2,2,10,6,5,1,8,4,5,5,15,11,18
USA - MLS,LA Galaxy,0,4,2,4,5,10,4,4,5,10,4,6,7,18,13,20
USA - MLS,Los Angeles FC,2,2,3,5,3,2,4,4,4,4,2,5,8,9,10,13
USA - MLS,Minnesota Utd,3,4,4,7,4,4,4,5,1,3,6,8,11,15,11,16
USA - MLS,Nashville SC,1,2,2,5,2,3,1,3,4,2,4,4,5,10,9,9
USA - MLS,New England,2,3,4,3,3,6,3,6,3,4,6,8,9,12,12,18
USA - MLS,New York City,1,4,0,1,3,4,3,4,1,4,4,6,4,9,8,14
USA - MLS,New York RB,2,2,2,7,4,3,3,4,0,3,4,3,8,12,7,10
USA - MLS,Orlando City,2,0,3,3,2,4,6,4,6,4,5,5,7,7,17,13
USA - MLS,Philadelphia,2,5,2,4,8,4,6,5,3,4,3,6,12,13,12,15
USA - MLS,Portland,2,5,0,4,2,10,2,3,5,9,6,5,4,19,13,17
USA - MLS,Real Salt Lake,3,6,2,3,4,6,3,3,7,2,4,3,9,15,14,8
USA - MLS,Seattle,1,3,4,3,4,1,6,3,2,6,5,5,9,7,13,14
USA - MLS,SJ Earthquakes,2,4,2,0,2,7,4,5,1,2,3,9,6,11,8,16
USA - MLS,Sporting KC,5,3,4,6,2,5,1,4,1,5,5,7,11,14,7,16
USA - MLS,St. Louis City,1,2,3,0,3,5,4,5,5,6,5,10,7,7,14,21
USA - MLS,Toronto,1,3,0,5,0,7,2,9,2,4,2,9,1,15,6,22
USA - MLS,Vancouver,4,3,6,1,1,8,3,8,2,5,4,4,11,12,9,17
USL Championship,Birmingham L.,0,5,3,5,7,6,5,2,0,7,4,5,10,16,9,14
USL Championship,Charleston,2,3,3,2,3,6,3,2,6,6,8,3,8,11,17,11
USL Championship,Colorado S.,6,3,2,3,3,6,3,3,2,1,4,8,11,12,9,12
USL Championship,Detroit City,3,5,2,2,6,8,2,3,2,2,1,7,11,15,5,12
USL Championship,El Paso,9,3,2,3,3,6,2,4,5,5,1,7,14,12,8,16
USL Championship,FC Tulsa,5,5,2,8,3,2,2,3,3,5,6,6,10,15,11,14
USL Championship,Hartford A.,5,4,4,5,7,8,2,4,3,7,2,13,16,17,7,24
USL Championship,Indy Eleven,4,3,0,3,2,3,5,4,9,2,7,6,6,9,21,12
USL Championship,Las Vegas L.,4,2,3,4,2,9,2,5,2,5,3,5,9,15,7,15
USL Championship,Loudoun Utd,4,1,1,4,4,6,1,5,2,5,3,11,9,11,6,21
USL Championship,Louisville City,3,4,2,4,2,5,7,2,2,5,4,4,7,13,13,11
USL Championship,Memphis,1,4,3,3,5,5,4,6,7,4,5,3,9,12,16,13
USL Championship,Miami FC,4,4,1,3,4,3,2,3,2,7,4,4,9,10,8,14
USL Championship,Monterey Bay,1,2,4,4,4,3,1,7,5,5,2,8,9,9,8,20
USL Championship,New Mexico,4,2,0,3,3,5,4,3,1,9,9,4,7,10,14,16
USL Championship,Oakland Roots,6,4,0,5,6,5,2,10,7,2,6,4,12,14,15,16
USL Championship,Orange County,3,3,4,5,5,4,3,3,1,7,9,3,12,12,13,13
USL Championship,Phoenix Rising,0,3,1,5,3,5,4,6,3,2,5,2,4,13,12,10
USL Championship,Pittsburgh,3,2,3,1,1,4,1,1,7,1,3,7,7,7,11,9
USL Championship,Rio Grande,2,5,5,3,3,8,1,2,2,3,6,2,10,16,9,7
USL Championship,Sacramento R.,1,2,2,2,8,4,3,4,2,3,4,2,11,8,9,9
USL Championship,San Antonio,5,6,4,4,3,3,6,0,4,3,8,2,12,13,18,5
USL Championship,San Diego Loyal,3,5,3,3,8,4,2,2,4,5,9,4,14,12,15,11
USL Championship,Tampa Bay,2,4,3,4,4,2,4,4,4,1,9,5,9,10,17,10
USA - USL League One,Central Valley,1,7,1,4,4,9,5,5,4,2,6,5,6,20,15,12
USA - USL League One,Charlotte,4,2,4,2,3,8,2,5,6,5,3,8,11,12,11,18
USA - USL League One,Chattanooga RW,3,7,1,6,2,7,3,2,3,9,3,8,6,20,9,19
USA - USL League One,Forward Madison,5,1,4,4,2,6,2,5,3,4,2,3,11,11,7,12
USA - USL League One,Greenville,1,3,2,3,6,3,5,6,3,3,5,2,9,9,13,11
USA - USL League One,Lexington,2,3,3,5,3,5,1,11,6,2,7,7,8,13,14,20
USA - USL League One,N. Colorado,4,1,4,3,5,5,5,3,2,1,5,5,13,9,12,9
USA - USL League One,North Carolina,4,2,5,0,10,6,6,1,1,4,5,6,19,8,12,11
USA - USL League One,One Knoxville,2,2,3,2,1,4,3,4,4,2,4,3,6,8,11,9
USA - USL League One,Richmond K.,3,5,3,2,6,3,4,5,1,6,3,8,12,10,8,19
USA - USL League One,Tormenta,3,4,4,2,4,5,8,5,6,5,7,4,11,11,21,14
USA - USL League One,Union Omaha,3,4,2,0,8,5,1,2,5,2,4,6,13,9,10,10
Vietnam - V League,Binh Dinh,1,1,1,2,1,4,0,2,3,3,4,7,3,7,7,12
Vietnam - V League,Binh Duong,3,0,0,2,3,2,0,0,0,3,2,4,6,4,2,7
Vietnam - V League,Cong An Nhan,2,0,3,2,6,1,1,1,4,4,2,2,11,3,7,7
Vietnam - V League,Da Nang,0,1,1,1,3,2,0,2,2,4,0,2,4,4,2,8
Vietnam - V League,H. A. Gia Lai,2,3,0,1,2,2,2,2,2,3,4,3,4,6,8,8
Vietnam - V League,Ha Noi,2,3,2,1,5,2,4,3,1,4,3,2,9,6,8,9
Vietnam - V League,Hai Phong,3,3,0,1,4,3,0,1,1,2,1,2,7,7,2,5
Vietnam - V League,Ho Chi Minh,1,0,1,4,5,3,1,2,1,4,1,5,7,7,3,11
Vietnam - V League,Hong Linh Ha T.,2,1,1,2,3,3,2,2,0,7,3,6,6,6,5,15
Vietnam - V League,Nam Dinh,3,1,2,3,3,3,1,1,0,2,0,2,8,7,1,5
Vietnam - V League,S. Khanh Hoa,0,1,0,1,1,2,2,0,0,1,2,6,1,4,4,7
Vietnam - V League,Song Lam Nghe,1,1,1,0,1,3,0,4,1,2,2,1,3,4,3,7
Vietnam - V League,Thanh Hoa,3,0,1,1,0,2,1,0,3,0,2,2,4,3,6,2
Vietnam - V League,The Cong,1,1,0,2,3,0,1,0,1,1,2,3,4,3,4,4
