league,Equipe,0_15_mar,0_15_sofri,16_30_mar,16_30_sofri,31_45_mar,31_45_sofri,46_60_mar,46_60_sofri,61_75_mar,61_75_sofri,76_90_mar,76_90_sofri,1st H_marc,1st H_sofri,2nd H_marc,2nd H_sofri
Argentina - Liga Profesional,A. Tucuman,0,1,1,4,1,6,2,0,4,1,2,2,2,11,8,3
Argentina - Liga Profesional,Argentinos Jrs,2,0,0,1,2,2,2,3,0,2,1,1,4,3,3,6
Argentina - Liga Profesional,Arsenal Sarandi,2,3,0,4,0,3,0,2,2,0,1,5,2,10,3,7
Argentina - Liga Profesional,Banfield,2,3,2,3,1,6,3,1,2,3,2,5,5,12,7,9
Argentina - Liga Profesional,Barracas C.,4,1,0,4,0,5,1,4,4,3,4,2,4,10,9,9
Argentina - Liga Profesional,Belgrano,0,4,0,3,5,2,1,4,0,1,2,4,5,9,3,9
Argentina - Liga Profesional,Boca Juniors,0,1,1,5,4,1,0,2,3,3,6,2,5,7,9,7
Argentina - Liga Profesional,Central Cordoba,3,3,1,2,2,3,1,5,1,3,3,3,6,8,5,11
Argentina - Liga Profesional,Colon Santa Fe,2,0,0,3,0,2,2,1,0,3,2,5,2,5,4,9
Argentina - Liga Profesional,Defensa y J.,3,1,0,2,1,1,2,4,6,3,3,1,4,4,11,8
Argentina - Liga Profesional,Estudiantes,3,1,2,2,2,4,3,2,1,2,2,3,7,7,6,7
Argentina - Liga Profesional,Gimnasia,2,1,2,7,3,4,1,7,2,2,1,5,7,12,4,14
Argentina - Liga Profesional,Godoy Cruz,0,2,1,4,0,2,1,3,3,4,5,4,1,8,9,11
Argentina - Liga Profesional,Huracan,2,1,0,1,1,7,0,4,3,1,2,2,3,9,5,7
Argentina - Liga Profesional,Independiente,1,3,0,4,2,1,3,1,1,1,1,5,3,8,5,7
Argentina - Liga Profesional,Instituto,3,3,1,2,3,5,1,4,4,5,1,5,7,10,6,14
Argentina - Liga Profesional,Lanus,4,1,0,5,6,2,2,1,4,2,2,7,10,8,8,10
Argentina - Liga Profesional,Newells,3,3,1,7,0,4,0,3,5,1,2,1,4,14,7,5
Argentina - Liga Profesional,Platense,2,3,3,4,1,2,1,1,2,3,2,4,6,9,5,8
Argentina - Liga Profesional,Racing Club,1,5,3,3,4,2,0,2,5,3,3,3,8,10,8,8
Argentina - Liga Profesional,River Plate,3,1,4,2,1,2,3,2,3,4,10,2,8,5,16,8
Argentina - Liga Profesional,Rosario Central,3,3,1,2,2,0,1,4,1,5,1,4,6,5,3,13
Argentina - Liga Profesional,San Lorenzo,2,1,1,7,2,1,3,0,0,0,3,2,5,9,6,2
Argentina - Liga Profesional,Sarmiento,1,1,1,1,1,4,1,4,1,1,2,2,3,6,4,7
Argentina - Liga Profesional,T. de Cordoba,8,1,2,0,1,5,2,3,4,3,7,1,11,6,13,7
Argentina - Liga Profesional,Tigre,1,4,1,0,4,1,1,6,3,2,3,2,6,5,7,10
Argentina - Liga Profesional,Union Santa Fe,0,2,2,4,1,1,1,3,1,0,2,3,3,7,4,6
Argentina - Liga Profesional,Velez Sarsfield,0,1,2,2,2,5,1,1,1,2,2,5,4,8,4,8
Armenia - Premier League,Alashkert,5,1,3,3,1,5,1,2,2,3,6,3,9,9,9,8
Armenia - Premier League,Ararat Yerevan,3,5,2,2,1,0,2,1,3,3,1,5,6,7,6,9
Armenia - Premier League,Ararat-Armenia,2,0,1,4,4,2,3,2,4,0,6,2,7,6,13,4
Armenia - Premier League,BKMA,0,2,2,2,0,3,1,3,2,3,2,2,2,7,5,8
Armenia - Premier League,Noah,4,2,0,1,5,3,1,5,3,1,4,2,9,6,8,8
Armenia - Premier League,Pyunik,3,1,4,2,6,1,3,1,2,0,7,2,13,4,12,3
Armenia - Premier League,Shirak,1,3,3,2,2,3,0,3,1,2,3,6,6,8,4,11
Armenia - Premier League,Urartu,2,2,1,1,3,4,2,2,1,3,8,6,6,7,11,11
Armenia - Premier League,Van,0,5,2,3,0,4,0,4,0,7,2,6,2,12,2,17
Armenia - Premier League,West Armenia,2,1,1,2,0,4,0,1,1,5,6,8,3,7,7,14
Australia - A-League,Adelaide Utd,0,1,2,3,1,0,3,1,1,1,0,3,3,4,4,5
Australia - A-League,Brisbane Roar,1,2,1,1,1,3,3,4,3,2,0,5,3,6,6,11
Australia - A-League,Central Coast,0,1,1,0,0,1,3,1,0,2,2,3,1,2,5,6
Australia - A-League,Macarthur FC,0,2,3,0,1,0,1,2,1,1,4,5,4,2,6,8
Australia - A-League,Melbourne City,1,1,0,1,1,1,1,1,1,1,0,3,2,3,2,5
Australia - A-League,Melbourne V.,1,1,0,1,2,0,2,1,2,1,2,2,3,2,6,4
Australia - A-League,Newcastle Jets,3,3,0,0,2,4,2,2,1,3,3,1,5,7,6,6
Australia - A-League,Perth Glory,0,1,1,2,0,4,4,3,1,2,2,3,1,7,7,8
Australia - A-League,Sydney FC,2,1,0,3,2,1,1,3,0,1,0,0,4,5,1,4
Australia - A-League,Wellington,1,2,0,1,2,0,2,1,1,0,2,2,3,3,5,3
Australia - A-League,Western Sydney,0,2,0,1,0,1,1,0,2,0,2,2,0,4,5,2
Australia - A-League,Western United,1,4,0,3,0,5,1,1,0,1,2,3,1,12,3,5
Austria - Bundesliga,A. Klagenfurt,2,2,1,1,1,1,2,0,4,2,2,3,4,4,8,5
Austria - Bundesliga,A. Lustenau,0,1,0,2,0,0,2,3,1,1,0,5,0,3,3,9
Austria - Bundesliga,Altach,2,1,1,2,0,5,1,4,1,2,1,2,3,8,3,8
Austria - Bundesliga,Austria Wien,3,2,1,0,1,3,0,3,2,2,2,1,5,5,4,6
Austria - Bundesliga,BW Linz,3,4,0,1,1,3,2,5,2,2,1,3,4,8,5,10
Austria - Bundesliga,Hartberg,3,2,1,0,2,2,3,1,5,0,1,4,6,4,9,5
Austria - Bundesliga,LASK Linz,0,1,1,4,4,2,0,1,4,0,3,4,5,7,7,5
Austria - Bundesliga,Rapid Wien,3,2,3,0,0,1,1,0,5,0,3,2,6,3,9,2
Austria - Bundesliga,Salzburg,1,0,6,0,3,3,5,1,3,2,2,0,10,3,10,3
Austria - Bundesliga,Sturm Graz,2,0,2,2,2,3,5,0,2,0,1,2,6,5,8,2
Austria - Bundesliga,Tirol,1,2,0,0,3,2,1,5,1,1,0,4,4,4,2,10
Austria - Bundesliga,Wolfsberger AC,2,1,0,2,0,3,1,3,4,1,4,4,2,6,9,8
Austria - 2. Liga,Admira Wacker,2,0,2,6,2,2,2,1,4,2,1,2,6,8,7,5
Austria - 2. Liga,Amstetten,2,0,1,3,1,0,1,4,1,4,0,5,4,3,2,13
Austria - 2. Liga,Bregenz,4,0,2,2,2,0,3,0,2,2,3,3,8,2,8,5
Austria - 2. Liga,Dornbirn,0,6,1,0,0,5,0,2,0,0,2,2,1,11,2,4
Austria - 2. Liga,First Vienna,2,4,1,3,1,0,0,1,3,2,3,2,4,7,6,5
Austria - 2. Liga,Floridsdorfer,2,2,1,1,3,1,1,3,3,0,4,2,6,4,8,5
Austria - 2. Liga,Grazer AK,3,0,0,2,3,3,2,1,2,1,5,4,6,5,9,6
Austria - 2. Liga,Kapfenberger,1,3,0,0,3,0,2,1,3,5,3,2,4,3,8,8
Austria - 2. Liga,Lafnitz,1,2,4,4,1,3,0,2,1,4,1,2,6,9,2,8
Austria - 2. Liga,Leoben,4,0,1,0,1,3,0,2,2,1,3,2,6,3,5,5
Austria - 2. Liga,Liefering,4,3,1,0,1,2,1,2,3,1,0,4,6,5,4,7
Austria - 2. Liga,Ried,1,1,2,1,0,2,3,2,1,0,5,0,3,4,9,2
Austria - 2. Liga,St. Polten,4,1,2,1,0,4,1,0,5,2,3,2,6,6,9,4
Austria - 2. Liga,Stripfing,3,0,1,0,2,3,1,3,0,1,2,3,6,3,3,7
Austria - 2. Liga,Sturm Graz B,2,3,1,5,1,7,1,0,1,1,4,4,4,15,6,5
Austria - 2. Liga,SV Horn,2,1,0,4,3,3,1,4,1,1,0,4,5,8,2,9
Belgium - First Division A,Anderlecht,2,0,4,2,3,2,2,3,3,1,3,4,9,4,8,8
Belgium - First Division A,Antwerp,0,2,3,0,2,3,2,1,2,3,4,5,5,5,8,9
Belgium - First Division A,Cercle Brugge,1,2,0,2,1,2,2,3,3,0,3,1,2,6,8,4
Belgium - First Division A,Charleroi,1,0,1,3,1,6,0,2,0,0,1,4,3,9,1,6
Belgium - First Division A,Club Brugge,3,1,2,2,4,2,2,2,5,1,1,1,9,5,8,4
Belgium - First Division A,Eupen,2,2,1,3,0,2,2,3,0,5,3,5,3,7,5,13
Belgium - First Division A,Gent,2,1,2,3,2,2,4,2,1,0,2,2,6,6,7,4
Belgium - First Division A,Kortrijk,1,2,1,4,0,8,0,9,0,3,2,0,2,14,2,12
Belgium - First Division A,KRC Genk,0,2,1,0,6,1,2,0,5,4,4,2,7,3,11,6
Belgium - First Division A,KV Mechelen,1,2,1,5,1,2,0,2,3,4,4,3,3,9,7,9
Belgium - First Division A,OH Leuven,3,5,1,3,3,4,0,5,0,4,3,6,7,12,3,15
Belgium - First Division A,Royale Union SG,2,1,5,0,4,4,5,1,1,1,3,4,11,5,9,6
Belgium - First Division A,RWDM,0,2,3,4,2,2,1,1,1,4,3,10,5,8,5,15
Belgium - First Division A,Sint-Truiden,4,2,0,1,4,3,1,4,1,3,4,5,8,6,6,12
Belgium - First Division A,Standard Liege,0,3,0,2,5,6,1,1,3,3,1,6,5,11,5,10
Belgium - First Division A,Westerlo,0,2,2,1,1,3,1,3,4,5,8,2,3,6,13,10
Belgium - First Division B,Anderlecht B,1,0,2,2,3,2,1,0,3,1,4,2,6,4,8,3
Belgium - First Division B,Beerschot,3,0,2,0,0,1,2,3,3,0,7,2,5,1,12,5
Belgium - First Division B,Beveren,3,1,0,1,2,0,2,1,2,0,1,2,5,2,5,3
Belgium - First Division B,Club Brugge B,3,1,0,2,1,2,2,5,1,1,2,2,4,5,5,8
Belgium - First Division B,Deinze,0,1,1,1,3,0,2,2,1,1,3,5,4,2,6,8
Belgium - First Division B,Dender,1,2,1,1,3,2,3,1,0,1,6,0,5,5,9,2
Belgium - First Division B,Francs Borains,1,1,0,3,1,3,0,2,0,2,2,3,2,7,2,7
Belgium - First Division B,KRC Genk B,2,3,2,2,2,1,2,3,4,2,4,3,6,6,10,8
Belgium - First Division B,Lierse K.,1,3,0,5,5,3,0,0,2,1,7,4,6,11,9,5
Belgium - First Division B,Lommel SK,1,0,3,2,1,2,0,3,1,3,5,3,5,4,6,9
Belgium - First Division B,Oostende,0,1,2,1,2,2,0,1,0,2,3,1,4,4,3,4
Belgium - First Division B,Patro Eisden,1,1,2,0,1,1,2,1,1,2,3,1,4,2,6,4
Belgium - First Division B,RFC Liege,1,2,1,0,2,2,2,0,1,5,2,3,4,4,5,8
Belgium - First Division B,Seraing,1,1,1,4,0,0,1,2,4,1,1,3,2,5,6,6
Belgium - First Division B,Standard L. B,1,3,2,0,0,4,0,6,1,1,3,4,3,7,4,11
Belgium - First Division B,Zulte-Waregem,1,1,2,0,3,3,6,0,2,1,8,0,6,4,16,1
Brazil - Serie A,America MG,6,5,4,6,2,13,4,4,2,6,3,9,12,24,9,19
Brazil - Serie A,Athletico PR,2,6,2,4,3,1,1,1,2,3,8,9,7,11,11,13
Brazil - Serie A,Atletico MG,5,4,1,2,4,2,2,2,4,3,8,3,10,8,14,8
Brazil - Serie A,Bahia,3,4,6,5,4,5,4,10,2,4,2,4,13,14,8,18
Brazil - Serie A,Botafogo,0,2,7,3,4,5,3,5,2,0,6,5,11,10,11,10
Brazil - Serie A,Bragantino,2,2,4,4,4,3,3,4,3,4,5,4,10,9,11,12
Brazil - Serie A,Corinthians,5,2,5,6,5,6,0,1,1,2,5,8,15,14,6,11
Brazil - Serie A,Coritiba,2,5,5,3,5,10,1,10,6,10,5,7,12,18,12,27
Brazil - Serie A,Cruzeiro,3,0,1,2,5,2,0,1,3,3,9,7,9,4,12,11
Brazil - Serie A,Cuiaba,0,4,3,2,3,3,3,2,0,2,8,4,6,9,11,8
Brazil - Serie A,Flamengo,3,1,6,4,8,4,4,7,2,1,7,9,17,9,13,17
Brazil - Serie A,Fluminense,2,1,1,7,3,5,7,4,3,4,2,8,6,13,12,16
Brazil - Serie A,Fortaleza,2,4,3,2,3,3,3,5,0,3,6,7,8,9,9,15
Brazil - Serie A,Goias,2,3,4,4,4,5,1,10,4,2,2,4,10,12,7,16
Brazil - Serie A,Gremio,3,3,5,8,4,8,6,7,6,8,5,6,12,19,17,21
Brazil - Serie A,Internacional,2,3,2,3,2,5,4,5,3,3,3,5,6,11,10,13
Brazil - Serie A,Palmeiras,3,2,4,6,4,4,6,1,3,5,9,3,11,12,18,9
Brazil - Serie A,Santos,0,4,1,5,2,6,1,6,2,7,7,8,3,15,10,21
Brazil - Serie A,Sao Paulo,4,5,0,2,2,5,0,2,0,3,5,8,6,12,5,13
Brazil - Serie A,Vasco da Gama,4,2,1,3,3,9,2,3,2,4,5,7,8,14,9,14
Brazil - Serie C,Altos,0,3,3,3,1,5,0,2,0,4,2,1,4,11,2,7
Brazil - Serie C,Amazonas,0,3,3,2,7,5,8,3,0,4,2,2,10,10,10,9
Brazil - Serie C,America RN,0,1,0,0,1,2,0,2,1,2,0,5,1,3,1,9
Brazil - Serie C,Aparecidense,2,1,1,0,0,2,1,2,1,1,1,2,3,3,3,5
Brazil - Serie C,Botafogo PB,1,2,2,2,2,2,2,1,0,2,3,3,5,6,5,6
Brazil - Serie C,Brusque,0,3,2,0,1,2,3,2,3,1,4,3,3,5,10,6
Brazil - Serie C,Confianca,0,0,2,1,1,5,1,4,1,2,5,5,3,6,7,11
Brazil - Serie C,CSA,0,0,2,1,0,0,2,3,0,1,2,2,2,1,4,6
Brazil - Serie C,EC Sao Jose,2,1,1,1,2,5,2,3,2,1,4,4,5,7,8,8
Brazil - Serie C,Figueirense,0,0,1,4,2,2,2,2,1,3,1,0,3,6,4,5
Brazil - Serie C,Floresta,0,3,0,2,2,1,2,1,1,1,0,4,2,6,3,6
Brazil - Serie C,Manaus,0,1,0,1,0,3,2,3,1,3,1,2,0,5,4,8
Brazil - Serie C,Nautico,2,0,3,3,4,2,1,3,1,4,2,6,9,5,4,13
Brazil - Serie C,Operario PR,3,0,2,1,2,4,1,0,3,3,3,7,7,5,7,10
Brazil - Serie C,Paysandu,0,2,3,2,3,5,1,3,0,4,3,4,6,9,4,11
Brazil - Serie C,Pouso Alegre,1,2,1,2,4,0,0,3,1,3,1,5,6,4,2,11
Brazil - Serie C,Remo,1,2,1,0,0,1,1,2,2,0,3,3,2,3,6,5
Brazil - Serie C,Sao Bernardo,2,1,1,2,1,2,1,0,2,4,3,5,4,5,6,9
Brazil - Serie C,Volta Redonda,2,5,3,1,2,1,2,5,5,3,2,3,7,7,9,11
Brazil - Serie C,Ypiranga,1,1,0,0,0,4,2,4,0,1,4,4,1,5,6,9
Bulgaria - Parva Liga,Arda,1,2,2,0,3,1,0,0,0,2,2,1,6,3,2,3
Bulgaria - Parva Liga,Beroe,0,1,2,3,2,3,1,4,0,5,2,3,4,7,3,12
Bulgaria - Parva Liga,Botev Plovdiv,2,1,1,2,0,1,3,2,2,2,5,3,3,4,10,7
Bulgaria - Parva Liga,Botev Vratsa,1,2,0,4,0,3,0,6,1,1,1,4,1,9,2,11
Bulgaria - Parva Liga,Cherno More,1,1,1,0,3,2,1,2,3,2,8,3,5,3,12,7
Bulgaria - Parva Liga,CSKA 1948 Sofia,1,0,4,1,2,1,3,0,1,3,2,3,7,2,6,6
Bulgaria - Parva Liga,CSKA Sofia,1,1,4,0,2,3,1,1,3,0,6,2,7,4,10,3
Bulgaria - Parva Liga,Etar,0,2,1,3,1,0,2,4,0,3,0,4,2,5,2,11
Bulgaria - Parva Liga,Hebar,1,2,1,1,1,5,3,3,2,1,2,5,3,8,7,9
Bulgaria - Parva Liga,L. Krumovgrad,0,3,1,5,0,3,2,1,1,0,3,3,1,11,6,4
Bulgaria - Parva Liga,Levski Sofia,0,2,2,1,6,1,2,2,2,2,1,3,8,4,5,7
Bulgaria - Parva Liga,Lok. Plovdiv,1,4,2,3,6,3,0,1,3,0,2,3,9,10,5,4
Bulgaria - Parva Liga,Lokomotiv Sofia,0,4,2,2,1,5,1,3,1,3,2,4,3,11,4,10
Bulgaria - Parva Liga,Ludogorets,2,2,1,1,4,0,2,1,5,1,3,0,7,3,10,2
Bulgaria - Parva Liga,Pirin Blag.,3,2,0,3,1,1,1,4,1,3,0,7,4,6,2,14
Bulgaria - Parva Liga,Slavia Sofia,1,0,1,3,1,5,2,2,0,5,2,3,3,8,4,10
Canada - Premier League,A. Ottawa,5,4,2,3,4,2,3,3,5,2,3,5,11,9,11,10
Canada - Premier League,Cavalry,5,3,2,1,6,2,4,3,1,3,3,4,13,6,8,10
Canada - Premier League,Forge,2,3,6,1,3,4,4,2,1,2,4,3,11,8,9,7
Canada - Premier League,HFX Wanderers,1,2,2,1,7,2,1,3,1,2,2,6,10,5,4,11
Canada - Premier League,Pacific,6,3,3,3,3,2,2,3,7,4,7,7,12,8,16,14
Canada - Premier League,Valour,0,1,3,1,0,4,2,5,2,2,4,6,3,6,8,13
Canada - Premier League,Vancouver FC,3,5,2,2,2,2,1,3,0,6,2,3,7,9,3,12
Canada - Premier League,York Utd,4,4,4,1,3,4,6,4,5,1,2,7,11,9,13,12
Costa Rica - Primera Div. - Apertura,AD Grecia,0,3,2,1,1,7,1,2,1,6,2,6,3,11,4,14
Costa Rica - Primera Div. - Apertura,Alajuelense,1,1,4,0,2,3,3,1,0,5,7,3,7,4,10,9
Costa Rica - Primera Div. - Apertura,Cartagines,1,5,2,5,2,2,4,1,2,1,3,1,5,12,9,3
Costa Rica - Primera Div. - Apertura,Guanacasteca,1,0,4,2,3,0,0,3,2,3,2,4,8,2,4,10
Costa Rica - Primera Div. - Apertura,Herediano,3,1,3,4,3,2,3,1,6,0,1,4,9,7,10,5
Costa Rica - Primera Div. - Apertura,M. Liberia,1,5,4,3,6,6,3,2,4,6,4,6,11,14,11,14
Costa Rica - Primera Div. - Apertura,Puntarenas,3,0,1,0,2,4,2,3,1,6,1,5,6,4,4,14
Costa Rica - Primera Div. - Apertura,San Carlos,0,0,0,1,1,5,4,2,2,3,3,5,1,6,9,10
Costa Rica - Primera Div. - Apertura,Santos DG,0,2,0,4,2,1,0,3,2,4,0,2,2,7,2,9
Costa Rica - Primera Div. - Apertura,Saprissa,4,2,2,0,4,3,2,1,6,4,4,3,10,5,12,8
Costa Rica - Primera Div. - Apertura,Sporting SJ,2,1,3,2,2,5,1,4,0,3,3,5,7,8,4,12
Costa Rica - Primera Div. - Apertura,Zeledon,1,2,0,1,0,7,0,6,1,7,2,6,1,10,3,19
Costa Rica - Primera Div. - Clausura,AD Grecia,1,4,0,6,0,2,2,8,2,5,2,6,1,12,6,19
Costa Rica - Primera Div. - Clausura,Alajuelense,6,0,1,1,3,2,5,1,2,1,5,6,10,3,12,8
Costa Rica - Primera Div. - Clausura,Cartagines,3,3,1,1,3,4,3,5,6,4,2,2,7,8,11,11
Costa Rica - Primera Div. - Clausura,Guadalupe,4,1,1,4,2,2,2,7,2,3,2,7,7,7,6,17
Costa Rica - Primera Div. - Clausura,Guanacasteca,0,2,2,2,2,5,0,5,0,2,2,3,4,9,2,10
Costa Rica - Primera Div. - Clausura,Herediano,3,3,0,5,0,4,4,1,3,3,5,1,3,12,12,5
Costa Rica - Primera Div. - Clausura,Puntarenas,1,3,0,7,1,3,0,2,2,3,2,2,2,13,4,7
Costa Rica - Primera Div. - Clausura,San Carlos,2,4,1,3,0,4,3,4,1,1,3,1,3,11,7,6
Costa Rica - Primera Div. - Clausura,Santos DG,3,1,3,1,2,4,0,3,1,3,3,4,8,6,4,10
Costa Rica - Primera Div. - Clausura,Saprissa,1,2,1,3,5,3,0,0,5,1,7,2,7,8,12,3
Costa Rica - Primera Div. - Clausura,Sporting SJ,1,0,4,4,5,7,1,3,0,1,1,4,10,11,2,8
Costa Rica - Primera Div. - Clausura,Zeledon,1,1,1,6,4,3,2,3,2,8,2,2,6,10,6,13
Croatia - 1. NL,Bijelo Brdo,0,1,1,0,1,1,1,3,0,2,1,4,2,2,2,9
Croatia - 1. NL,C. Zmijavci,1,5,1,1,1,1,0,2,0,1,1,4,3,7,1,7
Croatia - 1. NL,Cibalia,0,2,0,2,2,4,2,3,3,4,2,2,2,8,7,9
Croatia - 1. NL,Dubrava Zagreb,2,1,1,3,1,1,0,2,4,1,2,3,4,5,6,6
Croatia - 1. NL,Dugopolje,1,1,0,2,4,1,1,0,1,3,4,4,5,4,6,7
Croatia - 1. NL,Jarun,1,2,1,2,0,4,3,1,0,2,0,2,2,8,3,5
Croatia - 1. NL,Orijent,1,5,0,2,3,2,1,6,2,4,3,3,4,9,6,13
Croatia - 1. NL,Sesvete,2,1,1,1,1,2,2,1,1,1,1,2,4,4,4,4
Croatia - 1. NL,Sibenik,2,0,0,2,5,2,2,3,2,1,4,4,7,4,8,8
Croatia - 1. NL,Solin,1,0,2,3,2,2,0,3,0,1,2,6,5,5,2,10
Croatia - 1. NL,Vukovar,1,0,4,1,1,2,3,2,1,2,4,2,6,3,8,6
Croatia - 1. NL,Z. Jurjevac,1,1,3,1,2,1,1,1,3,1,2,1,6,3,6,3
CzechRepublic - 1. Liga,Banik Ostrava,2,1,1,4,1,3,4,1,0,2,5,2,4,8,9,5
CzechRepublic - 1. Liga,Bohemians,1,2,2,2,1,3,1,2,0,2,2,4,4,7,3,8
CzechRepublic - 1. Liga,C. Budejovice,0,1,2,5,1,6,2,4,0,4,0,6,3,12,2,14
CzechRepublic - 1. Liga,Hradec Kralove,1,5,0,2,1,3,1,1,2,2,1,5,2,10,4,8
CzechRepublic - 1. Liga,Jablonec,1,2,1,6,1,1,2,4,1,0,1,1,3,9,4,5
CzechRepublic - 1. Liga,Karvina,3,4,0,3,1,4,0,2,0,3,3,3,4,11,3,8
CzechRepublic - 1. Liga,Mlada Boleslav,4,4,1,1,1,0,5,5,0,6,5,4,6,5,10,15
CzechRepublic - 1. Liga,Pardubice,3,2,0,4,1,2,0,5,2,1,2,2,4,8,4,8
CzechRepublic - 1. Liga,Sigma Olomouc,3,2,2,2,2,3,2,1,0,1,3,1,7,7,5,3
CzechRepublic - 1. Liga,Slavia Prague,2,3,4,2,2,1,5,1,2,0,2,0,8,6,9,1
CzechRepublic - 1. Liga,Slovacko,0,2,1,3,2,2,2,0,3,1,0,3,3,7,5,4
CzechRepublic - 1. Liga,Slovan Liberec,4,3,2,1,1,3,1,2,0,3,0,3,7,7,1,8
CzechRepublic - 1. Liga,Sparta Prague,2,0,3,2,5,1,1,2,3,1,3,2,10,3,7,5
CzechRepublic - 1. Liga,Teplice,4,0,1,3,1,3,2,4,2,3,2,3,6,6,6,10
CzechRepublic - 1. Liga,Viktoria Plzen,5,4,3,4,2,2,4,0,3,2,5,1,10,10,12,3
CzechRepublic - 1. Liga,Zlin,0,4,0,2,3,3,1,5,0,4,3,3,3,9,4,12
CzechRepublic - FNL,Chrudim,0,3,3,1,2,5,2,2,3,1,3,6,5,9,8,9
CzechRepublic - FNL,Dukla Praha,2,1,1,2,3,2,4,1,5,3,1,0,6,5,10,4
CzechRepublic - FNL,Han. Kromeriz,1,6,1,0,0,3,1,0,0,4,5,2,2,9,6,6
CzechRepublic - FNL,Jihlava,2,2,1,1,3,1,1,2,0,3,2,0,6,4,3,5
CzechRepublic - FNL,Lisen,0,1,1,2,2,0,0,3,2,2,0,5,3,3,2,10
CzechRepublic - FNL,Opava,3,2,0,1,2,0,0,1,2,2,0,2,5,3,2,5
CzechRepublic - FNL,Pribram,0,3,2,2,2,2,1,2,0,3,4,1,4,7,5,6
CzechRepublic - FNL,Prostejov,2,2,1,2,2,0,2,3,1,5,1,6,5,4,4,14
CzechRepublic - FNL,Sigma Olomouc B,2,2,1,2,2,5,2,1,2,3,4,3,5,9,8,7
CzechRepublic - FNL,Sparta Prague B,3,3,1,2,2,2,2,1,2,3,1,5,6,7,5,9
CzechRepublic - FNL,Taborsko,0,1,2,2,1,1,1,1,0,2,4,2,3,4,5,5
CzechRepublic - FNL,Varnsdorf,0,3,2,1,1,2,1,1,1,4,3,1,3,6,5,6
CzechRepublic - FNL,Vikto Zizkov,2,1,1,2,1,2,2,4,3,1,1,5,4,5,6,10
CzechRepublic - FNL,Vlasim,3,1,0,2,1,4,2,0,2,0,2,4,4,7,6,4
CzechRepublic - FNL,Vyskov,1,1,1,1,2,0,2,3,2,2,2,0,4,2,6,5
CzechRepublic - FNL,Zbrojovka Brno,2,3,1,4,1,0,3,1,2,1,4,1,4,7,9,3
Denmark - Superligaen,AGF Aarhus,2,1,1,1,2,3,2,1,2,1,2,0,5,5,6,2
Denmark - Superligaen,Brondby IF,2,1,2,0,4,1,2,2,2,2,4,3,8,2,8,7
Denmark - Superligaen,FC Kobenhavn,2,1,2,3,3,0,3,3,3,4,5,1,7,4,11,8
Denmark - Superligaen,FC Midtjylland,0,1,4,2,1,2,4,3,4,1,4,4,5,5,12,8
Denmark - Superligaen,Hvidovre,0,4,0,0,2,5,2,1,1,2,0,3,2,9,3,6
Denmark - Superligaen,Lyngby,0,3,3,3,1,2,2,2,0,1,0,4,4,8,2,7
Denmark - Superligaen,Nordsjaelland,1,0,0,1,3,2,1,2,3,3,5,1,4,3,9,6
Denmark - Superligaen,Odense BK,2,0,2,0,0,0,4,4,1,1,4,3,4,0,9,8
Denmark - Superligaen,Randers FC,2,2,1,5,1,2,1,1,2,3,2,3,4,9,5,7
Denmark - Superligaen,Silkeborg,1,3,1,1,1,4,2,0,3,1,3,2,3,8,8,3
Denmark - Superligaen,Vejle BK,1,1,1,1,0,1,1,2,3,3,1,3,2,3,5,8
Denmark - Superligaen,Viborg,1,1,2,3,0,4,0,5,0,3,2,3,3,8,2,11
Denmark - 1st Division,Aalborg BK,1,3,3,0,4,1,5,2,2,1,3,0,8,4,10,3
Denmark - 1st Division,AC Horsens,2,2,1,1,1,3,1,3,2,2,2,3,4,6,5,8
Denmark - 1st Division,B 93,2,4,3,1,1,1,4,1,2,1,3,2,6,6,9,4
Denmark - 1st Division,Fredericia,0,2,0,2,1,2,2,2,3,2,11,1,1,6,16,5
Denmark - 1st Division,HB Koge,1,3,2,4,0,3,0,3,4,1,2,4,3,10,6,8
Denmark - 1st Division,Helsingor,1,3,0,1,2,1,0,5,1,3,2,4,3,5,3,12
Denmark - 1st Division,Hillerod,0,1,2,1,4,3,4,1,3,2,6,4,6,5,13,7
Denmark - 1st Division,Hobro,1,1,1,0,1,0,4,1,3,1,3,2,3,1,10,4
Denmark - 1st Division,Kolding IF,2,2,0,3,2,1,3,3,1,0,4,6,4,6,8,9
Denmark - 1st Division,Naestved,0,3,3,5,2,1,1,4,1,1,2,8,5,9,4,13
Denmark - 1st Division,SonderjyskE,3,0,5,3,1,1,5,4,5,2,7,1,9,4,17,7
Denmark - 1st Division,Vendsyssel,1,1,2,1,3,1,1,2,1,2,3,2,6,3,5,6
England - Premier League,Arsenal,2,2,2,3,2,0,3,4,1,1,5,0,6,5,9,5
England - Premier League,Aston Villa,2,4,4,3,1,1,1,7,3,1,3,3,7,8,7,11
England - Premier League,Bournemouth,3,3,3,2,1,5,3,3,3,4,4,6,7,10,10,13
England - Premier League,Brentford,1,1,2,0,1,4,2,2,1,4,2,2,4,5,5,8
England - Premier League,Brighton,1,4,2,5,2,1,6,1,2,4,3,4,5,10,11,9
England - Premier League,Burnley,1,1,0,3,4,3,2,1,2,3,1,6,5,7,5,10
England - Premier League,Chelsea,1,4,4,1,4,0,1,4,4,2,3,6,9,5,8,12
England - Premier League,Crystal Palace,0,3,2,2,1,2,3,1,1,2,4,5,3,7,8,8
England - Premier League,Everton,3,2,2,5,0,2,3,2,3,4,2,1,5,9,8,7
England - Premier League,Fulham,1,0,1,3,2,6,0,3,3,6,2,5,4,9,5,14
England - Premier League,Liverpool,1,1,1,3,4,2,1,1,0,0,10,3,6,6,11,4
England - Premier League,Luton Town,0,0,2,2,1,2,0,5,0,7,7,4,3,4,7,16
England - Premier League,Manchester City,1,1,2,2,2,3,5,0,5,3,6,3,5,6,16,6
England - Premier League,Manchester Utd,1,0,2,1,1,1,1,2,1,2,3,5,4,2,5,9
England - Premier League,Newcastle Utd,0,1,2,3,3,3,3,3,4,5,4,7,5,7,11,15
England - Premier League,Nottm Forest,3,3,0,4,2,5,3,2,1,2,1,4,5,12,5,8
England - Premier League,Sheffield Utd,0,4,0,3,0,1,1,4,3,4,1,9,0,8,5,17
England - Premier League,Tottenham,3,3,2,3,4,2,4,1,6,2,3,5,9,8,13,8
England - Premier League,West Ham Utd,1,2,3,3,2,2,5,5,2,2,3,6,6,7,10,13
England - Premier League,Wolverhampton,2,3,2,3,0,1,2,2,2,3,6,5,4,7,10,10
England - Championship,Birmingham City,1,1,1,3,4,3,2,7,2,3,2,9,6,7,6,19
England - Championship,Blackburn,4,4,3,6,2,1,4,2,5,3,3,9,9,11,12,14
England - Championship,Bristol City,0,1,1,2,2,3,5,4,1,1,4,2,3,6,10,7
England - Championship,Cardiff City,2,2,3,1,3,2,2,8,2,1,4,4,8,5,8,13
England - Championship,Coventry City,0,2,2,0,5,6,4,2,6,2,4,6,7,8,14,10
England - Championship,Huddersfield,1,2,1,3,2,5,1,4,3,5,4,5,4,10,8,14
England - Championship,Hull City,2,4,4,3,4,3,1,3,4,6,4,4,10,10,9,13
England - Championship,Ipswich Town,0,5,4,1,3,1,1,3,2,1,5,2,7,7,8,6
England - Championship,Leeds Utd,4,3,2,0,0,6,2,1,3,0,5,5,6,9,10,6
England - Championship,Leicester City,4,2,7,2,3,1,2,1,4,1,7,4,14,5,13,6
England - Championship,Middlesbrough,3,3,2,3,2,7,9,5,3,3,5,4,7,13,17,12
England - Championship,Millwall,3,4,1,1,2,1,2,5,1,0,7,3,6,6,10,8
England - Championship,Norwich City,4,2,5,5,3,11,4,4,1,0,6,6,12,18,11,10
England - Championship,Plymouth,1,5,3,3,0,4,1,6,2,2,3,3,4,12,6,11
England - Championship,Preston,1,1,1,3,3,5,4,5,2,1,2,5,5,9,8,11
England - Championship,QP Rangers,0,4,0,3,5,3,2,1,2,3,1,4,5,10,5,8
England - Championship,Rotherham,0,7,2,4,1,5,2,8,1,3,2,6,3,16,5,17
England - Championship,Sheffield Wed,0,2,1,2,3,4,0,3,0,5,3,6,4,8,3,14
England - Championship,Southampton,1,2,2,1,4,2,2,6,2,1,5,4,7,5,9,11
England - Championship,Stoke City,3,4,2,2,5,5,3,0,1,2,1,6,10,11,5,8
England - Championship,Sunderland,3,3,1,3,4,3,1,3,1,0,4,0,8,9,6,3
England - Championship,Swansea City,4,2,2,5,2,1,2,3,3,8,6,5,8,8,11,16
England - Championship,Watford,2,2,0,4,3,3,5,1,2,4,5,4,5,9,12,9
England - Championship,West Brom,3,2,3,4,0,2,4,1,3,2,3,3,6,8,10,6
England - League One,Barnsley,4,2,2,1,5,2,2,2,3,2,7,4,11,5,12,8
England - League One,Blackpool,1,4,2,1,1,5,3,2,3,2,2,4,4,10,8,8
England - League One,Bolton,2,0,4,0,3,1,2,2,1,0,5,4,9,1,8,6
England - League One,Bristol Rovers,2,1,2,4,2,2,2,2,1,2,6,11,6,7,9,15
England - League One,Burton Albion,1,2,1,5,0,3,2,3,1,3,2,5,2,10,5,11
England - League One,Cambridge Utd,0,2,1,1,1,4,1,7,1,2,4,2,2,7,6,11
England - League One,Carlisle Utd,0,1,4,4,1,5,0,2,1,4,2,5,5,10,3,11
England - League One,Charlton,1,1,1,1,2,4,1,1,3,3,3,6,4,6,7,10
England - League One,Cheltenham,1,1,2,3,2,4,0,3,1,3,1,2,5,8,2,8
England - League One,Derby County,1,2,3,1,8,4,2,1,1,2,8,2,12,7,11,5
England - League One,Exeter City,2,3,2,2,0,7,1,1,3,4,2,9,4,12,6,14
England - League One,Fleetwood,2,5,3,3,2,7,0,2,2,2,3,2,7,15,5,6
England - League One,Leyton Orient,1,4,1,1,2,2,5,4,0,2,6,1,4,7,11,7
England - League One,Lincoln City,2,2,3,2,2,1,1,2,0,3,4,7,7,5,5,12
England - League One,Northampton,0,4,4,3,1,2,2,1,2,5,3,4,5,9,7,10
England - League One,Oxford Utd,2,3,4,3,4,3,4,2,3,2,3,5,10,9,10,9
England - League One,Peterborough,2,2,2,2,3,3,4,5,3,1,7,3,7,7,14,9
England - League One,Port Vale,0,1,2,3,1,2,4,7,1,3,3,6,3,6,8,16
England - League One,Portsmouth,3,0,3,3,7,0,3,1,2,1,4,3,13,3,9,5
England - League One,Reading,2,2,1,4,5,7,1,2,2,4,2,7,8,13,5,13
England - League One,Shrewsbury,0,0,0,6,2,3,0,3,0,4,1,5,2,9,1,12
England - League One,Stevenage,3,3,4,0,4,4,2,3,3,2,4,3,11,7,9,8
England - League One,Wigan Athletic,3,3,2,3,5,4,0,4,3,2,4,3,10,10,7,9
England - League One,Wycombe,1,0,3,2,3,2,2,1,3,4,2,8,7,4,7,13
England - National League,AFC Fylde,5,2,2,5,4,4,1,5,1,1,4,9,11,11,6,15
England - National League,Aldershot Town,1,4,1,2,3,7,3,2,6,6,3,6,5,13,12,14
England - National League,Altrincham,3,4,1,2,5,2,2,3,3,4,4,5,9,8,9,12
England - National League,Barnet,5,3,6,2,2,2,2,4,6,2,5,8,13,7,13,14
England - National League,Boreham Wood,0,3,4,7,3,5,4,2,5,6,1,4,7,15,10,12
England - National League,Bromley,4,0,1,1,2,2,4,6,5,3,3,3,7,3,12,12
England - National League,Chesterfield,3,3,4,3,6,0,4,1,1,4,6,4,13,6,11,9
England - National League,Dagenham & R.,2,2,0,1,5,2,2,3,2,2,6,5,7,5,10,10
England - National League,Dorking,2,2,1,4,1,6,2,2,3,3,5,6,4,12,10,11
England - National League,Eastleigh,0,4,5,2,2,3,7,3,2,6,2,8,7,9,11,17
England - National League,Ebbsfleet Utd,4,5,3,3,2,8,1,6,2,6,6,8,9,16,9,20
England - National League,Gateshead FC,0,2,3,2,5,1,6,3,7,2,4,4,8,5,17,9
England - National League,Halifax Town,0,1,3,2,3,3,2,1,5,1,2,4,6,6,9,6
England - National League,Hartlepool,5,5,4,3,4,4,3,4,1,4,5,8,13,12,9,16
England - National League,Kidderminster,2,1,0,8,3,3,1,4,0,1,4,3,5,12,5,8
England - National League,Maidenhead Utd,2,1,5,2,1,4,3,5,2,3,3,8,8,7,8,16
England - National League,Oldham,1,4,5,2,1,2,1,3,8,4,5,7,7,8,14,14
England - National League,Oxford City,3,5,3,4,1,8,4,3,1,3,5,4,7,17,10,10
England - National League,Rochdale,3,0,3,1,3,5,4,7,3,3,5,6,9,6,12,16
England - National League,Solihull Moors,2,2,1,0,5,5,7,3,2,7,3,5,8,7,12,15
England - National League,Southend Utd,2,2,4,4,1,2,3,3,3,2,1,4,7,8,7,9
England - National League,Wealdstone,2,2,1,1,1,2,2,3,2,7,3,2,4,5,7,12
England - National League,Woking,2,2,2,5,2,1,4,2,2,1,3,3,6,8,9,6
England - National League,York City,1,1,3,2,2,3,1,6,2,3,5,7,6,6,8,16
FaroeIslands - Premier League,07 Vestur,2,1,3,2,3,3,4,1,4,5,6,8,8,6,14,14
FaroeIslands - Premier League,AB Argir,1,8,1,5,2,12,1,5,2,4,2,8,4,25,5,17
FaroeIslands - Premier League,B36 Torshavn,3,1,6,2,4,2,4,2,6,3,3,5,13,5,13,10
FaroeIslands - Premier League,B68 Toftir,4,2,0,8,3,3,2,2,1,1,3,6,7,13,6,9
FaroeIslands - Premier League,HB Torshavn,7,0,4,3,2,2,4,3,7,1,5,1,13,5,16,5
FaroeIslands - Premier League,IF Fuglafjordur,1,3,0,2,1,11,2,4,3,4,1,9,2,16,6,17
FaroeIslands - Premier League,Klaksvik,7,3,2,0,9,2,5,3,8,2,6,0,18,5,19,5
FaroeIslands - Premier League,Streymur,3,8,2,1,3,4,1,4,1,5,2,9,8,13,4,18
FaroeIslands - Premier League,TB Tvoroyri,0,5,1,2,1,5,0,8,0,6,3,8,2,12,3,22
FaroeIslands - Premier League,Vikingur,6,1,3,2,6,5,7,2,5,3,5,2,15,8,17,7
Finland - Veikkausliiga,Haka,0,3,3,6,4,5,2,3,1,4,1,4,7,14,4,11
Finland - Veikkausliiga,HJK Helsinki,2,4,3,1,2,1,4,4,5,0,7,7,7,6,16,11
Finland - Veikkausliiga,Honka,1,3,1,4,3,1,2,7,3,0,2,2,5,8,7,9
Finland - Veikkausliiga,Ilves,1,2,3,2,3,2,3,2,4,5,6,2,7,6,13,9
Finland - Veikkausliiga,Inter Turku,4,2,5,5,3,4,0,3,3,5,2,5,12,11,5,13
Finland - Veikkausliiga,KTP,0,6,2,5,2,1,2,6,3,3,1,2,4,12,6,11
Finland - Veikkausliiga,KuPS,4,2,2,0,2,2,8,2,3,3,3,1,8,4,14,6
Finland - Veikkausliiga,Lahti,0,2,0,4,1,5,3,2,3,2,2,2,1,11,8,6
Finland - Veikkausliiga,Mariehamn,4,2,2,4,4,5,2,5,2,1,5,6,10,11,9,12
Finland - Veikkausliiga,Oulu,0,3,2,6,2,2,3,5,4,4,9,2,4,11,16,11
Finland - Veikkausliiga,SJK,1,0,3,2,3,1,3,3,5,1,1,5,7,3,9,9
Finland - Veikkausliiga,VPS,4,4,4,1,4,1,3,0,3,2,2,5,12,6,8,7
Finland - Ykkonen,Ekenas IF,1,4,3,1,5,1,1,1,3,1,10,3,9,6,14,5
Finland - Ykkonen,Gnistan,3,4,2,1,4,2,4,3,2,2,9,1,9,7,15,6
Finland - Ykkonen,HIFK,2,3,2,4,3,3,2,2,2,5,7,5,7,10,11,12
Finland - Ykkonen,JaPS,2,0,2,1,3,6,4,3,1,2,2,6,7,7,7,11
Finland - Ykkonen,Jaro,0,4,1,1,2,4,3,3,2,5,3,6,3,9,8,14
Finland - Ykkonen,JJK,0,7,3,2,3,4,2,7,1,8,3,6,6,13,6,21
Finland - Ykkonen,KaPa,3,5,4,5,3,5,5,4,2,8,3,6,10,15,10,18
Finland - Ykkonen,KPV Kokkola,2,3,3,5,0,1,2,3,1,8,4,6,5,9,7,17
Finland - Ykkonen,Mikkelin,2,1,3,1,5,4,0,2,6,2,4,6,10,6,10,10
Finland - Ykkonen,SalPa,3,4,3,3,2,4,0,2,1,4,3,1,8,11,4,7
Finland - Ykkonen,SJK Akatemia,3,6,3,4,2,5,6,4,4,7,3,3,8,15,13,14
Finland - Ykkonen,TPS,2,2,3,2,3,5,2,4,1,2,4,7,8,9,7,13
Finland - Kakkonen,Atlantis B,1,2,1,0,1,2,1,0,3,2,1,0,3,4,5,2
Finland - Kakkonen,Futura,1,6,0,3,3,4,2,5,1,1,1,8,4,13,4,14
Finland - Kakkonen,JIPPO,4,3,2,0,0,0,2,0,2,0,4,2,6,3,8,2
Finland - Kakkonen,Kiffen,1,3,1,1,2,0,0,2,1,0,1,2,4,4,2,4
Finland - Kakkonen,Klubi-04,3,0,2,0,1,0,1,0,2,0,4,1,6,0,7,1
Finland - Kakkonen,NJS,2,0,2,0,4,1,2,4,0,3,2,3,8,1,4,10
Finland - Kakkonen,PEPO,1,3,3,4,2,3,3,3,0,4,4,5,6,10,7,12
Finland - Kakkonen,PK-35,2,0,3,2,3,2,1,0,1,2,5,2,8,4,7,4
Finland - Kakkonen,PKKU,2,1,1,3,3,1,1,3,2,2,5,6,6,5,8,11
Finland - Kakkonen,PPJ,3,3,4,0,0,1,4,1,3,3,3,3,7,4,10,7
Finland - Kakkonen,Reipas,1,1,0,1,2,1,2,0,2,0,0,2,3,3,4,2
Finland - Kakkonen,TiPS,0,2,1,2,1,1,0,3,1,4,1,6,2,5,2,13
France - Ligue 1,Brest,0,2,2,2,0,0,5,2,2,2,1,0,2,4,8,4
France - Ligue 1,Clermont,2,4,0,3,3,2,1,2,0,0,1,2,5,9,2,4
France - Ligue 1,Le Havre,1,1,0,5,1,0,1,3,1,0,3,2,2,6,5,5
France - Ligue 1,Lens,2,0,2,1,0,3,1,3,0,0,2,4,4,4,3,7
France - Ligue 1,Lille,0,2,2,1,4,1,2,0,1,4,1,2,6,4,4,6
France - Ligue 1,Lorient,1,0,1,5,0,3,1,3,1,3,3,4,2,8,5,10
France - Ligue 1,Lyon,1,0,0,3,0,1,0,2,2,4,2,1,1,4,4,7
France - Ligue 1,Marseille,5,4,2,1,2,3,1,3,0,2,1,3,9,8,2,8
France - Ligue 1,Metz,2,1,1,2,1,5,0,4,3,1,2,5,4,8,5,10
France - Ligue 1,Monaco,0,5,5,1,3,3,4,3,3,2,3,3,8,9,10,8
France - Ligue 1,Montpellier,1,3,2,0,3,1,0,1,2,5,2,1,6,4,4,7
France - Ligue 1,Nantes,1,2,0,2,1,1,4,2,0,3,0,6,2,5,4,11
France - Ligue 1,Nice,1,1,1,2,0,1,1,1,3,0,2,2,2,4,6,3
France - Ligue 1,Paris SG,2,0,4,0,4,1,2,2,2,1,3,2,10,1,7,5
France - Ligue 1,Reims,3,2,2,1,2,2,3,3,1,4,1,2,7,5,5,9
France - Ligue 1,Rennes,0,4,1,0,0,2,2,0,0,1,2,1,1,6,4,2
France - Ligue 1,Strasbourg,1,2,0,2,0,5,1,2,0,1,4,1,1,9,5,4
France - Ligue 1,Toulouse,0,2,1,3,1,1,0,2,2,2,1,4,2,6,3,8
France - Ligue 2,AC Ajaccio,1,1,1,2,1,4,1,0,1,1,0,4,3,7,2,5
France - Ligue 2,Amiens,1,2,1,2,1,2,1,4,1,1,0,0,3,6,2,5
France - Ligue 2,Angers,1,3,2,2,6,0,3,4,1,2,3,3,9,5,7,9
France - Ligue 2,Annecy,0,1,3,3,2,1,2,2,0,2,1,3,5,5,3,7
France - Ligue 2,Auxerre,1,0,5,3,4,1,3,2,6,2,2,3,10,4,11,7
France - Ligue 2,Bordeaux,2,4,0,4,1,1,0,2,1,3,5,1,3,9,6,6
France - Ligue 2,Caen,1,3,0,4,4,1,1,0,2,2,6,6,5,8,9,8
France - Ligue 2,Concarneau,1,1,2,0,3,2,1,0,1,2,1,6,6,3,3,8
France - Ligue 2,Grenoble,1,1,1,3,2,2,5,0,1,0,3,3,4,6,9,3
France - Ligue 2,Guingamp,0,0,0,2,3,2,3,0,2,1,3,4,3,4,8,5
France - Ligue 2,Laval,2,1,1,2,2,0,4,1,0,0,2,2,5,3,6,3
France - Ligue 2,Paris FC,1,0,0,1,1,2,2,2,4,4,1,2,2,3,7,8
France - Ligue 2,Pau FC,1,2,3,1,0,4,3,3,3,3,3,3,4,7,9,9
France - Ligue 2,Quevilly Rouen,2,2,4,3,3,3,3,4,1,1,1,4,9,8,5,9
France - Ligue 2,Rodez Aveyron,2,2,2,4,2,5,0,2,3,2,3,3,6,11,6,7
France - Ligue 2,Saint-Etienne,1,1,1,2,1,3,2,0,1,1,3,3,3,6,6,4
France - Ligue 2,SC Bastia,3,2,0,1,1,2,0,2,2,2,3,3,4,5,5,7
France - Ligue 2,Troyes,3,0,2,2,1,0,2,3,1,2,1,5,6,2,4,10
France - Ligue 2,USL Dunkerque,0,3,2,0,1,0,2,3,1,2,3,5,3,3,6,10
France - Ligue 2,Valenciennes,2,2,0,2,1,4,2,0,0,1,1,5,3,8,3,6
France - National,Avranches,0,3,2,1,0,4,2,3,2,6,2,3,2,8,6,12
France - National,Chateauroux,1,2,2,2,2,3,2,5,1,2,3,2,5,7,6,9
France - National,Cholet,3,1,0,3,0,3,0,3,1,1,1,5,3,7,2,9
France - National,Dijon,1,2,1,0,0,3,0,1,1,1,0,3,2,5,1,5
France - National,Epinal,2,4,3,3,2,3,0,3,1,2,1,4,7,10,2,9
France - National,G. O. A. L.,2,1,2,2,1,2,2,2,1,0,2,3,5,5,5,5
France - National,Le Mans,2,3,1,3,2,2,3,2,2,1,2,1,5,8,7,4
France - National,Marignane G.,0,0,1,2,1,1,0,4,1,1,1,4,2,3,2,9
France - National,Martigues,2,1,0,1,0,1,0,0,1,0,2,1,2,3,3,1
France - National,Nancy,0,2,0,0,2,2,2,1,1,0,1,1,2,4,4,2
France - National,Nimes,0,4,2,1,1,1,1,0,1,1,0,6,3,6,2,7
France - National,Niort,1,5,1,2,0,3,3,0,1,1,3,2,2,10,7,3
France - National,Orleans,1,1,0,2,2,3,1,2,2,1,2,3,3,6,5,6
France - National,Red Star,2,1,2,2,2,4,3,2,2,4,2,0,6,7,7,6
France - National,Rouen,0,2,1,1,3,1,1,3,1,0,6,1,4,4,8,4
France - National,Sochaux,2,4,2,1,2,2,0,3,1,2,7,0,6,7,8,5
France - National,Versailles,1,0,2,1,0,0,1,3,0,0,2,1,3,1,3,4
France - National,Villefranche,3,2,1,1,0,3,0,0,2,2,3,2,4,6,5,4
Georgia - Erovnuli Liga,Dila Gori,5,3,4,4,2,3,3,1,6,2,2,6,11,10,11,9
Georgia - Erovnuli Liga,Dinamo Batumi,7,4,4,4,11,2,6,5,8,2,6,6,22,10,20,13
Georgia - Erovnuli Liga,Dinamo Tbilisi,4,3,1,5,11,6,13,2,4,7,12,4,16,14,29,13
Georgia - Erovnuli Liga,Gagra,4,6,4,3,4,9,4,5,2,4,5,6,12,18,11,15
Georgia - Erovnuli Liga,Saburtalo,4,2,4,5,4,5,5,5,2,5,5,9,12,12,12,19
Georgia - Erovnuli Liga,Samgurali,1,4,2,7,4,7,6,4,4,5,9,7,7,18,19,16
Georgia - Erovnuli Liga,Samtredia,4,3,4,2,4,3,5,1,5,7,5,11,12,8,15,19
Georgia - Erovnuli Liga,Shukura,4,10,2,6,3,8,2,11,2,9,5,11,9,24,9,31
Georgia - Erovnuli Liga,Telavi,2,5,0,6,4,7,2,4,4,8,3,9,6,18,9,21
Georgia - Erovnuli Liga,Torpedo Kutaisi,1,2,2,2,4,5,3,2,5,1,5,5,7,9,13,8
Germany - Bundesliga,Bayern Munich,4,1,2,3,3,4,3,2,3,0,4,0,9,8,10,2
Germany - Bundesliga,Bochum,1,2,1,4,1,9,1,2,1,3,1,4,3,15,3,9
Germany - Bundesliga,Darmstadt,0,1,4,3,0,4,4,4,1,8,1,5,4,8,6,17
Germany - Bundesliga,Dortmund,2,2,1,3,4,3,3,0,0,1,4,2,7,8,7,3
Germany - Bundesliga,E. Frankfurt,3,2,1,1,1,3,1,4,2,1,3,1,5,6,6,6
Germany - Bundesliga,FC Augsburg,0,3,2,5,3,4,0,1,1,3,2,1,5,12,3,5
Germany - Bundesliga,FC Koln,0,1,0,2,2,5,2,1,0,3,0,6,2,8,2,10
Germany - Bundesliga,Freiburg,1,3,0,3,3,1,0,3,4,2,0,5,4,7,4,10
Germany - Bundesliga,FSV Mainz,1,4,1,3,2,1,1,2,2,1,1,5,4,8,4,8
Germany - Bundesliga,Heidenheim,1,6,0,2,2,3,1,1,3,4,1,2,3,11,5,7
Germany - Bundesliga,Hoffenheim,3,0,5,2,2,1,2,3,1,5,4,2,10,3,7,10
Germany - Bundesliga,Leverkusen,3,1,3,0,3,2,3,2,3,0,2,1,9,3,8,3
Germany - Bundesliga,Monchengladbach,2,4,6,3,4,5,1,1,2,3,3,7,12,12,6,11
Germany - Bundesliga,RB Leipzig,1,1,1,1,2,3,4,0,3,3,3,3,4,5,10,6
Germany - Bundesliga,Stuttgart,1,1,1,1,2,0,1,2,1,6,5,2,4,2,7,10
Germany - Bundesliga,Union Berlin,2,2,1,3,3,2,0,5,1,3,0,2,6,7,1,10
Germany - Bundesliga,Werder Bremen,2,2,0,2,0,3,1,3,3,4,2,2,2,7,6,9
Germany - Bundesliga,Wolfsburg,0,0,0,3,5,3,0,2,3,5,0,5,5,6,3,12
Germany - 2. Bundesliga,Braunschweig,0,1,0,6,0,5,2,0,1,2,2,2,0,12,5,4
Germany - 2. Bundesliga,Dusseldorf,4,0,1,1,5,2,2,2,4,0,4,1,10,3,10,3
Germany - 2. Bundesliga,Elversberg,3,2,4,3,2,3,1,2,3,5,2,1,9,8,6,8
Germany - 2. Bundesliga,FC Nurnberg,1,2,1,4,6,1,0,3,3,2,3,7,8,7,6,12
Germany - 2. Bundesliga,Greuther Furth,2,1,1,3,1,3,2,1,1,4,1,1,4,7,4,6
Germany - 2. Bundesliga,Hamburger SV,2,4,0,4,0,1,2,3,6,0,5,4,2,9,13,7
Germany - 2. Bundesliga,Hannover 96,3,0,4,2,0,3,2,3,0,2,2,5,7,5,4,10
Germany - 2. Bundesliga,Hansa Rostock,0,2,2,2,1,3,1,2,0,2,3,3,3,7,4,7
Germany - 2. Bundesliga,Hertha Berlin,2,1,3,1,4,3,3,6,0,3,2,5,9,5,5,14
Germany - 2. Bundesliga,Holstein Kiel,1,2,4,1,2,1,5,1,0,1,2,1,7,4,7,3
Germany - 2. Bundesliga,Kaiserslautern,2,1,3,2,3,4,1,4,1,6,1,2,8,7,3,12
Germany - 2. Bundesliga,Karlsruher SC,6,4,1,2,3,2,1,3,0,3,2,3,10,8,3,9
Germany - 2. Bundesliga,Magdeburg,1,2,4,0,0,2,2,3,3,5,2,1,5,4,7,9
Germany - 2. Bundesliga,Osnabruck,0,1,0,3,2,2,0,5,0,8,3,3,2,6,3,16
Germany - 2. Bundesliga,Paderborn,3,2,4,0,1,7,2,5,2,2,2,2,8,9,6,9
Germany - 2. Bundesliga,Sankt Pauli,2,2,4,0,1,0,3,0,2,1,1,5,7,2,6,6
Germany - 2. Bundesliga,Schalke 04,0,1,2,6,2,2,2,5,4,2,3,6,4,9,9,13
Germany - 2. Bundesliga,Wehen Wiesbaden,2,1,2,2,1,1,1,4,1,2,4,3,5,4,6,9
Germany - 3. Liga,1860 Munchen,1,3,3,1,2,4,2,1,1,2,2,6,6,8,5,9
Germany - 3. Liga,Bielefeld,1,2,1,2,2,3,1,1,2,4,4,3,4,7,7,8
Germany - 3. Liga,Dortmund B,3,1,0,3,2,3,2,2,2,2,1,0,5,7,5,4
Germany - 3. Liga,Dynamo Dresden,2,0,1,3,4,3,4,1,0,1,6,3,7,6,10,5
Germany - 3. Liga,Erzgebirge Aue,0,2,2,3,2,3,0,5,4,2,3,2,4,8,7,9
Germany - 3. Liga,FC Ingolstadt,1,4,4,2,1,0,2,1,5,4,1,5,6,6,8,10
Germany - 3. Liga,Freiburg B,1,4,2,3,5,7,1,3,2,1,0,4,8,14,3,8
Germany - 3. Liga,Hallescher,3,5,4,4,1,5,5,2,1,4,2,5,8,14,8,11
Germany - 3. Liga,Mannheim,0,2,1,2,1,2,1,5,1,3,2,5,2,6,4,13
Germany - 3. Liga,MSV Duisburg,0,2,1,2,1,2,1,2,1,0,0,2,2,6,2,4
Germany - 3. Liga,Preuss. Munster,2,2,1,1,2,1,1,4,1,3,4,3,5,4,6,10
Germany - 3. Liga,Regensburg,2,0,0,3,1,0,1,2,5,1,7,2,3,3,13,5
Germany - 3. Liga,RW Essen,0,1,2,4,0,2,2,2,2,0,3,3,2,7,7,5
Germany - 3. Liga,Saarbrucken,2,1,3,2,3,3,3,1,3,2,4,2,8,6,10,5
Germany - 3. Liga,Sandhausen,1,3,4,0,2,1,1,3,2,3,1,4,7,4,4,10
Germany - 3. Liga,Ulm,4,5,0,2,4,3,1,3,6,0,3,5,8,10,10,8
Germany - 3. Liga,Unterhaching,2,1,2,1,3,2,0,1,0,3,1,3,7,4,1,7
Germany - 3. Liga,Verl,1,4,1,0,4,3,4,4,5,2,4,4,6,7,13,10
Germany - 3. Liga,VfB Lubeck,1,1,4,1,0,5,2,0,1,3,2,8,5,7,5,11
Germany - 3. Liga,Viktoria Koln,1,2,1,3,5,3,4,5,2,2,3,4,7,8,9,11
Greece - Super League,AEK Athens,3,3,1,0,5,2,1,0,1,2,3,3,9,5,5,5
Greece - Super League,Aris,2,0,0,2,1,3,2,2,2,3,0,2,3,5,4,7
Greece - Super League,Asteras T.,3,0,2,2,2,0,1,3,1,1,1,2,7,2,3,6
Greece - Super League,Atromitos,2,2,1,1,0,9,1,4,1,1,4,3,3,12,6,8
Greece - Super League,Kifisia,0,1,0,4,0,3,0,2,2,3,1,5,0,8,3,10
Greece - Super League,Lamia,0,1,0,2,0,3,2,3,1,4,3,4,0,6,6,11
Greece - Super League,OFI Crete,0,2,3,2,0,4,0,1,1,3,0,5,3,8,1,9
Greece - Super League,Olympiakos,1,1,2,2,2,0,2,1,2,0,2,0,5,3,6,1
Greece - Super League,Panaitolikos,1,1,2,4,0,4,0,2,0,2,2,3,3,9,2,7
Greece - Super League,Panathinaikos,2,1,0,0,4,2,1,1,5,3,6,0,6,3,12,4
Greece - Super League,Panserraikos,4,2,1,2,1,2,0,3,1,5,1,10,6,6,2,18
Greece - Super League,PAOK,2,0,2,2,4,1,4,1,3,1,4,4,8,3,11,6
Greece - Super League,PAS Giannina,2,5,4,2,0,4,0,2,1,2,2,2,6,11,3,6
Greece - Super League,Volos,0,1,0,0,1,6,2,4,1,3,1,1,1,7,4,8
Hong Kong - Premier League,Eastern,0,0,0,0,1,0,1,1,0,0,1,0,1,0,2,1
Hong Kong - Premier League,HK Rangers,3,3,2,0,5,1,2,1,3,1,2,3,10,4,7,5
Hong Kong - Premier League,HK U23,0,0,0,3,0,3,0,3,2,2,0,3,0,6,2,8
Hong Kong - Premier League,Hong Kong FC,0,1,2,5,0,0,1,1,0,1,1,3,2,6,2,5
Hong Kong - Premier League,Kitchee,1,0,1,1,2,1,0,1,0,0,0,3,4,2,0,4
Hong Kong - Premier League,LM Warriors,3,0,0,1,3,0,0,1,0,0,0,1,6,1,0,2
Hong Kong - Premier League,North District,2,1,0,0,1,0,1,0,1,1,3,1,3,1,5,2
Hong Kong - Premier League,Resources C.,2,3,0,4,0,3,0,0,1,1,1,5,2,10,2,6
Hong Kong - Premier League,Sham Shui Po,1,2,0,2,0,3,1,3,0,4,1,5,1,7,2,12
Hong Kong - Premier League,Southern D.,0,1,3,1,3,0,1,1,0,2,1,1,6,2,2,4
Hong Kong - Premier League,Wofoo Tai Po,0,0,0,0,1,1,0,0,0,2,0,0,1,1,0,2
Hungary - NB I,Debrecen,0,4,2,1,2,5,2,0,3,1,0,3,4,10,5,4
Hungary - NB I,Diosgyor VTK,1,2,1,2,2,2,2,3,2,1,3,6,4,6,7,10
Hungary - NB I,Ferencvaros,3,4,4,2,3,2,2,3,8,1,5,1,10,8,15,5
Hungary - NB I,Kecskemeti TE,1,4,0,2,1,1,2,3,1,6,4,3,2,7,7,12
Hungary - NB I,Kisvarda,4,1,0,3,1,6,1,3,2,0,0,7,5,10,3,10
Hungary - NB I,Mezokovesd,0,0,2,1,1,3,0,1,1,1,2,6,3,4,3,8
Hungary - NB I,MOL Fehervar,0,3,0,0,1,3,2,1,1,3,3,0,1,6,6,4
Hungary - NB I,MTK,3,3,2,1,1,4,0,2,5,0,1,4,6,8,6,6
Hungary - NB I,Paks,0,3,2,4,5,6,2,1,4,2,0,0,7,13,6,3
Hungary - NB I,Puskas Akad.,3,3,2,0,1,3,2,1,3,1,5,3,6,6,10,5
Hungary - NB I,Ujpest,1,0,0,5,1,4,2,2,1,4,2,6,2,9,5,12
Hungary - NB I,Zalaegerszegi,0,1,0,0,1,3,2,2,4,4,4,5,1,4,10,11
Iceland - Urvalsdeild,Breidablik,6,0,4,3,5,8,1,4,3,3,3,6,15,11,7,13
Iceland - Urvalsdeild,Fram,1,6,0,7,4,5,5,8,1,1,4,10,5,18,10,19
Iceland - Urvalsdeild,Fylkir,0,4,1,2,3,3,1,4,6,4,6,6,4,9,13,14
Iceland - Urvalsdeild,Hafnarfjordur,2,7,2,2,5,3,4,3,2,7,6,9,9,12,12,19
Iceland - Urvalsdeild,HK Kopavogur,6,6,1,3,3,8,3,6,2,7,5,2,10,17,10,15
Iceland - Urvalsdeild,IBV,1,5,3,5,2,3,1,6,5,7,3,7,6,13,9,20
Iceland - Urvalsdeild,KA Akureyri,1,2,1,5,5,2,3,7,5,4,2,5,7,9,10,16
Iceland - Urvalsdeild,Keflavik,0,3,1,5,2,5,3,4,4,5,2,8,3,13,9,17
Iceland - Urvalsdeild,KR Reykjavik,3,5,2,5,2,5,4,4,5,4,3,9,7,15,12,17
Iceland - Urvalsdeild,Stjarnan,4,1,0,4,2,3,3,3,2,1,7,5,6,8,12,9
Iceland - Urvalsdeild,Valur,3,0,6,2,7,2,9,8,5,2,4,4,16,4,18,14
Iceland - Urvalsdeild,Vikingur R.,6,6,5,1,5,2,3,3,4,1,8,4,16,9,15,8
Iceland - 1. Deild,AEggir,1,4,2,6,3,2,1,9,2,2,4,15,6,12,7,26
Iceland - 1. Deild,Afturelding,2,0,6,4,3,4,4,3,3,1,8,5,11,8,15,9
Iceland - 1. Deild,Fjolnir,2,3,4,2,5,4,0,3,2,0,6,4,11,9,8,7
Iceland - 1. Deild,Grindavik,2,4,2,2,4,3,3,3,0,5,2,8,8,9,5,16
Iceland - 1. Deild,Grotta,4,1,0,4,2,4,1,3,2,5,3,4,6,9,6,12
Iceland - 1. Deild,IA Akranes,7,0,3,2,4,2,3,2,8,3,4,6,14,4,15,11
Iceland - 1. Deild,Leiknir R.,3,3,3,4,4,2,6,3,2,3,7,3,10,9,15,9
Iceland - 1. Deild,Njardv√≠k,5,2,3,2,3,7,0,7,0,6,4,2,11,11,4,15
Iceland - 1. Deild,Selfoss,1,9,5,1,1,5,4,3,1,4,5,5,7,15,10,12
Iceland - 1. Deild,Thor Akureyri,0,2,3,1,1,4,0,4,2,5,2,8,4,7,4,17
Iceland - 1. Deild,Throttur R.,4,3,2,6,4,4,3,4,2,6,3,4,10,13,8,14
Iceland - 1. Deild,Vestri,5,2,1,2,3,2,1,1,6,5,2,3,9,6,9,9
Ireland - Premier Division,Bohemians,0,1,3,2,0,2,3,4,2,1,8,9,3,5,13,14
Ireland - Premier Division,Cork City,1,4,2,5,6,7,2,8,2,5,2,15,9,16,6,28
Ireland - Premier Division,Derry City,4,2,3,2,8,1,5,2,5,4,3,5,15,5,13,11
Ireland - Premier Division,Drogheda Utd,2,4,3,4,4,5,3,5,5,2,3,13,9,13,11,20
Ireland - Premier Division,Dundalk,0,4,2,3,4,3,1,4,5,3,9,5,6,10,15,12
Ireland - Premier Division,Shamrock Rovers,0,0,6,0,3,0,6,0,4,4,5,5,9,0,15,9
Ireland - Premier Division,Shelbourne,3,0,3,0,3,3,4,3,6,4,3,2,9,3,13,9
Ireland - Premier Division,Sligo Rovers,1,4,5,3,3,4,2,7,2,8,4,5,9,11,8,20
Ireland - Premier Division,St. Patricks,3,5,6,5,7,2,3,3,2,4,6,9,16,12,11,16
Ireland - Premier Division,UC Dublin,2,6,1,9,1,11,1,10,2,14,2,6,4,26,5,30
Ireland - First Division,Athlone Town,5,8,5,4,6,5,2,6,7,9,4,6,16,17,13,21
Ireland - First Division,Bray Wanderers,2,6,5,5,2,5,2,3,5,7,6,5,9,16,13,15
Ireland - First Division,Cobh Ramblers,2,3,5,5,2,6,3,8,8,4,7,5,9,14,18,17
Ireland - First Division,Finn Harps,2,6,2,8,4,7,3,7,1,10,7,8,8,21,11,25
Ireland - First Division,Galway Utd,3,3,6,2,8,4,5,2,10,1,8,1,17,9,23,4
Ireland - First Division,Kerry,1,8,4,5,1,9,4,6,2,9,4,10,6,22,10,25
Ireland - First Division,Longford Town,1,4,4,3,4,4,2,7,4,3,5,3,9,11,11,13
Ireland - First Division,Treaty Utd,1,4,4,2,3,7,3,4,7,2,4,9,8,13,14,15
Ireland - First Division,Waterford,8,1,5,2,3,2,5,4,10,3,7,1,16,5,22,8
Ireland - First Division,Wexford,6,4,3,1,4,6,3,2,6,3,4,4,13,11,13,9
Israel - Ligat HaAl,Ashdod,0,0,0,0,0,0,0,2,0,4,2,6,0,0,2,12
Israel - Ligat HaAl,B. Jerusalem,3,0,1,2,2,0,1,3,1,2,1,2,6,2,3,7
Israel - Ligat HaAl,Bnei Sakhnin,3,1,2,1,1,4,0,2,1,1,4,3,6,6,5,6
Israel - Ligat HaAl,H. Beer Sheva,2,3,1,0,0,3,3,1,5,0,3,3,3,6,11,4
Israel - Ligat HaAl,H. Jerusalem,0,2,1,0,2,1,0,3,1,2,1,3,3,3,2,8
Israel - Ligat HaAl,H. Petah Tikva,0,2,0,4,0,2,1,1,0,3,3,4,0,8,4,8
Israel - Ligat HaAl,Hapoel Hadera,0,1,0,3,0,0,1,2,1,1,1,0,0,4,3,3
Israel - Ligat HaAl,Hapoel Haifa,0,1,1,1,2,0,2,1,1,1,1,3,3,2,4,5
Israel - Ligat HaAl,Hapoel Tel Aviv,1,2,1,0,2,0,2,2,1,1,1,1,4,2,4,4
Israel - Ligat HaAl,M. Bnei Raina,0,0,0,1,4,2,1,0,1,1,1,0,4,3,3,1
Israel - Ligat HaAl,M. Petah Tikva,1,3,1,1,0,5,2,4,1,0,1,4,2,9,4,8
Israel - Ligat HaAl,M. Tel Aviv,2,0,1,1,5,1,6,1,4,0,3,2,8,2,13,3
Israel - Ligat HaAl,Maccabi Haifa,1,2,2,0,7,4,3,1,2,0,2,2,10,6,7,3
Israel - Ligat HaAl,Maccabi Netanya,0,1,2,2,3,0,1,2,0,1,5,5,5,3,6,8
Israel - Leumit League,Bnei Yehuda,0,1,0,0,2,0,2,2,1,0,0,2,2,1,3,4
Israel - Leumit League,H. Ironi Rishon,0,1,2,1,1,0,0,0,0,0,0,1,3,2,0,1
Israel - Leumit League,H. Kfar Saba,0,0,0,1,0,0,2,1,0,0,0,0,0,1,2,1
Israel - Leumit League,H. Nof Hagalil,1,0,0,1,2,1,0,0,1,1,0,3,3,2,1,4
Israel - Leumit League,H. Ramat Gan,3,0,1,0,1,1,0,0,0,1,0,2,5,1,0,3
Israel - Leumit League,H. Umm al-Fahm,1,0,0,0,0,0,1,0,1,1,1,1,1,0,3,2
Israel - Leumit League,Hapoel Afula,0,1,0,0,2,4,0,1,0,2,2,2,2,5,2,5
Israel - Leumit League,Hapoel Akko,0,0,0,0,0,0,0,1,0,0,0,1,0,0,0,2
Israel - Leumit League,Ihud B. Shfaram,0,0,2,0,2,1,0,0,1,3,0,4,4,1,1,7
Israel - Leumit League,Ironi Tiberias,0,1,0,1,0,1,2,1,1,0,0,2,0,3,3,3
Israel - Leumit League,Kafr Qasim,0,0,0,0,0,1,0,0,2,0,0,1,0,1,2,1
Israel - Leumit League,Kiryat Shmona,1,1,0,1,0,0,0,0,1,0,2,2,1,2,3,2
Israel - Leumit League,M. Herziliya,0,2,0,0,0,1,1,1,0,1,2,2,0,3,3,4
Israel - Leumit League,Maccabi Jaffa,0,3,0,0,1,1,3,2,1,1,1,1,1,4,5,4
Israel - Leumit League,Nes Tziona,0,0,1,1,0,3,3,2,0,2,0,4,1,4,3,8
Israel - Leumit League,Ramat Hasharon,2,0,2,1,0,0,0,0,1,1,3,1,4,1,4,2
Italy - Serie A,AC Milan,2,1,4,1,5,3,3,2,0,5,3,4,11,5,6,11
Italy - Serie A,AS Roma,0,2,3,1,0,3,3,2,1,1,2,4,3,6,6,7
Italy - Serie A,Atalanta,2,3,2,2,1,3,3,1,1,0,3,4,5,8,7,5
Italy - Serie A,Bologna,2,2,3,2,1,1,1,3,1,1,0,2,6,5,2,6
Italy - Serie A,Cagliari,0,2,1,1,0,1,0,3,2,3,2,6,1,4,4,12
Italy - Serie A,Empoli,0,2,1,2,0,3,0,3,1,2,3,4,1,7,4,9
Italy - Serie A,Fiorentina,4,1,1,1,2,2,1,3,2,2,2,1,7,4,5,6
Italy - Serie A,Frosinone,1,1,1,3,2,2,2,3,1,4,1,6,4,6,4,13
Italy - Serie A,Genoa,1,0,1,2,2,1,1,1,1,2,1,6,4,3,3,9
Italy - Serie A,Hellas Verona,0,2,0,2,1,2,1,0,2,4,2,2,1,6,5,6
Italy - Serie A,Inter Milan,0,0,2,1,5,1,3,0,4,1,5,0,7,2,12,1
Italy - Serie A,Juventus,4,1,4,0,1,1,0,2,1,0,4,3,9,2,5,5
Italy - Serie A,Lazio,1,1,4,1,2,1,1,3,2,3,0,3,7,3,3,9
Italy - Serie A,Lecce,1,1,1,2,0,2,1,3,3,1,2,4,2,5,6,8
Italy - Serie A,Monza,0,4,0,0,2,3,0,0,3,1,1,4,2,7,4,5
Italy - Serie A,Napoli,1,1,3,0,3,1,2,4,0,0,7,2,7,2,9,6
Italy - Serie A,Salernitana,2,3,1,3,1,3,2,4,0,0,0,5,4,9,2,9
Italy - Serie A,Sassuolo,3,2,4,2,0,3,1,3,3,3,2,5,7,7,6,11
Italy - Serie A,Torino,1,0,0,0,3,3,2,3,0,4,0,2,4,3,2,9
Italy - Serie A,Udinese,0,0,0,3,0,4,2,0,2,2,2,5,0,7,6,7
Italy - Serie B,Ascoli,2,1,1,3,2,1,2,5,0,2,1,4,5,5,3,11
Italy - Serie B,Bari,1,4,0,0,2,0,3,1,0,3,4,3,3,4,7,7
Italy - Serie B,Brescia,3,5,0,1,0,1,2,0,3,0,3,2,3,7,8,2
Italy - Serie B,Catanzaro,0,2,1,2,7,3,2,1,0,1,2,3,8,7,4,5
Italy - Serie B,Cittadella,1,3,1,2,1,1,1,1,1,1,3,0,3,6,5,2
Italy - Serie B,Como,3,1,1,2,2,1,2,3,2,3,1,0,6,4,5,6
Italy - Serie B,Cosenza,1,2,0,1,1,0,0,3,0,1,2,2,2,3,2,6
Italy - Serie B,Cremonese,1,1,2,3,3,0,0,1,4,2,5,2,6,4,9,5
Italy - Serie B,FeralpiSalo,2,2,1,3,0,3,4,4,1,3,1,5,3,8,6,12
Italy - Serie B,Lecco,1,1,3,3,1,1,0,3,2,2,1,3,5,5,3,8
Italy - Serie B,Modena,1,2,1,3,1,3,2,0,1,1,4,3,3,8,7,4
Italy - Serie B,Palermo,3,0,2,0,1,2,1,3,3,2,6,3,6,2,10,8
Italy - Serie B,Parma,3,1,4,1,2,1,4,2,2,2,4,2,9,3,10,6
Italy - Serie B,Pisa,2,1,1,1,1,2,4,2,1,2,0,3,4,4,5,7
Italy - Serie B,Reggiana,2,4,0,2,1,1,5,1,0,1,3,4,3,7,8,6
Italy - Serie B,Sampdoria,1,1,1,1,2,3,4,1,1,0,2,6,4,5,7,7
Italy - Serie B,Spezia,1,3,3,1,3,1,0,6,3,3,1,6,7,5,4,15
Italy - Serie B,Sudtirol,1,3,1,3,2,1,3,2,2,3,4,3,4,7,9,8
Italy - Serie B,Ternana,2,3,0,3,2,3,3,4,4,0,3,5,4,9,10,9
Italy - Serie B,Venezia,0,0,1,0,1,1,1,4,2,0,6,1,2,1,9,5
Japan - J1 League,Albirex Niigata,3,5,4,3,2,3,2,1,1,2,3,4,9,11,6,7
Japan - J1 League,Avispa Fukuoka,2,6,5,4,3,2,6,2,4,4,2,7,10,12,12,13
Japan - J1 League,C. Sapporo,5,5,4,2,7,4,3,6,5,9,7,9,16,11,15,24
Japan - J1 League,Cerezo Osaka,3,2,3,1,2,5,4,3,0,3,5,4,8,8,9,10
Japan - J1 League,FC Tokyo,2,3,3,5,1,5,2,3,1,2,2,4,6,13,5,9
Japan - J1 League,Gamba Osaka,2,5,3,4,5,8,3,8,1,7,2,7,10,17,6,22
Japan - J1 League,K. Frontale,2,4,4,4,4,3,2,7,4,3,6,3,10,11,12,13
Japan - J1 League,Kashima Antlers,5,2,3,3,4,7,1,2,2,3,5,2,12,12,8,7
Japan - J1 League,Kashiwa Reysol,0,2,4,2,5,4,2,5,3,1,1,8,9,8,6,14
Japan - J1 League,Kyoto Sanga,3,4,2,2,6,2,4,5,4,6,2,7,11,8,10,18
Japan - J1 League,Nagoya G.,4,6,2,3,3,1,4,1,3,3,2,9,9,10,9,13
Japan - J1 League,S. Hiroshima,3,0,0,3,1,1,3,5,3,4,6,2,4,4,12,11
Japan - J1 League,Sagan Tosu,2,0,3,2,4,4,3,7,7,2,6,6,9,6,16,15
Japan - J1 League,Shonan Bellmare,2,2,1,4,4,4,6,2,4,5,5,8,7,10,15,15
Japan - J1 League,Urawa RD,1,2,3,3,3,0,2,1,4,3,4,3,7,5,10,7
Japan - J1 League,Vissel Kobe,3,2,5,3,3,0,8,1,3,4,7,5,11,5,18,10
Japan - J1 League,Yokohama FC,3,6,1,6,3,5,0,4,3,6,5,7,7,17,8,17
Japan - J1 League,Yokohama M.,4,4,5,3,8,5,3,6,2,2,5,5,17,12,10,13
Japan - J2 League,Blaublitz Akita,1,4,2,3,4,7,4,3,2,3,10,5,7,14,16,11
Japan - J2 League,Fagiano Okayama,0,3,5,1,2,2,5,4,2,3,9,10,7,6,16,17
Japan - J2 League,Fujieda MYFC,6,5,4,8,8,8,2,6,6,4,6,7,18,21,14,17
Japan - J2 League,Iwaki,4,4,3,5,3,3,5,7,4,3,6,12,10,12,15,22
Japan - J2 League,JEF Utd Chiba,4,4,8,3,4,4,3,4,3,8,9,9,16,11,15,21
Japan - J2 League,Jubilo Iwata,9,2,2,1,5,4,5,4,3,3,7,5,16,7,15,12
Japan - J2 League,Kusatsu,2,4,3,5,3,6,6,5,7,5,5,7,8,15,18,17
Japan - J2 League,M. Yamagata,5,5,0,3,4,5,1,7,7,5,9,8,9,13,17,20
Japan - J2 League,Machida Zelvia,4,1,3,1,8,4,7,0,5,4,11,3,15,6,23,7
Japan - J2 League,Mito Hollyhock,3,3,4,3,3,10,3,2,1,7,5,5,10,16,9,14
Japan - J2 League,Oita Trinita,3,2,3,5,4,6,4,5,6,4,4,7,10,13,14,16
Japan - J2 League,Omiya Ardija,2,2,2,5,4,5,2,5,3,8,4,12,8,12,9,25
Japan - J2 League,R. Kumamoto,4,4,4,4,5,2,6,3,5,4,5,6,13,10,16,13
Japan - J2 League,R. Yamaguchi,3,8,2,6,0,5,0,1,5,5,3,8,5,19,8,14
Japan - J2 League,Shimizu S-Pulse,5,2,5,0,6,5,3,4,7,4,10,3,16,7,20,11
Japan - J2 League,Tochigi SC,2,1,0,4,2,4,2,5,3,2,1,9,4,9,6,16
Japan - J2 League,Tokushima V.,6,1,3,3,5,4,4,6,3,6,4,8,14,8,11,20
Japan - J2 League,Tokyo Verdy,7,1,2,2,4,4,5,2,8,3,9,1,13,7,22,6
Japan - J2 League,Vegalta Sendai,0,2,3,4,5,7,6,5,9,4,3,10,8,13,18,19
Japan - J2 League,Ventforet Kofu,1,2,3,2,8,7,4,3,6,4,7,11,12,11,17,18
Japan - J2 League,V-V. Nagasaki,0,6,7,4,3,5,5,5,6,4,8,4,10,15,19,13
Japan - J2 League,Z. Kanazawa,2,7,3,3,4,11,3,9,1,4,3,8,9,21,7,21
Japan - J3 League,AC Numazu,5,2,2,7,2,6,1,3,4,3,7,6,9,15,12,12
Japan - J3 League,Ehime FC,5,3,4,3,2,5,6,0,3,2,9,10,11,11,18,12
Japan - J3 League,FC Gifu,2,1,2,2,5,7,3,2,4,4,6,2,9,10,13,8
Japan - J3 League,FC Imabari,2,3,5,1,1,4,6,2,8,5,4,9,8,8,18,16
Japan - J3 League,FC Ryukyu,2,6,2,1,5,4,4,3,3,4,3,11,9,11,10,18
Japan - J3 League,Fukushima Utd,3,3,0,1,5,2,3,2,5,5,10,6,8,6,18,13
Japan - J3 League,G. Kitakyushu,1,2,1,1,3,7,4,2,1,3,3,7,5,10,8,12
Japan - J3 League,Gainare Tottori,3,3,2,4,6,1,6,4,4,3,7,8,11,8,17,15
Japan - J3 League,IG Morioka,5,2,4,1,3,1,7,5,3,5,7,9,12,4,17,19
Japan - J3 League,Kagoshima Utd,3,1,6,2,1,3,6,5,0,7,10,4,10,6,16,16
Japan - J3 League,Kamatamare S.,4,3,2,2,4,4,0,6,0,5,2,8,10,9,2,19
Japan - J3 League,Kataller Toyama,3,5,3,3,6,2,6,5,5,3,6,7,12,10,17,15
Japan - J3 League,Matsumoto Y.,3,4,4,4,6,4,2,2,3,0,8,8,13,12,13,10
Japan - J3 League,Nagano Parceiro,4,2,1,2,1,6,8,3,4,3,7,10,6,10,19,16
Japan - J3 League,Nara Club,5,1,4,1,7,1,5,4,3,3,5,2,16,3,13,9
Japan - J3 League,Osaka,4,1,5,1,3,4,2,2,4,4,3,7,12,6,9,13
Japan - J3 League,SC Sagamihara,1,3,3,4,5,4,4,7,3,6,7,4,9,11,14,17
Japan - J3 League,T. Miyazaki,4,5,1,5,1,2,0,5,8,4,2,2,6,12,10,11
Japan - J3 League,V. Hachinohe,2,1,5,5,2,5,5,4,3,5,10,5,9,11,18,14
Japan - J3 League,YSCC,4,3,2,2,5,4,5,4,4,4,1,7,11,9,10,15
Kazakhstan - Premier League,Aksu,2,7,1,2,1,6,0,4,3,2,2,7,4,15,5,13
Kazakhstan - Premier League,Aktobe,1,0,2,1,3,3,6,1,3,2,2,4,6,4,11,7
Kazakhstan - Premier League,Atyrau,1,0,2,5,3,3,3,2,1,3,1,5,6,8,5,10
Kazakhstan - Premier League,FC Astana,0,0,1,1,3,0,2,1,3,1,3,5,4,1,8,7
Kazakhstan - Premier League,Kairat Almaty,1,5,1,3,4,1,2,2,6,1,4,4,6,9,12,7
Kazakhstan - Premier League,Kaisar K.,3,1,3,1,3,4,2,3,3,3,4,3,9,6,9,9
Kazakhstan - Premier League,Kaspiy Aktau,0,4,3,6,5,3,2,3,2,3,1,6,8,13,5,12
Kazakhstan - Premier League,Kyzylzhar,0,1,2,2,4,2,2,2,1,4,5,4,6,5,8,10
Kazakhstan - Premier League,Maqtaaral,1,3,1,4,4,4,0,1,0,3,4,1,6,11,4,5
Kazakhstan - Premier League,Okzhetpes,1,2,2,5,4,4,2,2,1,2,4,6,7,11,7,10
Kazakhstan - Premier League,Ordabasy,4,0,1,0,2,2,4,1,6,7,4,3,7,2,14,11
Kazakhstan - Premier League,S. Karagandy,2,6,2,5,3,4,2,2,1,3,3,2,7,15,6,7
Kazakhstan - Premier League,Tobol,2,3,4,1,2,3,0,4,3,3,3,5,8,7,6,12
Kazakhstan - Premier League,Zhetysu,1,1,2,3,3,6,5,2,2,3,4,2,6,10,11,7
Lithuania - A Lyga,Banga,2,3,3,1,1,5,1,3,0,6,3,5,6,9,4,14
Lithuania - A Lyga,Dainava,1,3,1,3,2,3,1,2,1,5,1,4,4,9,3,11
Lithuania - A Lyga,Dziugas Telsiai,0,4,3,2,2,4,1,4,1,5,4,6,5,10,6,15
Lithuania - A Lyga,FA Siauliai,3,0,6,3,2,5,5,1,3,5,4,11,11,8,12,17
Lithuania - A Lyga,Hegelmann L.,3,4,2,3,4,4,7,6,6,4,6,8,9,11,19,18
Lithuania - A Lyga,Kauno Zalgiris,6,3,3,3,4,1,2,3,5,3,8,8,13,7,15,14
Lithuania - A Lyga,Panevezys,3,0,2,3,7,2,2,1,11,0,8,2,12,5,21,3
Lithuania - A Lyga,Riteriai,4,1,3,3,1,8,3,5,3,3,2,8,8,12,8,16
Lithuania - A Lyga,Suduva,3,2,2,4,3,8,1,7,0,4,3,11,8,14,4,22
Lithuania - A Lyga,Zalgiris,2,2,3,1,6,1,5,2,8,1,8,7,11,4,21,10
Malaysia - Super League,Johor Darul,3,1,7,1,5,1,8,1,12,0,9,1,15,3,29,2
Malaysia - Super League,Kedah,2,1,3,4,4,3,0,3,2,1,7,4,9,8,9,8
Malaysia - Super League,Kelantan,3,5,0,14,3,8,3,6,1,9,2,13,6,27,6,28
Malaysia - Super League,Kelantan United,1,4,0,5,1,3,0,5,0,5,6,6,2,12,6,16
Malaysia - Super League,Kuala Lumpur,4,2,3,2,1,7,5,3,2,2,4,6,8,11,11,11
Malaysia - Super League,Kuching,0,2,2,4,2,6,3,10,2,1,3,2,4,12,8,13
Malaysia - Super League,Negeri Sembilan,2,6,1,4,3,3,0,2,1,1,4,5,6,13,5,8
Malaysia - Super League,Pahang,3,2,5,2,2,4,4,0,6,5,2,3,10,8,12,8
Malaysia - Super League,PDRM,2,4,1,2,4,3,4,4,3,5,1,6,7,9,8,15
Malaysia - Super League,Perak,1,4,0,3,2,7,1,3,2,3,2,3,3,14,5,9
Malaysia - Super League,Pulau Pinang,1,3,0,3,0,3,1,4,2,6,2,4,1,9,5,14
Malaysia - Super League,Sabah,4,1,5,5,4,3,3,0,3,1,2,4,13,9,8,5
Malaysia - Super League,Selangor,4,2,5,2,9,0,10,1,5,3,8,3,18,4,23,7
Malaysia - Super League,Terengganu,2,1,5,4,5,5,5,1,6,2,3,5,12,10,14,8
Malta - Premier League,Balzan,1,1,4,2,3,1,7,2,3,3,3,3,8,4,13,8
Malta - Premier League,Birkirkara,0,3,2,1,6,2,2,2,7,1,4,3,8,6,13,6
Malta - Premier League,Floriana,1,3,1,3,5,3,3,0,5,1,2,4,7,9,10,5
Malta - Premier League,Gudja Utd,4,7,1,2,2,2,1,3,2,2,3,3,7,11,6,8
Malta - Premier League,Gzira Utd,5,1,2,3,4,1,5,0,8,0,2,2,11,5,15,2
Malta - Premier League,Hamrun Spartans,3,2,6,1,4,0,0,0,4,3,6,3,13,3,10,6
Malta - Premier League,Hibernians,5,2,3,3,5,3,5,3,4,2,6,3,13,8,15,8
Malta - Premier League,Marsaxlokk,2,2,1,2,5,1,2,1,2,2,4,4,8,5,8,7
Malta - Premier League,Mosta,2,2,4,5,7,1,2,2,5,1,6,3,13,8,13,6
Malta - Premier League,Pieta Hotspurs,1,4,2,3,1,7,0,2,4,4,2,5,4,14,6,11
Malta - Premier League,Santa Lucia,5,2,2,5,1,4,1,3,0,5,2,7,8,11,3,15
Malta - Premier League,Sirens,1,2,0,2,0,1,2,2,4,0,0,3,1,5,6,5
Malta - Premier League,Valletta,4,1,3,2,5,1,7,3,3,2,8,7,12,4,18,12
Malta - Premier League,Zebbug Rangers,1,6,1,6,2,0,2,4,1,9,2,6,4,12,5,19
Mexico - Liga MX - Apertura,A. San Luis,0,1,1,2,2,3,1,2,4,3,5,6,3,6,10,11
Mexico - Liga MX - Apertura,Atlas,1,4,2,1,2,1,1,2,0,4,1,4,5,6,2,10
Mexico - Liga MX - Apertura,CF America,2,1,2,1,4,1,2,1,0,0,2,1,8,3,4,2
Mexico - Liga MX - Apertura,Club Leon,1,1,0,2,5,3,2,4,0,1,1,4,6,6,3,9
Mexico - Liga MX - Apertura,Cruz Azul,1,2,1,0,2,2,3,2,0,4,4,3,4,4,7,9
Mexico - Liga MX - Apertura,Guadalajara,1,1,3,2,1,1,0,2,2,3,2,2,5,4,4,7
Mexico - Liga MX - Apertura,Juarez,0,3,3,5,2,4,1,5,1,3,4,2,5,12,6,10
Mexico - Liga MX - Apertura,Mazatlan,3,1,0,4,4,3,0,2,1,3,3,2,7,8,4,7
Mexico - Liga MX - Apertura,Monterrey,2,1,2,2,2,0,1,2,0,2,3,0,6,3,4,4
Mexico - Liga MX - Apertura,Necaxa,2,2,1,2,1,3,3,2,2,3,0,4,4,7,5,9
Mexico - Liga MX - Apertura,Pachuca,0,0,1,3,1,5,3,3,2,2,1,4,2,8,6,9
Mexico - Liga MX - Apertura,Puebla,5,1,1,0,1,4,2,3,1,0,1,3,7,5,4,6
Mexico - Liga MX - Apertura,Pumas UNAM,1,2,3,0,2,6,2,2,3,1,2,2,6,8,7,5
Mexico - Liga MX - Apertura,Queretaro,1,2,1,1,1,5,3,5,0,3,5,4,3,8,8,12
Mexico - Liga MX - Apertura,Santos Laguna,5,5,3,2,1,5,3,0,1,3,2,5,9,12,6,8
Mexico - Liga MX - Apertura,Tigres,3,0,0,3,2,3,2,1,2,0,4,3,5,6,8,4
Mexico - Liga MX - Apertura,Tijuana,0,1,1,2,0,2,0,2,1,3,1,5,1,5,2,10
Mexico - Liga MX - Apertura,Toluca,1,1,0,2,2,3,0,1,0,2,4,1,3,6,4,4
Mexico - Liga MX - Clausura,A. San Luis,1,3,0,1,1,2,0,0,3,3,1,7,2,6,4,10
Mexico - Liga MX - Clausura,Atlas,2,0,5,0,3,6,1,0,2,0,1,3,10,6,4,3
Mexico - Liga MX - Clausura,CF America,1,2,2,2,9,3,2,0,2,3,3,0,12,7,7,3
Mexico - Liga MX - Clausura,Club Leon,1,2,3,0,2,1,0,1,0,2,3,1,6,3,3,4
Mexico - Liga MX - Clausura,Cruz Azul,1,1,2,0,3,3,1,5,2,1,2,3,6,4,5,9
Mexico - Liga MX - Clausura,Guadalajara,3,0,2,0,4,3,3,3,1,0,0,2,9,3,4,5
Mexico - Liga MX - Clausura,Juarez,1,2,1,2,0,3,2,1,3,2,1,7,2,7,6,10
Mexico - Liga MX - Clausura,Mazatlan,0,2,2,4,2,7,2,4,0,3,2,3,4,13,4,10
Mexico - Liga MX - Clausura,Monterrey,0,2,3,1,1,2,3,0,4,0,3,2,4,5,10,2
Mexico - Liga MX - Clausura,Necaxa,1,0,0,1,1,2,1,3,1,5,2,2,2,3,4,10
Mexico - Liga MX - Clausura,Pachuca,4,1,3,4,2,2,4,2,1,0,2,4,9,7,7,6
Mexico - Liga MX - Clausura,Puebla,0,3,0,0,3,3,1,4,3,6,5,2,3,6,9,12
Mexico - Liga MX - Clausura,Pumas UNAM,0,4,1,5,2,2,1,0,3,2,0,5,3,11,4,7
Mexico - Liga MX - Clausura,Queretaro,0,0,0,2,1,2,1,1,0,1,4,3,1,4,5,5
Mexico - Liga MX - Clausura,Santos Laguna,0,1,3,3,1,5,2,1,1,5,4,2,4,9,7,8
Mexico - Liga MX - Clausura,Tigres,1,1,0,2,3,2,1,0,0,2,4,0,4,5,5,2
Mexico - Liga MX - Clausura,Tijuana,2,3,2,2,1,6,1,4,1,3,2,3,5,11,4,10
Mexico - Liga MX - Clausura,Toluca,3,1,3,1,3,5,2,2,1,1,4,2,9,7,7,5
Netherlands - Eredivisie,Ajax Amsterdam,1,2,2,1,3,3,4,6,3,3,2,4,6,6,9,13
Netherlands - Eredivisie,Almere City,1,5,0,2,2,1,1,1,0,4,4,4,3,8,5,9
Netherlands - Eredivisie,AZ Alkmaar,1,0,0,1,2,1,5,1,2,1,2,1,3,2,9,3
Netherlands - Eredivisie,Excelsior,3,0,2,1,2,3,2,7,3,2,3,4,7,4,8,13
Netherlands - Eredivisie,FC Twente,3,0,1,1,4,0,2,2,1,3,6,2,8,1,9,7
Netherlands - Eredivisie,FC Utrecht,3,0,1,0,1,4,1,2,0,2,1,1,5,4,2,5
Netherlands - Eredivisie,FC Volendam,0,5,1,0,3,3,1,5,1,2,4,9,4,8,6,16
Netherlands - Eredivisie,Feyenoord,4,1,4,3,2,1,5,1,4,1,5,1,10,5,14,3
Netherlands - Eredivisie,Fortuna Sittard,0,0,0,2,0,6,0,2,2,4,2,7,0,8,4,13
Netherlands - Eredivisie,Go Ahead Eagles,0,2,1,1,0,1,1,5,2,0,2,5,1,4,5,10
Netherlands - Eredivisie,Heerenveen,0,3,2,4,2,3,0,2,1,4,4,4,4,10,5,10
Netherlands - Eredivisie,Heracles Almelo,1,4,0,4,1,3,3,0,2,5,3,4,2,11,8,9
Netherlands - Eredivisie,NEC Nijmegen,1,1,1,0,3,3,4,2,1,3,1,4,5,4,6,9
Netherlands - Eredivisie,PEC Zwolle,1,1,1,2,1,2,4,2,4,1,5,7,3,5,13,10
Netherlands - Eredivisie,PSV Eindhoven,2,0,3,1,4,0,6,0,8,0,7,1,9,1,21,1
Netherlands - Eredivisie,RKC Waalwijk,1,0,0,5,2,2,2,1,0,1,1,3,3,7,3,5
Netherlands - Eredivisie,Sparta,2,2,0,2,2,1,3,0,3,2,2,2,4,5,8,4
Netherlands - Eredivisie,Vitesse Arnhem,1,6,0,3,0,4,1,5,1,2,4,6,1,13,6,13
Netherlands - Eerste Divisie,ADO Den Haag,2,4,4,2,2,3,2,0,2,1,6,1,8,9,10,2
Netherlands - Eerste Divisie,Cambuur,3,3,3,5,6,1,5,2,4,1,4,9,12,9,13,12
Netherlands - Eerste Divisie,De Graafschap,2,0,3,4,2,1,6,2,1,0,2,8,7,5,9,10
Netherlands - Eerste Divisie,FC Den Bosch,1,2,1,5,1,2,1,0,1,4,2,5,3,9,4,9
Netherlands - Eerste Divisie,FC Dordrecht,2,1,3,0,3,4,1,3,1,1,3,3,8,5,5,7
Netherlands - Eerste Divisie,FC Eindhoven,0,1,1,1,4,4,2,2,3,2,7,2,5,6,12,6
Netherlands - Eerste Divisie,FC Emmen,2,2,1,3,5,1,2,2,3,2,3,6,8,6,8,10
Netherlands - Eerste Divisie,FC Groningen,1,3,1,0,4,2,1,2,5,0,2,3,6,5,8,5
Netherlands - Eerste Divisie,Helmond Sport,2,2,2,2,1,4,4,5,2,3,2,4,5,8,8,12
Netherlands - Eerste Divisie,Jong Ajax,5,10,1,4,3,4,1,4,0,7,7,3,9,18,8,14
Netherlands - Eerste Divisie,Jong AZ,3,1,1,2,1,6,0,4,2,0,3,6,5,9,5,10
Netherlands - Eerste Divisie,Jong PSV,1,4,5,2,0,4,2,5,2,2,2,2,6,10,6,9
Netherlands - Eerste Divisie,Jong Utrecht,0,5,2,1,4,6,1,4,1,9,0,4,6,12,2,17
Netherlands - Eerste Divisie,MVV Maastricht,1,1,1,2,1,2,4,0,2,5,7,5,3,5,13,10
Netherlands - Eerste Divisie,NAC Breda,5,3,2,3,3,4,5,1,4,3,2,2,10,10,11,6
Netherlands - Eerste Divisie,Roda JC,3,3,2,1,3,2,2,1,1,1,2,2,8,6,5,4
Netherlands - Eerste Divisie,Telstar,1,4,0,6,2,0,3,0,1,6,1,3,3,10,5,9
Netherlands - Eerste Divisie,TOP Oss,0,3,0,2,1,1,0,3,1,2,1,6,1,6,2,11
Netherlands - Eerste Divisie,VVV,2,4,2,1,2,2,2,1,1,5,3,0,6,7,6,6
Netherlands - Eerste Divisie,Willem II,4,1,1,1,2,0,3,2,3,0,2,3,7,2,8,5
Northern Ireland - NIFL Premiership,Ballymena Utd,2,2,1,8,1,3,1,3,0,4,1,3,4,13,2,10
Northern Ireland - NIFL Premiership,Carrick Rangers,1,5,3,7,3,5,5,3,4,7,3,7,7,17,12,17
Northern Ireland - NIFL Premiership,Cliftonville,1,1,5,0,3,3,5,0,3,2,7,2,9,4,15,4
Northern Ireland - NIFL Premiership,Coleraine,1,3,1,2,2,1,2,5,2,4,6,7,4,6,10,16
Northern Ireland - NIFL Premiership,Crusaders,2,2,4,2,2,2,3,0,3,6,10,2,8,6,16,8
Northern Ireland - NIFL Premiership,Dungannon,2,2,1,6,7,1,1,6,1,2,5,9,10,9,7,17
Northern Ireland - NIFL Premiership,Glenavon,3,5,4,3,4,6,1,5,3,3,4,4,11,14,8,12
Northern Ireland - NIFL Premiership,Glentoran,3,2,1,1,3,6,3,3,2,2,3,0,7,9,8,5
Northern Ireland - NIFL Premiership,Larne,0,1,2,0,1,1,7,1,3,0,3,3,3,2,13,4
Northern Ireland - NIFL Premiership,Linfield,1,4,1,0,4,2,3,1,6,2,4,2,6,6,13,5
Northern Ireland - NIFL Premiership,Loughgall,1,6,5,1,2,6,4,3,4,6,2,2,8,13,10,11
Northern Ireland - NIFL Premiership,Newry City,1,3,1,5,3,9,2,4,1,3,4,5,5,17,7,12
Norway - Eliteserien,Aalesund,2,5,0,7,4,8,1,7,1,5,2,14,6,20,4,26
Norway - Eliteserien,Bodo / Glimt,6,6,7,4,6,3,9,4,7,3,4,2,19,13,20,9
Norway - Eliteserien,Brann,2,3,4,2,5,4,3,1,1,4,5,6,11,9,9,11
Norway - Eliteserien,HamKam,1,2,2,7,5,6,4,8,1,7,5,7,8,15,10,22
Norway - Eliteserien,Haugesund,2,0,3,1,0,4,1,7,2,6,2,2,5,5,5,15
Norway - Eliteserien,Lillestrom,1,5,2,3,2,3,2,2,3,6,5,7,5,11,10,15
Norway - Eliteserien,Molde,6,3,3,1,6,3,5,5,4,3,4,8,15,7,13,16
Norway - Eliteserien,Odd,5,1,3,1,3,5,1,5,3,9,5,8,11,7,9,22
Norway - Eliteserien,Rosenborg,3,8,3,1,1,7,5,6,5,2,5,6,7,16,15,14
Norway - Eliteserien,Sandefjord,3,7,1,10,5,6,3,5,5,3,4,7,9,23,12,15
Norway - Eliteserien,Sarpsborg 08,3,3,6,3,4,4,4,3,0,6,3,9,13,10,7,18
Norway - Eliteserien,Stabaek,3,5,3,6,2,5,2,4,0,2,3,10,8,16,5,16
Norway - Eliteserien,Stromsgodset,0,2,2,4,3,1,0,3,5,3,5,7,5,7,10,13
Norway - Eliteserien,Tromso,1,1,2,1,3,4,7,1,6,3,6,8,6,6,19,12
Norway - Eliteserien,Valerenga,2,6,1,2,3,3,4,2,3,5,7,3,6,11,14,10
Norway - Eliteserien,Viking,5,2,2,6,1,0,3,2,3,3,8,7,8,8,14,12
Norway - 1st Division,Asane,3,4,4,2,3,7,2,4,0,3,4,3,10,13,6,10
Norway - 1st Division,Bryne,3,4,2,2,1,5,3,3,1,6,6,4,6,11,10,13
Norway - 1st Division,Fredrikstad,2,0,4,2,1,3,4,4,5,2,8,3,7,5,17,9
Norway - 1st Division,Hodd,2,2,1,3,2,3,3,4,3,4,2,7,5,8,8,15
Norway - 1st Division,Jerv,3,3,4,4,2,7,5,7,6,5,2,8,9,14,13,20
Norway - 1st Division,KFUM Oslo,2,3,4,1,6,4,2,5,4,3,6,3,12,8,12,11
Norway - 1st Division,Kongsvinger,3,2,6,1,2,6,3,4,3,3,8,5,11,9,14,12
Norway - 1st Division,Kristiansund,2,2,6,2,7,0,3,7,2,4,7,7,15,4,12,18
Norway - 1st Division,Mjondalen,1,4,3,2,2,5,4,3,1,5,6,4,6,11,11,12
Norway - 1st Division,Moss,1,2,5,2,2,3,2,4,2,4,5,12,8,7,9,20
Norway - 1st Division,Ranheim,4,1,1,4,4,4,1,2,1,5,3,6,9,9,5,13
Norway - 1st Division,Raufoss,1,3,2,4,1,3,3,4,0,4,9,5,4,10,12,13
Norway - 1st Division,Sandnes Ulf,4,3,2,6,6,6,0,3,2,3,3,2,12,15,5,8
Norway - 1st Division,Skeid,1,3,1,6,2,3,1,2,2,6,2,9,4,12,5,17
Norway - 1st Division,Sogndal,2,2,3,8,3,2,3,3,5,5,4,4,8,12,12,12
Norway - 1st Division,Start,2,1,1,4,3,3,4,7,4,2,3,5,6,8,11,14
Paraguay - Primera Div. - Apertura,Cerro Porteno,0,3,4,2,8,5,2,0,4,3,1,3,12,10,7,6
Paraguay - Primera Div. - Apertura,G. Caballero,2,5,1,1,0,2,1,0,3,0,1,5,3,8,5,5
Paraguay - Primera Div. - Apertura,Guairena,1,3,2,2,2,0,1,3,2,4,1,2,5,5,4,9
Paraguay - Primera Div. - Apertura,Guarani,0,1,2,2,3,0,4,2,1,0,5,5,5,3,10,7
Paraguay - Primera Div. - Apertura,Libertad,4,1,1,1,2,5,4,1,3,2,4,1,7,7,11,4
Paraguay - Primera Div. - Apertura,Nacional,0,0,1,2,1,4,3,2,3,2,4,1,2,6,10,5
Paraguay - Primera Div. - Apertura,Olimpia,2,1,4,5,1,1,1,0,1,3,5,3,7,7,7,6
Paraguay - Primera Div. - Apertura,Resistencia,1,2,0,1,0,6,4,4,1,4,2,1,1,9,7,9
Paraguay - Primera Div. - Apertura,S. Ameliano,2,2,6,0,2,4,1,1,1,1,2,3,10,6,4,5
Paraguay - Primera Div. - Apertura,S. Luqueno,2,4,2,2,4,4,3,1,1,3,3,6,8,10,7,10
Paraguay - Primera Div. - Apertura,S. Trinidense,1,1,2,2,3,3,3,3,2,1,5,3,6,6,10,7
Paraguay - Primera Div. - Apertura,Tacuary,0,3,1,3,0,3,0,1,0,3,1,4,1,9,1,8
Peru - Liga 1 - Apertura,AD Cantolao,0,4,1,4,0,2,0,3,1,4,0,8,1,10,1,15
Peru - Liga 1 - Apertura,ADT,1,1,2,2,3,2,2,0,1,5,1,3,6,5,4,8
Peru - Liga 1 - Apertura,Alianza A.,5,4,3,4,0,4,2,5,2,4,2,1,8,12,6,10
Peru - Liga 1 - Apertura,Alianza Lima,0,1,2,2,3,2,4,1,2,1,1,2,5,5,7,4
Peru - Liga 1 - Apertura,Atletico Grau,3,0,0,2,1,3,3,3,2,6,2,2,4,5,7,11
Peru - Liga 1 - Apertura,Binacional,0,3,3,0,1,5,0,4,2,1,0,5,4,8,2,10
Peru - Liga 1 - Apertura,Cajamarca,0,3,0,1,4,1,2,2,1,8,1,4,4,5,4,14
Peru - Liga 1 - Apertura,Carlos Manucci,0,2,0,2,1,1,2,4,1,2,1,2,1,5,4,8
Peru - Liga 1 - Apertura,Cesar Vallejo,0,3,0,3,1,0,2,4,2,4,2,2,1,6,6,10
Peru - Liga 1 - Apertura,Cienciano,3,1,2,3,1,6,0,5,0,2,3,2,6,10,3,9
Peru - Liga 1 - Apertura,Cusco,2,2,0,1,1,3,3,4,1,2,1,2,3,6,5,8
Peru - Liga 1 - Apertura,D. Garcilaso,4,1,2,2,1,2,2,3,1,2,4,4,7,5,7,9
Peru - Liga 1 - Apertura,D. Municipal,1,0,1,3,0,0,2,1,3,3,1,2,2,3,6,6
Peru - Liga 1 - Apertura,FBC Melgar,0,1,1,0,1,1,2,2,1,0,2,4,2,2,5,6
Peru - Liga 1 - Apertura,S. Cristal,2,2,0,0,2,2,1,2,4,1,7,4,4,4,12,7
Peru - Liga 1 - Apertura,Sport Boys,0,1,1,2,0,4,0,1,2,3,0,2,1,7,2,6
Peru - Liga 1 - Apertura,Sport Huancayo,0,6,2,1,0,2,3,1,4,1,1,3,2,9,8,5
Peru - Liga 1 - Apertura,Union Comercio,0,2,1,1,1,3,2,0,2,9,2,7,2,6,6,16
Peru - Liga 1 - Apertura,Universitario,0,1,2,2,0,1,3,2,0,0,3,4,2,4,6,6
Poland - Ekstraklasa,Cracovia Krakow,1,0,3,1,0,3,1,1,1,1,1,3,4,4,3,5
Poland - Ekstraklasa,Gornik Zabrze,2,3,1,1,4,4,0,2,2,3,4,2,7,8,6,7
Poland - Ekstraklasa,Jagiellonia,4,1,2,1,2,5,4,6,3,4,4,3,8,7,11,13
Poland - Ekstraklasa,Korona Kielce,0,0,2,2,1,2,0,1,2,2,2,4,3,4,4,7
Poland - Ekstraklasa,Lech Poznan,0,0,2,1,1,5,4,1,0,1,3,5,3,6,7,7
Poland - Ekstraklasa,Legia Warsaw,2,1,1,4,2,2,1,3,3,3,2,1,5,7,6,7
Poland - Ekstraklasa,LKS Lodz,0,3,0,4,0,3,1,1,1,4,1,2,0,10,3,7
Poland - Ekstraklasa,Piast Gliwice,1,1,2,0,1,4,0,2,2,1,2,0,4,5,4,3
Poland - Ekstraklasa,Pogon Szczecin,1,1,2,0,2,1,3,0,3,0,2,3,5,2,8,3
Poland - Ekstraklasa,Puszcza Niepolo,3,2,1,3,0,4,1,4,2,1,3,6,4,9,6,11
Poland - Ekstraklasa,Radomiak Radom,4,1,2,2,2,3,1,1,2,2,1,3,8,6,4,6
Poland - Ekstraklasa,Rakow C.,1,4,5,2,1,2,1,1,2,6,4,3,7,8,7,10
Poland - Ekstraklasa,Ruch Chorzow,0,0,3,3,2,6,0,4,2,2,4,4,5,9,6,10
Poland - Ekstraklasa,Slask Wroclaw,3,0,2,2,1,1,3,2,1,0,6,3,6,3,10,5
Poland - Ekstraklasa,Stal Mielec,1,0,1,5,2,3,2,1,0,6,4,4,4,8,6,11
Poland - Ekstraklasa,Warta Poznan,4,1,2,2,1,1,3,4,2,2,2,5,7,4,7,11
Poland - Ekstraklasa,Widzew Lodz,2,2,1,2,3,1,1,3,0,4,5,4,6,5,6,11
Poland - Ekstraklasa,Zaglebie Lubin,2,3,1,4,1,4,4,2,0,4,3,2,4,11,7,8
Poland - 1. Liga,Arka Gdynia,2,3,4,1,2,4,2,2,0,2,4,2,8,8,6,6
Poland - 1. Liga,Chrobry Glogow,2,0,1,1,0,4,5,4,1,3,0,2,3,5,6,9
Poland - 1. Liga,Gornik Leczna,1,0,0,1,4,1,1,2,0,4,1,4,5,2,2,10
Poland - 1. Liga,Katowice,3,2,1,0,2,2,5,2,1,4,2,6,6,4,8,12
Poland - 1. Liga,Lechia Gdansk,1,1,1,3,3,1,2,4,2,1,2,3,5,5,6,8
Poland - 1. Liga,Miedz Legnica,2,2,1,0,1,1,4,1,2,3,3,3,4,3,9,7
Poland - 1. Liga,Motor Lublin,1,1,1,1,0,1,2,0,1,1,4,1,2,3,7,2
Poland - 1. Liga,Odra Opole,1,1,1,0,1,2,2,0,1,3,4,4,3,3,7,7
Poland - 1. Liga,Podbeskidzie,0,2,1,0,1,4,1,6,0,2,2,4,2,6,3,12
Poland - 1. Liga,Polonia Warszaw,0,0,3,3,2,3,3,2,1,1,3,3,5,6,7,6
Poland - 1. Liga,Resovia Rzeszow,1,1,0,2,1,6,1,3,2,3,3,6,2,9,6,12
Poland - 1. Liga,Stal Rzeszow,0,4,0,1,3,3,2,0,2,2,5,4,3,8,9,6
Poland - 1. Liga,T. Nieciecza,2,2,3,1,4,1,2,3,4,3,6,4,9,4,12,10
Poland - 1. Liga,Tychy,2,3,0,0,2,1,1,3,0,3,5,4,4,4,6,10
Poland - 1. Liga,Wisla Krakow,0,0,4,2,2,4,3,0,1,2,2,3,6,6,6,5
Poland - 1. Liga,Wisla Plock,0,3,2,2,0,2,2,2,0,2,2,2,2,7,4,6
Poland - 1. Liga,Z. Sosnowiec,0,2,0,0,2,1,0,1,0,4,3,3,2,3,3,8
Poland - 1. Liga,Znicz Pruszkow,1,0,2,2,1,5,1,3,1,1,2,4,4,7,4,8
Portugal - Liga Portugal,Arouca,1,2,1,1,2,3,2,0,2,1,4,2,4,6,8,3
Portugal - Liga Portugal,Benfica,3,0,3,0,1,0,2,2,2,2,3,3,7,0,7,7
Portugal - Liga Portugal,Boavista,3,0,3,1,1,4,0,4,1,1,1,3,7,5,2,8
Portugal - Liga Portugal,Casa Pia,1,2,2,1,1,2,0,2,1,2,5,3,4,5,6,7
Portugal - Liga Portugal,Chaves,0,7,0,4,0,3,1,3,1,3,2,3,0,14,4,9
Portugal - Liga Portugal,Estoril,3,2,2,1,0,4,2,6,4,2,1,4,5,7,7,12
Portugal - Liga Portugal,Estrela Amadora,1,0,0,0,1,2,2,0,1,1,2,6,2,2,5,7
Portugal - Liga Portugal,Famalicao,2,1,0,0,1,2,0,2,1,3,2,2,3,3,3,7
Portugal - Liga Portugal,Farense,1,2,1,1,2,3,1,1,0,2,4,4,4,6,5,7
Portugal - Liga Portugal,FC Porto,1,1,2,1,3,0,1,3,2,1,3,0,6,2,6,4
Portugal - Liga Portugal,Gil Vicente,0,1,1,1,3,4,1,5,1,2,0,5,4,6,2,12
Portugal - Liga Portugal,Guimaraes,2,1,2,0,1,2,0,2,0,1,2,2,5,3,2,5
Portugal - Liga Portugal,Moreirense,2,1,1,0,1,0,1,1,0,2,4,1,4,1,5,4
Portugal - Liga Portugal,Portimonense,2,2,0,3,3,1,0,6,1,1,3,9,5,6,4,16
Portugal - Liga Portugal,Rio Ave,2,2,1,1,0,0,2,2,0,3,0,3,3,3,2,8
Portugal - Liga Portugal,Sporting Braga,2,0,2,1,1,5,5,3,2,3,10,2,5,6,17,8
Portugal - Liga Portugal,Sporting CP,1,0,2,0,4,2,1,2,1,2,4,4,7,2,6,8
Portugal - Liga Portugal,Vizela,1,2,0,1,0,0,1,3,3,3,2,1,1,3,6,7
Portugal - Liga Portugal 2,Academico Viseu,0,1,3,3,1,2,0,3,2,3,1,0,4,6,3,6
Portugal - Liga Portugal 2,AVS,2,0,3,1,1,0,2,1,3,2,2,3,6,1,7,6
Portugal - Liga Portugal 2,Benfica B,3,4,3,3,2,0,0,0,0,2,1,1,8,7,1,3
Portugal - Liga Portugal 2,FC Porto B,1,2,1,2,1,2,4,0,6,2,3,2,3,6,13,4
Portugal - Liga Portugal 2,Feirense,1,1,0,1,3,3,0,3,0,4,1,1,4,5,1,8
Portugal - Liga Portugal 2,Leixoes,0,2,1,2,2,2,0,3,1,1,2,2,3,6,3,6
Portugal - Liga Portugal 2,Mafra,1,0,2,5,1,3,3,1,1,1,3,2,4,8,7,4
Portugal - Liga Portugal 2,Maritimo,2,3,2,0,3,2,3,0,2,2,1,1,7,5,6,3
Portugal - Liga Portugal 2,Nacional,3,1,4,1,1,3,1,1,3,2,0,2,8,5,4,5
Portugal - Liga Portugal 2,Oliveirense,1,4,0,2,1,2,0,2,2,1,1,1,2,8,3,4
Portugal - Liga Portugal 2,Os Belenense,0,4,0,1,0,2,1,1,0,2,3,3,0,7,4,6
Portugal - Liga Portugal 2,Pacos Ferreira,0,2,2,3,1,2,0,0,1,1,1,3,3,7,2,4
Portugal - Liga Portugal 2,Penafiel,0,2,1,0,1,3,0,1,0,2,0,3,2,5,0,6
Portugal - Liga Portugal 2,Santa Clara,0,0,2,1,3,2,1,1,0,0,3,0,5,3,4,1
Portugal - Liga Portugal 2,Tondela,0,1,1,2,1,4,3,1,3,4,3,0,2,7,9,5
Portugal - Liga Portugal 2,Torreense,0,2,2,3,1,0,1,0,3,2,1,0,3,5,5,2
Portugal - Liga Portugal 2,Uniao de Leiria,2,0,2,3,1,1,2,2,1,1,2,3,5,4,5,6
Portugal - Liga Portugal 2,Vilaverdense,0,4,0,1,2,0,0,2,0,4,2,4,2,5,2,10
Scotland - Premiership,Aberdeen,0,2,3,2,3,1,0,1,3,4,3,7,6,5,6,12
Scotland - Premiership,Celtic,5,0,2,1,3,1,4,0,1,2,11,2,10,2,16,4
Scotland - Premiership,Dundee FC,1,2,1,2,3,2,1,1,1,3,5,5,5,6,7,9
Scotland - Premiership,Hearts,2,1,4,0,0,0,1,1,4,1,2,5,6,1,7,7
Scotland - Premiership,Hibernian,2,1,2,2,0,2,2,5,5,3,2,5,4,5,9,13
Scotland - Premiership,Kilmarnock,1,2,2,2,0,4,2,1,1,1,2,3,3,8,5,5
Scotland - Premiership,Livingston,1,2,2,2,1,5,1,5,3,2,0,5,4,9,4,12
Scotland - Premiership,Motherwell,0,1,1,5,2,0,0,3,3,2,1,2,3,6,4,7
Scotland - Premiership,Rangers,2,1,6,1,1,0,1,1,3,1,6,0,9,2,10,2
Scotland - Premiership,Ross County,0,0,0,3,0,3,3,5,4,3,3,4,0,6,10,12
Scotland - Premiership,St. Johnstone,0,1,0,2,0,3,1,2,1,3,0,3,0,6,2,8
Scotland - Premiership,St. Mirren,3,0,1,3,1,3,1,2,0,2,4,6,5,6,5,10
Scotland - Championship,Airdrieonians,0,3,1,2,1,5,2,0,1,1,1,3,2,10,4,4
Scotland - Championship,Arbroath,1,3,2,1,2,3,0,2,2,4,4,3,5,7,6,9
Scotland - Championship,Ayr Utd,3,0,3,4,3,5,4,4,3,4,1,4,9,9,8,12
Scotland - Championship,Dundee Utd,2,0,2,1,4,0,4,1,4,0,5,0,8,1,13,1
Scotland - Championship,Dunfermline,4,1,0,1,1,2,1,2,3,1,2,4,5,4,6,7
Scotland - Championship,Greenock Morton,0,4,1,2,2,0,1,0,1,1,3,3,3,6,5,4
Scotland - Championship,Inverness,2,4,1,1,2,1,3,1,2,2,2,5,5,6,7,8
Scotland - Championship,Partick Thistle,2,3,1,0,4,0,4,3,6,2,2,6,7,3,12,11
Scotland - Championship,Queen`s Park,1,2,0,4,3,3,3,3,3,2,2,4,4,9,8,9
Scotland - Championship,Raith Rovers,1,1,4,1,3,2,2,2,0,4,7,0,8,4,9,6
Serbia - Super Liga,Backa Topola,2,0,3,0,4,0,1,0,2,0,4,3,9,0,7,3
Serbia - Super Liga,Cukaricki,2,0,1,2,0,3,3,1,1,1,5,4,3,5,9,6
Serbia - Super Liga,IMT N. Beograd,4,4,1,1,3,3,0,1,2,3,3,5,8,8,5,9
Serbia - Super Liga,Javor Ivanjica,0,2,2,3,0,2,2,3,1,2,2,6,2,7,5,11
Serbia - Super Liga,Mladost Lucani,2,3,2,1,2,1,0,4,0,3,2,4,6,5,2,11
Serbia - Super Liga,Napredak,2,3,4,1,1,4,2,0,1,6,3,1,7,8,6,7
Serbia - Super Liga,Novi Pazar,1,3,1,0,0,1,2,3,2,1,2,2,2,4,6,6
Serbia - Super Liga,Partizan,1,2,1,0,4,2,2,1,5,2,8,1,6,4,15,4
Serbia - Super Liga,R. Surdulica,2,4,1,3,0,2,0,1,1,2,2,3,3,9,3,6
Serbia - Super Liga,Radnicki 1923,3,2,1,2,0,5,2,2,3,2,5,6,4,9,10,10
Serbia - Super Liga,Radnicki Nis,1,2,0,1,2,3,1,1,1,1,1,4,3,6,3,6
Serbia - Super Liga,Red Star,3,4,5,2,3,3,3,1,5,4,4,1,11,9,12,6
Serbia - Super Liga,S. Subotica,2,2,0,3,0,3,1,2,2,1,2,1,2,8,5,4
Serbia - Super Liga,Vojvodina,2,4,4,1,1,4,1,4,1,1,2,7,7,9,4,12
Serbia - Super Liga,Vozdovac,1,2,1,2,1,1,1,6,1,2,1,4,3,5,3,12
Serbia - Super Liga,Z. Pancevo,0,5,1,2,0,3,3,6,2,1,4,4,1,10,9,11
Slovakia - Fortuna Liga,Banska Bystrica,4,2,3,1,5,1,2,4,4,3,3,0,12,4,9,7
Slovakia - Fortuna Liga,DAC Streda,1,1,3,2,2,2,0,0,1,4,2,0,6,5,3,4
Slovakia - Fortuna Liga,FC Kosice,2,6,0,3,2,3,1,1,1,3,2,5,4,12,4,9
Slovakia - Fortuna Liga,Podbrezova,0,1,2,4,4,4,2,2,2,3,8,2,6,9,12,7
Slovakia - Fortuna Liga,Ruzomberok,1,1,1,5,1,7,4,2,1,4,2,2,3,13,7,8
Slovakia - Fortuna Liga,S. Bratislava,2,2,4,1,4,0,6,2,3,2,3,0,10,3,12,4
Slovakia - Fortuna Liga,Skalica,3,2,0,2,0,0,2,3,2,2,0,5,3,4,4,10
Slovakia - Fortuna Liga,Spartak Trnava,3,0,1,1,2,3,5,2,3,1,1,2,6,4,9,5
Slovakia - Fortuna Liga,Trencin,1,1,1,2,3,3,1,3,1,1,4,2,5,6,6,6
Slovakia - Fortuna Liga,Z. Michalovce,1,2,1,6,1,3,1,2,1,2,2,4,3,11,4,8
Slovakia - Fortuna Liga,Zilina,1,0,3,0,1,1,3,2,2,3,1,3,5,1,6,8
Slovakia - Fortuna Liga,Zlate Moravce,2,3,1,3,0,3,0,4,0,2,1,3,3,9,1,9
South Africa - Premier Division ,AmaZulu,0,1,1,1,1,0,0,1,0,2,3,2,2,2,3,5
South Africa - Premier Division ,Cape Town City,1,2,1,0,4,1,3,1,0,2,1,2,6,3,4,5
South Africa - Premier Division ,Cape Town Spurs,1,4,1,3,2,2,0,0,0,3,2,6,4,9,2,9
South Africa - Premier Division ,Chippa Utd,0,0,0,1,2,1,0,1,1,1,1,3,2,2,2,5
South Africa - Premier Division ,Golden Arrows,0,1,1,4,2,1,2,1,0,0,3,2,3,6,5,3
South Africa - Premier Division ,Kaizer Chiefs,0,1,1,2,0,1,2,2,0,0,4,1,1,4,6,3
South Africa - Premier Division ,Mamelodi S.,4,0,1,0,4,0,2,0,0,1,0,0,9,0,2,1
South Africa - Premier Division ,Moroka Swallows,1,0,1,1,0,1,0,1,1,1,2,0,2,2,3,2
South Africa - Premier Division ,Orlando Pirates,1,1,3,0,1,4,1,1,0,2,0,0,5,5,1,3
South Africa - Premier Division ,Polokwane,1,2,2,1,1,2,1,0,1,2,0,2,4,5,2,4
South Africa - Premier Division ,Richards Bay,0,3,1,1,2,2,2,2,0,1,0,0,3,6,2,3
South Africa - Premier Division ,Royal AM,0,3,0,3,3,4,2,1,2,1,1,4,3,10,5,6
South Africa - Premier Division ,Sekhukhune,1,1,1,1,2,0,1,1,1,1,0,3,4,2,2,5
South Africa - Premier Division ,Stellenbosch,2,0,0,0,1,5,1,1,5,0,2,1,3,5,8,2
South Africa - Premier Division ,SuperSport Utd,1,2,3,1,1,3,1,1,0,2,6,3,5,6,7,6
South Africa - Premier Division ,TS Galaxy,0,1,0,2,0,1,0,0,1,3,1,0,0,4,2,3
South Korea - K League 1,Daegu,4,4,3,4,1,6,2,2,2,3,7,5,8,14,11,10
South Korea - K League 1,Daejeon Citizen,2,3,4,6,4,2,3,4,4,5,12,13,10,11,19,22
South Korea - K League 1,Gangwon,0,5,2,2,3,1,0,5,2,1,5,4,5,8,7,10
South Korea - K League 1,Gwangju,2,1,3,2,3,2,3,4,2,3,9,10,8,5,14,17
South Korea - K League 1,Incheon Utd,1,4,2,3,5,3,4,7,2,3,8,4,8,10,14,14
South Korea - K League 1,Jeju Utd,1,2,2,5,3,3,3,4,4,5,10,8,6,10,17,17
South Korea - K League 1,Jeonbuk Motors,3,1,2,2,2,4,3,2,4,3,4,6,7,7,11,11
South Korea - K League 1,Pohang Steelers,3,0,4,3,2,3,2,8,4,5,6,2,9,6,12,15
South Korea - K League 1,Seoul,3,3,2,5,2,4,9,2,7,5,9,8,7,12,25,15
South Korea - K League 1,Suwon Bluewings,0,4,3,6,5,8,7,4,2,3,3,6,8,18,12,13
South Korea - K League 1,Suwon City,1,5,1,7,5,6,4,8,3,5,4,7,7,18,11,20
South Korea - K League 1,Ulsan,4,3,5,1,3,4,4,2,3,4,7,8,12,8,14,14
South Korea - K League 2,Ansan Greeners,2,2,1,6,4,6,2,7,3,5,9,11,7,14,14,23
South Korea - K League 2,Anyang,5,2,2,4,4,5,6,4,6,5,7,11,11,11,19,20
South Korea - K League 2,Bucheon FC,2,2,4,3,2,4,5,2,4,5,4,5,8,9,13,12
South Korea - K League 2,Busan IPark,4,5,3,3,6,2,6,4,3,2,5,4,13,10,14,10
South Korea - K League 2,Cheonan City,1,4,2,4,2,5,3,5,3,4,5,9,5,13,11,18
South Korea - K League 2,Cheongju,4,1,3,3,2,7,2,1,3,5,5,5,9,11,10,11
South Korea - K League 2,Chungnam Asan,1,1,0,3,3,10,3,2,4,5,1,4,4,14,8,11
South Korea - K League 2,Gimcheon Sangmu,2,0,3,3,5,4,5,5,7,5,9,6,10,7,21,16
South Korea - K League 2,Gimpo,1,1,2,0,2,0,4,2,3,3,6,5,5,1,13,10
South Korea - K League 2,Gyeongnam,3,1,6,5,2,4,2,1,9,0,7,4,11,10,18,5
South Korea - K League 2,Jeonnam Dragons,2,4,6,2,1,7,1,4,4,3,9,13,9,13,14,20
South Korea - K League 2,Seongnam,2,1,2,4,3,5,2,4,6,3,6,9,7,10,14,16
South Korea - K League 2,Seoul E-Land,2,4,3,2,5,2,0,6,3,4,1,6,10,8,4,16
Spain - La Liga,Alaves,1,1,0,2,0,4,1,2,1,1,2,4,1,7,4,7
Spain - La Liga,Almeria,2,3,1,3,2,8,0,3,3,2,1,6,5,14,4,11
Spain - La Liga,Athletic Bilbao,3,0,5,1,0,0,0,3,1,1,2,3,8,1,3,7
Spain - La Liga,Atletico Madrid,2,2,3,2,2,2,1,3,3,2,5,1,7,6,9,6
Spain - La Liga,Cadiz,2,2,2,2,1,2,0,3,0,4,1,4,5,6,1,11
Spain - La Liga,Celta Vigo,0,1,3,1,2,3,2,3,2,1,3,7,5,5,7,11
Spain - La Liga,FC Barcelona,2,3,0,2,3,3,2,1,3,1,5,1,5,8,10,3
Spain - La Liga,Getafe,4,3,0,1,4,4,2,2,0,6,5,3,8,8,7,11
Spain - La Liga,Girona,1,2,3,2,5,1,3,2,4,1,5,3,9,5,12,6
Spain - La Liga,Granada,0,3,0,2,1,7,0,4,3,2,4,3,1,12,7,9
Spain - La Liga,Las Palmas,0,0,1,1,2,1,1,1,1,4,1,3,3,2,3,8
Spain - La Liga,Mallorca,1,3,0,2,2,3,1,2,1,4,4,2,3,8,6,8
Spain - La Liga,Osasuna,1,2,2,1,2,2,1,4,2,4,5,4,5,5,8,12
Spain - La Liga,Rayo Vallecano,0,0,4,1,1,0,1,3,1,2,2,2,5,1,4,7
Spain - La Liga,Real Betis,4,0,1,4,1,4,1,0,1,4,1,4,6,8,3,8
Spain - La Liga,Real Madrid,1,3,4,1,2,0,2,1,5,2,4,0,7,4,11,3
Spain - La Liga,Real Sociedad,1,1,0,1,6,1,0,2,3,0,2,3,7,3,5,5
Spain - La Liga,Sevilla FC,1,4,1,3,3,1,3,3,0,0,2,1,5,8,5,4
Spain - La Liga,Valencia,1,3,0,0,1,3,2,4,4,2,2,6,2,6,8,12
Spain - La Liga,Villarreal,2,1,4,6,0,3,1,2,2,3,1,2,6,10,4,7
Spain - La Liga 2,Albacete,1,1,1,6,0,2,2,4,3,4,2,2,2,9,7,10
Spain - La Liga 2,Alcorcon,1,0,2,2,4,4,0,6,2,5,3,3,7,6,5,14
Spain - La Liga 2,Amorebieta,1,2,1,2,3,3,1,6,1,3,0,7,5,7,2,16
Spain - La Liga 2,Burgos,2,3,0,2,3,4,2,3,4,5,2,4,5,9,8,12
Spain - La Liga 2,Cartagena,1,2,0,2,2,2,1,1,4,2,3,6,3,6,8,9
Spain - La Liga 2,Eibar,2,2,1,3,2,6,2,3,3,2,4,2,5,11,9,7
Spain - La Liga 2,Elche,2,2,1,1,1,7,4,0,1,2,0,4,4,10,5,6
Spain - La Liga 2,Eldense,3,2,0,2,3,3,1,5,1,2,4,2,6,7,6,9
Spain - La Liga 2,Espanyol,1,1,1,2,3,3,3,0,1,2,2,4,5,6,6,6
Spain - La Liga 2,FC Andorra,1,2,1,2,0,8,1,1,2,0,3,6,2,12,6,7
Spain - La Liga 2,Huesca,2,1,2,0,1,3,2,0,1,1,0,3,5,4,3,4
Spain - La Liga 2,Leganes,0,1,0,1,3,3,5,1,3,0,1,0,3,5,9,1
Spain - La Liga 2,Levante,1,0,3,0,2,3,1,2,2,4,1,1,6,3,4,7
Spain - La Liga 2,Mirandes,1,2,1,2,1,3,1,2,2,1,5,3,3,7,8,6
Spain - La Liga 2,Racing,1,4,2,2,3,3,4,2,2,4,2,3,6,9,8,9
Spain - La Liga 2,Racing Ferrol,2,1,1,3,5,2,2,4,0,2,1,1,8,6,3,7
Spain - La Liga 2,Real Oviedo,2,2,2,2,1,1,1,0,0,1,2,4,5,5,3,5
Spain - La Liga 2,Real Zaragoza,0,1,1,0,5,1,0,2,2,2,2,4,6,2,4,8
Spain - La Liga 2,Sporting Gijon,1,0,1,2,2,0,3,3,2,1,1,4,4,2,6,8
Spain - La Liga 2,Tenerife,2,1,0,3,2,0,3,4,2,4,2,4,4,4,7,12
Spain - La Liga 2,Valladolid,1,2,2,3,0,4,2,1,1,3,2,2,3,9,5,6
Spain - La Liga 2,Villarreal B,1,1,1,1,2,0,1,6,2,6,1,2,4,2,4,14
Sweden - Allsvenskan,AIK,3,5,2,4,3,3,2,3,1,4,2,5,8,12,5,12
Sweden - Allsvenskan,Brommapojkarna,1,4,3,4,2,5,5,4,3,4,8,9,6,13,16,17
Sweden - Allsvenskan,Degerfors,0,6,4,4,3,9,1,5,0,8,4,6,7,19,5,19
Sweden - Allsvenskan,Djurgarden,0,1,2,2,3,2,3,5,4,3,4,8,5,5,11,16
Sweden - Allsvenskan,Elfsborg,3,0,5,2,2,5,3,4,3,0,10,2,10,7,16,6
Sweden - Allsvenskan,Hacken,1,1,1,2,3,5,5,6,6,4,4,3,5,8,15,13
Sweden - Allsvenskan,Halmstad,1,4,1,4,4,1,4,4,2,6,4,8,6,9,10,18
Sweden - Allsvenskan,Hammarby,0,3,0,1,3,5,4,4,3,1,2,4,3,9,9,9
Sweden - Allsvenskan,IFK Goteborg,2,3,2,1,2,3,0,8,3,4,4,4,6,7,7,16
Sweden - Allsvenskan,Kalmar,4,3,4,3,4,5,1,5,3,4,1,2,12,11,5,11
Sweden - Allsvenskan,Malmo FF,4,2,4,2,3,4,4,2,3,1,6,5,11,8,13,8
Sweden - Allsvenskan,Mjallby,2,2,2,1,4,5,3,4,2,1,4,2,8,8,9,7
Sweden - Allsvenskan,Norrkoping,1,5,9,2,3,2,3,6,3,4,5,7,13,9,11,17
Sweden - Allsvenskan,Sirius,1,4,2,4,3,5,7,4,2,3,5,1,6,13,14,8
Sweden - Allsvenskan,Varberg BoIS,2,4,3,6,4,8,3,5,2,5,2,9,9,18,7,19
Sweden - Allsvenskan,Varnamo,2,3,7,3,2,6,3,3,3,4,7,2,11,12,13,9
Switzerland - Super League,BSC Young Boys,3,2,2,1,4,1,1,0,2,3,3,4,9,4,6,7
Switzerland - Super League,FC Basel,1,3,4,2,1,4,0,3,2,3,2,5,6,9,4,11
Switzerland - Super League,FC Zurich,3,0,0,1,4,1,3,0,2,2,3,4,7,2,8,6
Switzerland - Super League,Grasshopper,2,1,2,3,0,4,0,1,3,4,2,2,4,8,5,7
Switzerland - Super League,Lausanne Ouchy,2,1,2,2,1,6,0,2,2,2,2,5,5,9,4,9
Switzerland - Super League,Lausanne Sport,1,1,1,0,3,2,2,6,0,5,3,5,5,3,5,16
Switzerland - Super League,Lugano,2,0,1,4,0,3,4,1,6,5,5,6,3,7,15,12
Switzerland - Super League,Luzern,0,3,1,0,2,1,1,3,1,8,3,3,3,4,5,14
Switzerland - Super League,Servette,3,2,1,2,1,0,0,3,3,2,3,1,5,4,6,6
Switzerland - Super League,St. Gallen,0,2,1,3,0,3,3,3,1,3,4,0,1,8,8,6
Switzerland - Super League,Winterthur,4,5,0,3,3,4,3,4,1,1,7,10,7,12,11,15
Switzerland - Super League,Yverdon,1,1,0,8,1,3,2,2,2,3,2,3,2,12,6,8
Switzerland - Challenge League,Aarau,1,1,1,3,4,3,1,3,1,3,2,1,6,7,4,7
Switzerland - Challenge League,Baden,1,3,4,3,1,4,1,2,0,2,1,2,6,10,2,6
Switzerland - Challenge League,Bellinzona,0,3,1,0,2,2,3,2,0,1,4,2,3,5,7,5
Switzerland - Challenge League,Neuchatel Xamax,3,1,3,1,0,1,1,4,2,2,3,2,6,3,6,8
Switzerland - Challenge League,Schaffhausen,1,0,1,3,1,1,1,2,0,3,0,7,3,4,1,12
Switzerland - Challenge League,Sion,1,0,3,2,2,0,5,1,0,0,4,1,6,2,9,2
Switzerland - Challenge League,Stade Nyonnais,1,0,0,2,2,1,0,0,3,5,3,4,3,3,6,9
Switzerland - Challenge League,Thun,1,2,1,3,2,2,3,3,2,1,8,4,4,7,13,8
Switzerland - Challenge League,Vaduz,4,3,4,1,0,2,4,2,1,2,3,6,8,6,8,10
Switzerland - Challenge League,Wil,2,1,1,2,1,1,3,4,2,2,7,4,4,4,12,10
Thailand - Thai League 1,Bangkok Utd,1,0,1,0,1,0,1,0,1,1,6,1,3,0,8,2
Thailand - Thai League 1,Buriram Utd,3,0,1,1,0,1,1,1,2,1,1,4,4,2,4,6
Thailand - Thai League 1,Chiangrai Utd,2,0,1,2,3,3,0,1,0,0,1,4,6,5,1,5
Thailand - Thai League 1,Chonburi,0,5,2,2,4,3,1,2,2,3,3,1,6,10,6,6
Thailand - Thai League 1,Khon Kaen Utd,1,3,2,3,1,5,2,2,2,4,3,4,4,11,7,10
Thailand - Thai League 1,Lamphun Warrior,0,3,1,2,1,3,1,0,3,4,2,4,2,8,6,8
Thailand - Thai League 1,Muang Thong Utd,2,2,4,3,4,4,0,1,1,2,3,6,10,9,4,9
Thailand - Thai League 1,Nakhon Pathom,0,1,1,3,2,0,4,3,1,0,3,10,3,4,8,13
Thailand - Thai League 1,Pathum Utd,5,0,0,1,0,1,2,2,2,1,4,4,5,2,8,7
Thailand - Thai League 1,Police Tero,4,2,1,2,1,1,0,1,0,1,2,5,6,5,2,7
Thailand - Thai League 1,Port FC,1,2,3,2,3,2,3,1,1,2,4,0,7,6,8,3
Thailand - Thai League 1,Prachuap,2,1,0,2,1,2,0,2,1,1,3,6,3,5,4,9
Thailand - Thai League 1,Ratchaburi,2,2,0,1,2,2,0,1,1,2,1,6,4,5,2,9
Thailand - Thai League 1,Sukhothai,0,3,0,2,1,2,2,4,3,0,3,2,1,7,8,6
Thailand - Thai League 1,Trat,1,1,0,3,0,3,1,2,2,4,1,3,1,7,4,9
Thailand - Thai League 1,Uthai Thani,3,0,1,0,1,4,1,0,1,5,3,5,5,4,5,10
Turkey - Super Lig,Adana Demirspor,0,1,1,4,3,1,1,4,2,3,3,2,4,6,6,9
Turkey - Super Lig,Alanyaspor,0,1,0,1,1,2,0,3,0,3,4,2,1,4,4,8
Turkey - Super Lig,Ankaragucu,1,2,3,3,2,1,3,1,2,4,2,2,6,6,7,7
Turkey - Super Lig,Antalyaspor,2,2,1,2,2,3,3,1,2,3,3,1,5,7,8,5
Turkey - Super Lig,Basaksehir,2,3,0,3,1,2,1,1,0,0,1,3,3,8,2,4
Turkey - Super Lig,Besiktas,0,1,1,5,3,1,1,4,3,2,5,2,4,7,9,8
Turkey - Super Lig,F. Karagumruk,1,2,1,1,2,3,1,2,0,0,2,2,4,6,3,4
Turkey - Super Lig,Fenerbahce,3,0,1,1,4,1,2,1,3,1,5,0,8,2,10,2
Turkey - Super Lig,Galatasaray,1,1,1,0,2,0,2,1,4,1,2,0,4,1,8,2
Turkey - Super Lig,Gaziantep,1,4,2,2,3,2,3,0,0,3,2,4,6,8,5,7
Turkey - Super Lig,Hatayspor,1,3,1,1,1,1,4,0,0,1,2,4,3,5,6,5
Turkey - Super Lig,Istanbulspor,1,2,0,0,1,2,0,3,0,3,1,5,2,4,1,11
Turkey - Super Lig,Kasimpasa,2,1,0,3,2,2,2,3,0,2,4,2,4,6,6,7
Turkey - Super Lig,Kayserispor,1,0,1,0,3,2,3,5,0,4,2,2,5,2,5,11
Turkey - Super Lig,Konyaspor,0,1,2,2,2,1,3,3,0,1,1,5,4,4,4,9
Turkey - Super Lig,Pendikspor,1,4,1,2,4,4,1,5,1,2,3,4,6,10,5,11
Turkey - Super Lig,Rizespor,0,2,1,3,2,2,0,4,3,3,4,4,3,7,7,11
Turkey - Super Lig,Samsunspor,0,4,1,5,2,2,2,1,1,4,2,2,3,11,5,7
Turkey - Super Lig,Sivasspor,4,0,1,2,1,5,2,2,0,6,4,2,6,7,6,10
Turkey - Super Lig,Trabzonspor,3,1,1,3,4,1,4,0,3,3,3,6,8,5,10,9
UAE - Pro League,Ajman,2,2,2,3,5,4,0,1,3,2,2,3,9,9,5,6
UAE - Pro League,Al Ain,2,0,3,2,2,3,2,2,4,1,1,1,7,5,7,4
UAE - Pro League,Al Bataeh,1,0,0,3,3,0,1,1,0,1,1,3,4,3,2,5
UAE - Pro League,Al Jazira,2,0,2,1,1,2,1,0,4,1,4,2,5,3,9,3
UAE - Pro League,Al Khaleej,0,3,2,1,1,3,0,3,0,4,1,0,3,7,1,7
UAE - Pro League,Al Nasr,1,3,3,1,4,1,2,4,1,1,1,0,8,5,4,5
UAE - Pro League,Al Sharjah,1,0,2,3,7,4,1,1,1,1,4,0,10,7,6,2
UAE - Pro League,Al Wahda,2,1,3,2,1,2,2,1,1,1,1,3,6,5,4,5
UAE - Pro League,Al Wasl,5,1,4,2,3,0,2,2,2,2,3,2,12,3,7,6
UAE - Pro League,Bani Yas,1,3,2,0,0,5,0,1,1,2,2,2,3,8,3,5
UAE - Pro League,Emirates,0,4,0,0,1,2,1,5,1,2,2,4,1,6,4,11
UAE - Pro League,Hatta,3,1,1,2,0,3,2,2,0,2,2,1,4,6,4,5
UAE - Pro League,Ittihad Kalba,1,1,1,0,4,2,3,2,2,2,1,4,6,3,6,8
UAE - Pro League,Shabab Al Ahli,1,0,1,1,2,0,6,1,1,0,1,2,4,1,8,3
Ukraine - Premier League,Chornomorets,1,1,5,1,2,3,1,4,1,2,2,5,8,5,4,11
Ukraine - Premier League,Dnipro-1,2,2,3,0,2,2,4,1,0,1,1,2,7,4,5,4
Ukraine - Premier League,Dynamo Kyiv,3,1,3,1,2,1,3,3,1,3,3,2,8,3,7,8
Ukraine - Premier League,FC Minaj,1,0,0,4,1,1,0,0,1,4,0,4,2,5,1,8
Ukraine - Premier League,Kolos Kovalivka,0,0,0,1,2,0,0,1,1,1,1,1,2,1,2,3
Ukraine - Premier League,Kryvbas KR,2,2,0,1,5,1,2,1,3,0,3,0,7,4,8,1
Ukraine - Premier League,LNZ Cherkasy,1,0,0,1,1,1,2,0,0,1,4,4,2,2,6,5
Ukraine - Premier League,Metalist 1925,2,2,3,2,1,4,2,3,1,2,1,5,6,8,4,10
Ukraine - Premier League,Obolon,0,2,0,2,1,0,2,1,0,2,2,6,1,4,4,9
Ukraine - Premier League,Oleksandria,0,2,0,1,2,3,2,0,2,0,1,4,2,6,5,4
Ukraine - Premier League,Polessya,1,1,1,0,2,0,2,0,0,1,6,2,4,1,8,3
Ukraine - Premier League,Rukh Lviv,2,1,1,1,1,3,0,1,6,0,4,4,4,5,10,5
Ukraine - Premier League,Shakhtar,1,0,4,1,4,1,3,1,1,3,1,1,9,2,5,5
Ukraine - Premier League,Veres,0,3,0,1,1,1,0,0,0,3,1,2,1,5,1,5
Ukraine - Premier League,Vorskla Poltava,2,2,2,1,2,1,0,2,2,1,0,2,6,4,2,5
Ukraine - Premier League,Zorya Luhansk,2,2,3,4,3,2,0,0,2,2,3,2,8,8,5,4
USA - MLS,Atlanta Utd,6,4,1,2,3,9,4,5,5,5,5,7,10,15,14,17
USA - MLS,Austin,1,2,2,5,6,5,5,7,2,6,5,8,9,12,12,21
USA - MLS,CF Montreal,1,4,3,7,3,12,0,8,0,3,3,6,7,23,3,17
USA - MLS,Charlotte,1,2,7,2,2,8,7,7,2,5,2,7,10,12,11,19
USA - MLS,Chicago Fire,2,3,3,5,1,6,1,1,2,5,4,9,6,14,7,15
USA - MLS,Cincinnati,1,5,1,5,4,9,4,4,5,1,9,2,6,19,18,7
USA - MLS,Colorado Rapids,2,5,1,10,2,6,2,3,2,5,4,9,5,21,8,17
USA - MLS,Columbus Crew,2,1,6,5,5,3,5,7,6,4,2,12,13,9,13,23
USA - MLS,Dallas,3,1,3,3,3,8,1,4,3,2,5,3,9,12,9,9
USA - MLS,DC United,2,5,1,4,0,5,3,4,3,5,5,3,3,14,11,12
USA - MLS,Houston Dynamo,4,5,3,3,3,3,1,7,3,3,1,6,10,11,5,16
USA - MLS,Inter Miami,2,3,1,2,2,10,6,5,1,8,4,5,5,15,11,18
USA - MLS,LA Galaxy,0,4,2,4,5,10,4,4,5,10,4,6,7,18,13,20
USA - MLS,Los Angeles FC,2,2,3,5,3,2,4,4,4,4,2,5,8,9,10,13
USA - MLS,Minnesota Utd,3,4,4,7,4,4,4,5,1,3,6,8,11,15,11,16
USA - MLS,Nashville SC,1,2,2,5,2,3,1,3,4,2,4,4,5,10,9,9
USA - MLS,New England,2,3,4,3,3,6,3,6,3,4,6,8,9,12,12,18
USA - MLS,New York City,1,4,0,1,3,4,3,4,1,4,4,6,4,9,8,14
USA - MLS,New York RB,2,2,2,7,4,3,3,4,0,3,4,3,8,12,7,10
USA - MLS,Orlando City,2,0,3,3,2,4,6,4,6,4,5,5,7,7,17,13
USA - MLS,Philadelphia,2,5,2,4,8,4,6,5,3,4,3,6,12,13,12,15
USA - MLS,Portland,2,5,0,4,2,10,2,3,5,9,6,5,4,19,13,17
USA - MLS,Real Salt Lake,3,6,2,3,4,6,3,3,7,2,4,3,9,15,14,8
USA - MLS,Seattle,1,3,4,3,4,1,6,3,2,6,5,5,9,7,13,14
USA - MLS,SJ Earthquakes,2,4,2,0,2,7,4,5,1,2,3,9,6,11,8,16
USA - MLS,Sporting KC,5,3,4,6,2,5,1,4,1,5,5,7,11,14,7,16
USA - MLS,St. Louis City,1,2,3,0,3,5,4,5,5,6,5,10,7,7,14,21
USA - MLS,Toronto,1,3,0,5,0,7,2,9,2,4,2,9,1,15,6,22
USA - MLS,Vancouver,4,3,6,1,1,8,3,8,2,5,4,4,11,12,9,17
USL Championship,Birmingham L.,0,5,3,5,7,6,5,2,0,7,4,5,10,16,9,14
USL Championship,Charleston,2,3,3,2,3,6,3,2,6,6,8,3,8,11,17,11
USL Championship,Colorado S.,6,3,2,3,3,6,3,3,2,1,4,8,11,12,9,12
USL Championship,Detroit City,3,5,2,2,6,8,2,3,2,2,1,7,11,15,5,12
USL Championship,El Paso,9,3,2,3,3,6,2,4,5,5,1,7,14,12,8,16
USL Championship,FC Tulsa,5,5,2,8,3,2,2,3,3,5,6,6,10,15,11,14
USL Championship,Hartford A.,5,4,4,5,7,8,2,4,3,7,2,13,16,17,7,24
USL Championship,Indy Eleven,4,3,0,3,2,3,5,4,9,2,7,6,6,9,21,12
USL Championship,Las Vegas L.,4,2,3,4,2,9,2,5,2,5,3,5,9,15,7,15
USL Championship,Loudoun Utd,4,1,1,4,4,6,1,5,2,5,3,11,9,11,6,21
USL Championship,Louisville City,3,4,2,4,2,5,7,2,2,5,4,4,7,13,13,11
USL Championship,Memphis,1,4,3,3,5,5,4,6,7,4,5,3,9,12,16,13
USL Championship,Miami FC,4,4,1,3,4,3,2,3,2,7,4,4,9,10,8,14
USL Championship,Monterey Bay,1,2,4,4,4,3,1,7,5,5,2,8,9,9,8,20
USL Championship,New Mexico,4,2,0,3,3,5,4,3,1,9,9,4,7,10,14,16
USL Championship,Oakland Roots,6,4,0,5,6,5,2,10,7,2,6,4,12,14,15,16
USL Championship,Orange County,3,3,4,5,5,4,3,3,1,7,9,3,12,12,13,13
USL Championship,Phoenix Rising,0,3,1,5,3,5,4,6,3,2,5,2,4,13,12,10
USL Championship,Pittsburgh,3,2,3,1,1,4,1,1,7,1,3,7,7,7,11,9
USL Championship,Rio Grande,2,5,5,3,3,8,1,2,2,3,6,2,10,16,9,7
USL Championship,Sacramento R.,1,2,2,2,8,4,3,4,2,3,4,2,11,8,9,9
USL Championship,San Antonio,5,6,4,4,3,3,6,0,4,3,8,2,12,13,18,5
USL Championship,San Diego Loyal,3,5,3,3,8,4,2,2,4,5,9,4,14,12,15,11
USL Championship,Tampa Bay,2,4,3,4,4,2,4,4,4,1,9,5,9,10,17,10
USA - USL League One,Central Valley,1,7,1,4,4,9,5,5,4,2,6,5,6,20,15,12
USA - USL League One,Charlotte,4,2,4,2,3,8,2,5,6,5,3,8,11,12,11,18
USA - USL League One,Chattanooga RW,3,7,1,6,2,7,3,2,3,9,3,8,6,20,9,19
USA - USL League One,Forward Madison,5,1,4,4,2,6,2,5,3,4,2,3,11,11,7,12
USA - USL League One,Greenville,1,3,2,3,6,3,5,6,3,3,5,2,9,9,13,11
USA - USL League One,Lexington,2,3,3,5,3,5,1,11,6,2,7,7,8,13,14,20
USA - USL League One,N. Colorado,4,1,4,3,5,5,5,3,2,1,5,5,13,9,12,9
USA - USL League One,North Carolina,4,2,5,0,10,6,6,1,1,4,5,6,19,8,12,11
USA - USL League One,One Knoxville,2,2,3,2,1,4,3,4,4,2,4,3,6,8,11,9
USA - USL League One,Richmond K.,3,5,3,2,6,3,4,5,1,6,3,8,12,10,8,19
USA - USL League One,Tormenta,3,4,4,2,4,5,8,5,6,5,7,4,11,11,21,14
USA - USL League One,Union Omaha,3,4,2,0,8,5,1,2,5,2,4,6,13,9,10,10
Vietnam - V League,Binh Dinh,0,0,2,0,2,0,0,0,2,0,1,1,4,0,3,1
Vietnam - V League,Binh Duong,0,1,2,1,0,0,0,1,1,0,2,1,2,2,3,2
Vietnam - V League,Cong An Nhan,2,0,1,1,0,2,2,1,2,1,0,2,3,3,4,4
Vietnam - V League,Gia Lai,0,1,0,2,0,3,0,0,1,0,1,2,0,6,2,2
Vietnam - V League,Ha Noi,1,0,0,2,1,2,0,0,1,0,0,0,2,4,1,0
Vietnam - V League,Hai Phong,1,1,0,0,0,3,1,1,0,0,4,2,1,4,5,3
Vietnam - V League,Ho Chi Minh,0,1,1,0,1,0,0,1,0,1,1,1,2,1,1,3
Vietnam - V League,Hong Linh Ha T.,1,0,2,1,0,1,0,0,1,2,0,1,3,2,1,3
Vietnam - V League,Nam Dinh,2,1,1,1,2,1,2,2,1,1,1,1,5,3,4,4
Vietnam - V League,Quang Nam,1,1,0,2,1,0,2,2,0,0,1,1,2,3,3,3
Vietnam - V League,S. Khanh Hoa,2,0,0,1,0,0,0,1,0,2,0,1,2,1,0,4
Vietnam - V League,Song Lam Nghe,1,1,0,1,0,2,1,0,0,1,1,2,1,4,2,3
Vietnam - V League,Thanh Hoa,2,0,1,0,1,0,0,0,3,3,1,1,4,0,4,4
Vietnam - V League,Viettel,1,1,2,2,0,3,1,1,0,2,0,2,3,6,1,5
